Copyright 1986-2022 Xilinx, Inc. All Rights Reserved. Copyright 2022-2025 Advanced Micro Devices, Inc. All Rights Reserved.
------------------------------------------------------------------------------------------------------------------------------------------------------------------------------
| Tool Version : Vivado v.2025.2 (win64) Build 6299465 Fri Nov 14 19:35:11 GMT 2025
| Date         : Fri Oct  2 20:52:34 2026
| Host         : LAPTOP-V3PP2F49 running 64-bit major release  (build 9200)
| Command      : report_timing_summary -delay_type min_max -report_unconstrained -check_timing_verbose -file D:/codex_project/sonofield/v3/evidence/task001b/slave/timing.rpt
| Design       : ebaz_slave_serializer_prepcb
| Device       : 7z010-clg400
| Speed File   : -1  PRODUCTION 1.12 2019-11-22
| Design State : Routed
------------------------------------------------------------------------------------------------------------------------------------------------------------------------------

Timing Summary Report

------------------------------------------------------------------------------------------------
| Timer Settings
| --------------
------------------------------------------------------------------------------------------------

  Enable Multi Corner Analysis               :  Yes
  Enable Pessimism Removal                   :  Yes
  Pessimism Removal Resolution               :  Nearest Common Node
  Enable Input Delay Default Clock           :  No
  Enable Preset / Clear Arcs                 :  No
  Disable Flight Delays                      :  No
  Ignore I/O Paths                           :  No
  Timing Early Launch at Borrowing Latches   :  No
  Borrow Time for Max Delay Exceptions       :  Yes
  Merge Timing Exceptions                    :  Yes
  Inter-SLR Compensation                     :  Conservative

  Corner  Analyze    Analyze    
  Name    Max Paths  Min Paths  
  ------  ---------  ---------  
  Slow    Yes        Yes        
  Fast    Yes        Yes        


------------------------------------------------------------------------------------------------
| Report Methodology
| ------------------
------------------------------------------------------------------------------------------------

No report available as report_methodology has not been run prior. Run report_methodology on the current design for the summary of methodology violations.



check_timing report

Table of Contents
-----------------
1. checking no_clock (0)
2. checking constant_clock (0)
3. checking pulse_width_clock (0)
4. checking unconstrained_internal_endpoints (0)
5. checking no_input_delay (0)
6. checking no_output_delay (0)
7. checking multiple_clock (0)
8. checking generated_clocks (0)
9. checking loops (0)
10. checking partial_input_delay (0)
11. checking partial_output_delay (0)
12. checking latch_loops (0)

1. checking no_clock (0)
------------------------
 There are 0 register/latch pins with no clock.


2. checking constant_clock (0)
------------------------------
 There are 0 register/latch pins with constant_clock.


3. checking pulse_width_clock (0)
---------------------------------
 There are 0 register/latch pins which need pulse_width check


4. checking unconstrained_internal_endpoints (0)
------------------------------------------------
 There are 0 pins that are not constrained for maximum delay.

 There are 0 pins that are not constrained for maximum delay due to constant clock.


5. checking no_input_delay (0)
------------------------------
 There are 0 input ports with no input delay specified.

 There are 0 input ports with no input delay but user has a false path constraint.


6. checking no_output_delay (0)
-------------------------------
 There are 0 ports with no output delay specified.

 There are 0 ports with no output delay but user has a false path constraint

 There are 0 ports with no output delay but with a timing clock defined on it or propagating through it


7. checking multiple_clock (0)
------------------------------
 There are 0 register/latch pins with multiple clocks.


8. checking generated_clocks (0)
--------------------------------
 There are 0 generated clocks that are not connected to a clock source.


9. checking loops (0)
---------------------
 There are 0 combinational loops in the design.


10. checking partial_input_delay (0)
------------------------------------
 There are 0 input ports with partial input delay specified.


11. checking partial_output_delay (0)
-------------------------------------
 There are 0 ports with partial output delay specified.


12. checking latch_loops (0)
----------------------------
 There are 0 combinational latch loops in the design through latch input



------------------------------------------------------------------------------------------------
| Design Timing Summary
| ---------------------
------------------------------------------------------------------------------------------------

    WNS(ns)      TNS(ns)  TNS Failing Endpoints  TNS Total Endpoints      WHS(ns)      THS(ns)  THS Failing Endpoints  THS Total Endpoints     WPWS(ns)     TPWS(ns)  TPWS Failing Endpoints  TPWS Total Endpoints  
    -------      -------  ---------------------  -------------------      -------      -------  ---------------------  -------------------     --------     --------  ----------------------  --------------------  
      0.430        0.000                      0                 6038        0.015        0.000                      0                 6022        7.000        0.000                       0                  3022  


All user specified timing constraints are met.


------------------------------------------------------------------------------------------------
| Clock Summary
| -------------
------------------------------------------------------------------------------------------------

Clock                                                                                       Waveform(ns)       Period(ns)      Frequency(MHz)
-----                                                                                       ------------       ----------      --------------
dbg_hub/inst/BSCANID.u_xsdbm_id/SWITCH_N_EXT_BSCAN.bscan_inst/SERIES7_BSCAN.bscan_inst/TCK  {0.000 16.500}     33.000          30.303          
local50                                                                                     {0.000 10.000}     20.000          50.000          
received50                                                                                  {0.000 10.000}     20.000          50.000          
  g_hw.feedback                                                                             {0.000 10.000}     20.000          50.000          
  g_hw.mmcm_clk                                                                             {0.000 10.000}     20.000          50.000          


------------------------------------------------------------------------------------------------
| Intra Clock Table
| -----------------
------------------------------------------------------------------------------------------------

Clock                                                                                           WNS(ns)      TNS(ns)  TNS Failing Endpoints  TNS Total Endpoints      WHS(ns)      THS(ns)  THS Failing Endpoints  THS Total Endpoints     WPWS(ns)     TPWS(ns)  TPWS Failing Endpoints  TPWS Total Endpoints  
-----                                                                                           -------      -------  ---------------------  -------------------      -------      -------  ---------------------  -------------------     --------     --------  ----------------------  --------------------  
dbg_hub/inst/BSCANID.u_xsdbm_id/SWITCH_N_EXT_BSCAN.bscan_inst/SERIES7_BSCAN.bscan_inst/TCK       25.243        0.000                      0                  928        0.093        0.000                      0                  928       15.250        0.000                       0                   483  
local50                                                                                          12.683        0.000                      0                   36        0.062        0.000                      0                   36        9.500        0.000                       0                    15  
received50                                                                                                                                                                                                                                    7.000        0.000                       0                     1  
  g_hw.feedback                                                                                                                                                                                                                              17.845        0.000                       0                     3  
  g_hw.mmcm_clk                                                                                   8.526        0.000                      0                 4656        0.015        0.000                      0                 4656        8.750        0.000                       0                  2520  


------------------------------------------------------------------------------------------------
| Inter Clock Table
| -----------------
------------------------------------------------------------------------------------------------

From Clock                                                                                  To Clock                                                                                        WNS(ns)      TNS(ns)  TNS Failing Endpoints  TNS Total Endpoints      WHS(ns)      THS(ns)  THS Failing Endpoints  THS Total Endpoints  
----------                                                                                  --------                                                                                        -------      -------  ---------------------  -------------------      -------      -------  ---------------------  -------------------  
g_hw.mmcm_clk                                                                               dbg_hub/inst/BSCANID.u_xsdbm_id/SWITCH_N_EXT_BSCAN.bscan_inst/SERIES7_BSCAN.bscan_inst/TCK       18.579        0.000                      0                    8                                                                        
g_hw.mmcm_clk                                                                               local50                                                                                          14.918        0.000                      0                    1        1.206        0.000                      0                    1  
local50                                                                                     received50                                                                                        0.929        0.000                      0                    4        4.686        0.000                      0                    4  
g_hw.mmcm_clk                                                                               received50                                                                                        6.106        0.000                      0                   23        2.107        0.000                      0                   23  
dbg_hub/inst/BSCANID.u_xsdbm_id/SWITCH_N_EXT_BSCAN.bscan_inst/SERIES7_BSCAN.bscan_inst/TCK  g_hw.mmcm_clk                                                                                    31.482        0.000                      0                    8                                                                        
local50                                                                                     g_hw.mmcm_clk                                                                                    10.995        0.000                      0                    1        2.451        0.000                      0                    1  
received50                                                                                  g_hw.mmcm_clk                                                                                     0.430        0.000                      0                  281       11.402        0.000                      0                  281  


------------------------------------------------------------------------------------------------
| Other Path Groups Table
| -----------------------
------------------------------------------------------------------------------------------------

Path Group                                                                                  From Clock                                                                                  To Clock                                                                                        WNS(ns)      TNS(ns)  TNS Failing Endpoints  TNS Total Endpoints      WHS(ns)      THS(ns)  THS Failing Endpoints  THS Total Endpoints  
----------                                                                                  ----------                                                                                  --------                                                                                        -------      -------  ---------------------  -------------------      -------      -------  ---------------------  -------------------  
**async_default**                                                                           dbg_hub/inst/BSCANID.u_xsdbm_id/SWITCH_N_EXT_BSCAN.bscan_inst/SERIES7_BSCAN.bscan_inst/TCK  dbg_hub/inst/BSCANID.u_xsdbm_id/SWITCH_N_EXT_BSCAN.bscan_inst/SERIES7_BSCAN.bscan_inst/TCK       27.492        0.000                      0                  100        0.351        0.000                      0                  100  
**async_default**                                                                           g_hw.mmcm_clk                                                                               g_hw.mmcm_clk                                                                                    11.526        0.000                      0                  266        0.153        0.000                      0                  266  
**async_default**                                                                           local50                                                                                     g_hw.mmcm_clk                                                                                     6.718        0.000                      0                    6        2.996        0.000                      0                    6  
**async_default**                                                                           received50                                                                                  g_hw.mmcm_clk                                                                                    10.341        0.000                      0                    3        1.812        0.000                      0                    3  


------------------------------------------------------------------------------------------------
| User Ignored Path Table
| -----------------------
------------------------------------------------------------------------------------------------

Path Group                                                                                  From Clock                                                                                  To Clock                                                                                  
----------                                                                                  ----------                                                                                  --------                                                                                  
(none)                                                                                      g_hw.mmcm_clk                                                                               dbg_hub/inst/BSCANID.u_xsdbm_id/SWITCH_N_EXT_BSCAN.bscan_inst/SERIES7_BSCAN.bscan_inst/TCK  
(none)                                                                                      dbg_hub/inst/BSCANID.u_xsdbm_id/SWITCH_N_EXT_BSCAN.bscan_inst/SERIES7_BSCAN.bscan_inst/TCK  g_hw.mmcm_clk                                                                               
(none)                                                                                      g_hw.mmcm_clk                                                                               g_hw.mmcm_clk                                                                               


------------------------------------------------------------------------------------------------
| Unconstrained Path Table
| ------------------------
------------------------------------------------------------------------------------------------

Path Group                                                                                  From Clock                                                                                  To Clock                                                                                  
----------                                                                                  ----------                                                                                  --------                                                                                  
(none)                                                                                                                                                                                  dbg_hub/inst/BSCANID.u_xsdbm_id/SWITCH_N_EXT_BSCAN.bscan_inst/SERIES7_BSCAN.bscan_inst/TCK  
(none)                                                                                                                                                                                  g_hw.mmcm_clk                                                                               


------------------------------------------------------------------------------------------------
| Timing Details
| --------------
------------------------------------------------------------------------------------------------


---------------------------------------------------------------------------------------------------
From Clock:  dbg_hub/inst/BSCANID.u_xsdbm_id/SWITCH_N_EXT_BSCAN.bscan_inst/SERIES7_BSCAN.bscan_inst/TCK
  To Clock:  dbg_hub/inst/BSCANID.u_xsdbm_id/SWITCH_N_EXT_BSCAN.bscan_inst/SERIES7_BSCAN.bscan_inst/TCK

Setup :            0  Failing Endpoints,  Worst Slack       25.243ns,  Total Violation        0.000ns
Hold  :            0  Failing Endpoints,  Worst Slack        0.093ns,  Total Violation        0.000ns
PW    :            0  Failing Endpoints,  Worst Slack       15.250ns,  Total Violation        0.000ns
---------------------------------------------------------------------------------------------------


Max Delay Paths
--------------------------------------------------------------------------------------
Slack (MET) :             25.243ns  (required time - arrival time)
  Source:                 dbg_hub/inst/BSCANID.u_xsdbm_id/SWITCH_N_EXT_BSCAN.bscan_switch/state_reg[0]/C
                            (rising edge-triggered cell FDRE clocked by dbg_hub/inst/BSCANID.u_xsdbm_id/SWITCH_N_EXT_BSCAN.bscan_inst/SERIES7_BSCAN.bscan_inst/TCK  {rise@0.000ns fall@16.500ns period=33.000ns})
  Destination:            dbg_hub/inst/BSCANID.u_xsdbm_id/SWITCH_N_EXT_BSCAN.bscan_switch/portno_temp_reg[5]/D
                            (rising edge-triggered cell FDRE clocked by dbg_hub/inst/BSCANID.u_xsdbm_id/SWITCH_N_EXT_BSCAN.bscan_inst/SERIES7_BSCAN.bscan_inst/TCK  {rise@0.000ns fall@16.500ns period=33.000ns})
  Path Group:             dbg_hub/inst/BSCANID.u_xsdbm_id/SWITCH_N_EXT_BSCAN.bscan_inst/SERIES7_BSCAN.bscan_inst/TCK
  Path Type:              Setup (Max at Slow Process Corner)
  Requirement:            33.000ns  (dbg_hub/inst/BSCANID.u_xsdbm_id/SWITCH_N_EXT_BSCAN.bscan_inst/SERIES7_BSCAN.bscan_inst/TCK rise@33.000ns - dbg_hub/inst/BSCANID.u_xsdbm_id/SWITCH_N_EXT_BSCAN.bscan_inst/SERIES7_BSCAN.bscan_inst/TCK rise@0.000ns)
  Data Path Delay:        7.569ns  (logic 2.192ns (28.962%)  route 5.377ns (71.038%))
  Logic Levels:           6  (CARRY4=2 LUT3=1 LUT4=1 LUT5=1 LUT6=1)
  Clock Path Skew:        -0.184ns (DCD - SCD + CPR)
    Destination Clock Delay (DCD):    3.176ns = ( 36.176 - 33.000 ) 
    Source Clock Delay      (SCD):    3.642ns
    Clock Pessimism Removal (CPR):    0.281ns
  Clock Uncertainty:      0.035ns  ((TSJ^2 + TIJ^2)^1/2 + DJ) / 2 + PE
    Total System Jitter     (TSJ):    0.071ns
    Total Input Jitter      (TIJ):    0.000ns
    Discrete Jitter          (DJ):    0.000ns
    Phase Error              (PE):    0.000ns

    Location             Delay type                Incr(ns)  Path(ns)    Netlist Resource(s)
  -------------------------------------------------------------------    -------------------
                         (clock dbg_hub/inst/BSCANID.u_xsdbm_id/SWITCH_N_EXT_BSCAN.bscan_inst/SERIES7_BSCAN.bscan_inst/TCK rise edge)
                                                      0.000     0.000 r  
    BSCAN_X0Y0           BSCANE2                      0.000     0.000 r  dbg_hub/inst/BSCANID.u_xsdbm_id/SWITCH_N_EXT_BSCAN.bscan_inst/SERIES7_BSCAN.bscan_inst/TCK
                         net (fo=1, routed)           1.867     1.867    dbg_hub/inst/BSCANID.u_xsdbm_id/tck_bs
    BUFGCTRL_X0Y1        BUFG (Prop_bufg_I_O)         0.101     1.968 r  dbg_hub/inst/BSCANID.u_xsdbm_id/SWITCH_N_EXT_BSCAN.u_bufg_icon_tck/O
                         net (fo=482, routed)         1.674     3.642    dbg_hub/inst/BSCANID.u_xsdbm_id/SWITCH_N_EXT_BSCAN.bscan_switch/s_bscan_tck
    SLICE_X26Y49         FDRE                                         r  dbg_hub/inst/BSCANID.u_xsdbm_id/SWITCH_N_EXT_BSCAN.bscan_switch/state_reg[0]/C
  -------------------------------------------------------------------    -------------------
    SLICE_X26Y49         FDRE (Prop_fdre_C_Q)         0.419     4.061 f  dbg_hub/inst/BSCANID.u_xsdbm_id/SWITCH_N_EXT_BSCAN.bscan_switch/state_reg[0]/Q
                         net (fo=50, routed)          1.923     5.983    dbg_hub/inst/BSCANID.u_xsdbm_id/SWITCH_N_EXT_BSCAN.bscan_switch/state[0]
    SLICE_X22Y51         LUT4 (Prop_lut4_I1_O)        0.327     6.310 r  dbg_hub/inst/BSCANID.u_xsdbm_id/SWITCH_N_EXT_BSCAN.bscan_switch/curid_inferred_i_24/O
                         net (fo=2, routed)           1.019     7.329    dbg_hub/inst/BSCANID.u_xsdbm_id/SWITCH_N_EXT_BSCAN.bscan_switch/curid[8]
    SLICE_X20Y50         LUT6 (Prop_lut6_I3_O)        0.332     7.661 r  dbg_hub/inst/BSCANID.u_xsdbm_id/SWITCH_N_EXT_BSCAN.bscan_switch/state_temp[0]_i_12/O
                         net (fo=1, routed)           0.000     7.661    dbg_hub/inst/BSCANID.u_xsdbm_id/SWITCH_N_EXT_BSCAN.bscan_switch/state_temp[0]_i_12_n_0
    SLICE_X20Y50         CARRY4 (Prop_carry4_S[0]_CO[3])
                                                      0.513     8.174 r  dbg_hub/inst/BSCANID.u_xsdbm_id/SWITCH_N_EXT_BSCAN.bscan_switch/state_temp_reg[0]_i_4/CO[3]
                         net (fo=1, routed)           0.000     8.174    dbg_hub/inst/BSCANID.u_xsdbm_id/SWITCH_N_EXT_BSCAN.bscan_switch/state_temp_reg[0]_i_4_n_0
    SLICE_X20Y51         CARRY4 (Prop_carry4_CI_CO[3])
                                                      0.117     8.291 r  dbg_hub/inst/BSCANID.u_xsdbm_id/SWITCH_N_EXT_BSCAN.bscan_switch/state_temp_reg[0]_i_3/CO[3]
                         net (fo=4, routed)           1.390     9.681    dbg_hub/inst/BSCANID.u_xsdbm_id/SWITCH_N_EXT_BSCAN.bscan_switch/state_temp_reg[0]_i_3_n_0
    SLICE_X26Y50         LUT5 (Prop_lut5_I1_O)        0.152     9.833 r  dbg_hub/inst/BSCANID.u_xsdbm_id/SWITCH_N_EXT_BSCAN.bscan_switch/portno_temp[5]_i_2/O
                         net (fo=7, routed)           1.045    10.878    dbg_hub/inst/BSCANID.u_xsdbm_id/SWITCH_N_EXT_BSCAN.bscan_switch/portno_temp[5]_i_2_n_0
    SLICE_X27Y51         LUT3 (Prop_lut3_I1_O)        0.332    11.210 r  dbg_hub/inst/BSCANID.u_xsdbm_id/SWITCH_N_EXT_BSCAN.bscan_switch/portno_temp[5]_i_1/O
                         net (fo=1, routed)           0.000    11.210    dbg_hub/inst/BSCANID.u_xsdbm_id/SWITCH_N_EXT_BSCAN.bscan_switch/portno_temp[5]_i_1_n_0
    SLICE_X27Y51         FDRE                                         r  dbg_hub/inst/BSCANID.u_xsdbm_id/SWITCH_N_EXT_BSCAN.bscan_switch/portno_temp_reg[5]/D
  -------------------------------------------------------------------    -------------------

                         (clock dbg_hub/inst/BSCANID.u_xsdbm_id/SWITCH_N_EXT_BSCAN.bscan_inst/SERIES7_BSCAN.bscan_inst/TCK rise edge)
                                                     33.000    33.000 r  
    BSCAN_X0Y0           BSCANE2                      0.000    33.000 r  dbg_hub/inst/BSCANID.u_xsdbm_id/SWITCH_N_EXT_BSCAN.bscan_inst/SERIES7_BSCAN.bscan_inst/TCK
                         net (fo=1, routed)           1.596    34.596    dbg_hub/inst/BSCANID.u_xsdbm_id/tck_bs
    BUFGCTRL_X0Y1        BUFG (Prop_bufg_I_O)         0.091    34.687 r  dbg_hub/inst/BSCANID.u_xsdbm_id/SWITCH_N_EXT_BSCAN.u_bufg_icon_tck/O
                         net (fo=482, routed)         1.490    36.176    dbg_hub/inst/BSCANID.u_xsdbm_id/SWITCH_N_EXT_BSCAN.bscan_switch/s_bscan_tck
    SLICE_X27Y51         FDRE                                         r  dbg_hub/inst/BSCANID.u_xsdbm_id/SWITCH_N_EXT_BSCAN.bscan_switch/portno_temp_reg[5]/C
                         clock pessimism              0.281    36.457    
                         clock uncertainty           -0.035    36.422    
    SLICE_X27Y51         FDRE (Setup_fdre_C_D)        0.031    36.453    dbg_hub/inst/BSCANID.u_xsdbm_id/SWITCH_N_EXT_BSCAN.bscan_switch/portno_temp_reg[5]
  -------------------------------------------------------------------
                         required time                         36.453    
                         arrival time                         -11.210    
  -------------------------------------------------------------------
                         slack                                 25.243    





Min Delay Paths
--------------------------------------------------------------------------------------
Slack (MET) :             0.093ns  (arrival time - required time)
  Source:                 dbg_hub/inst/BSCANID.u_xsdbm_id/CORE_XSDB.UUT_MASTER/U_ICON_INTERFACE/U_CMD4/icn_cmd_en_temp_reg/C
                            (rising edge-triggered cell FDRE clocked by dbg_hub/inst/BSCANID.u_xsdbm_id/SWITCH_N_EXT_BSCAN.bscan_inst/SERIES7_BSCAN.bscan_inst/TCK  {rise@0.000ns fall@16.500ns period=33.000ns})
  Destination:            dbg_hub/inst/BSCANID.u_xsdbm_id/CORE_XSDB.UUT_MASTER/U_ICON_INTERFACE/U_CMD4/shift_reg_in_reg[20]/CE
                            (rising edge-triggered cell FDRE clocked by dbg_hub/inst/BSCANID.u_xsdbm_id/SWITCH_N_EXT_BSCAN.bscan_inst/SERIES7_BSCAN.bscan_inst/TCK  {rise@0.000ns fall@16.500ns period=33.000ns})
  Path Group:             dbg_hub/inst/BSCANID.u_xsdbm_id/SWITCH_N_EXT_BSCAN.bscan_inst/SERIES7_BSCAN.bscan_inst/TCK
  Path Type:              Hold (Min at Fast Process Corner)
  Requirement:            0.000ns  (dbg_hub/inst/BSCANID.u_xsdbm_id/SWITCH_N_EXT_BSCAN.bscan_inst/SERIES7_BSCAN.bscan_inst/TCK rise@0.000ns - dbg_hub/inst/BSCANID.u_xsdbm_id/SWITCH_N_EXT_BSCAN.bscan_inst/SERIES7_BSCAN.bscan_inst/TCK rise@0.000ns)
  Data Path Delay:        0.267ns  (logic 0.128ns (47.907%)  route 0.139ns (52.093%))
  Logic Levels:           0  
  Clock Path Skew:        0.266ns (DCD - SCD - CPR)
    Destination Clock Delay (DCD):    1.718ns
    Source Clock Delay      (SCD):    1.327ns
    Clock Pessimism Removal (CPR):    0.124ns

    Location             Delay type                Incr(ns)  Path(ns)    Netlist Resource(s)
  -------------------------------------------------------------------    -------------------
                         (clock dbg_hub/inst/BSCANID.u_xsdbm_id/SWITCH_N_EXT_BSCAN.bscan_inst/SERIES7_BSCAN.bscan_inst/TCK rise edge)
                                                      0.000     0.000 r  
    BSCAN_X0Y0           BSCANE2                      0.000     0.000 r  dbg_hub/inst/BSCANID.u_xsdbm_id/SWITCH_N_EXT_BSCAN.bscan_inst/SERIES7_BSCAN.bscan_inst/TCK
                         net (fo=1, routed)           0.745     0.745    dbg_hub/inst/BSCANID.u_xsdbm_id/tck_bs
    BUFGCTRL_X0Y1        BUFG (Prop_bufg_I_O)         0.026     0.771 r  dbg_hub/inst/BSCANID.u_xsdbm_id/SWITCH_N_EXT_BSCAN.u_bufg_icon_tck/O
                         net (fo=482, routed)         0.557     1.327    dbg_hub/inst/BSCANID.u_xsdbm_id/CORE_XSDB.UUT_MASTER/U_ICON_INTERFACE/U_CMD4/m_bscan_tck[0]
    SLICE_X23Y57         FDRE                                         r  dbg_hub/inst/BSCANID.u_xsdbm_id/CORE_XSDB.UUT_MASTER/U_ICON_INTERFACE/U_CMD4/icn_cmd_en_temp_reg/C
  -------------------------------------------------------------------    -------------------
    SLICE_X23Y57         FDRE (Prop_fdre_C_Q)         0.128     1.455 r  dbg_hub/inst/BSCANID.u_xsdbm_id/CORE_XSDB.UUT_MASTER/U_ICON_INTERFACE/U_CMD4/icn_cmd_en_temp_reg/Q
                         net (fo=29, routed)          0.139     1.594    dbg_hub/inst/BSCANID.u_xsdbm_id/CORE_XSDB.UUT_MASTER/U_ICON_INTERFACE/U_CMD4/icn_cmd_en_temp
    SLICE_X21Y57         FDRE                                         r  dbg_hub/inst/BSCANID.u_xsdbm_id/CORE_XSDB.UUT_MASTER/U_ICON_INTERFACE/U_CMD4/shift_reg_in_reg[20]/CE
  -------------------------------------------------------------------    -------------------

                         (clock dbg_hub/inst/BSCANID.u_xsdbm_id/SWITCH_N_EXT_BSCAN.bscan_inst/SERIES7_BSCAN.bscan_inst/TCK rise edge)
                                                      0.000     0.000 r  
    BSCAN_X0Y0           BSCANE2                      0.000     0.000 r  dbg_hub/inst/BSCANID.u_xsdbm_id/SWITCH_N_EXT_BSCAN.bscan_inst/SERIES7_BSCAN.bscan_inst/TCK
                         net (fo=1, routed)           0.861     0.861    dbg_hub/inst/BSCANID.u_xsdbm_id/tck_bs
    BUFGCTRL_X0Y1        BUFG (Prop_bufg_I_O)         0.029     0.890 r  dbg_hub/inst/BSCANID.u_xsdbm_id/SWITCH_N_EXT_BSCAN.u_bufg_icon_tck/O
                         net (fo=482, routed)         0.828     1.718    dbg_hub/inst/BSCANID.u_xsdbm_id/CORE_XSDB.UUT_MASTER/U_ICON_INTERFACE/U_CMD4/m_bscan_tck[0]
    SLICE_X21Y57         FDRE                                         r  dbg_hub/inst/BSCANID.u_xsdbm_id/CORE_XSDB.UUT_MASTER/U_ICON_INTERFACE/U_CMD4/shift_reg_in_reg[20]/C
                         clock pessimism             -0.124     1.594    
    SLICE_X21Y57         FDRE (Hold_fdre_C_CE)       -0.092     1.502    dbg_hub/inst/BSCANID.u_xsdbm_id/CORE_XSDB.UUT_MASTER/U_ICON_INTERFACE/U_CMD4/shift_reg_in_reg[20]
  -------------------------------------------------------------------
                         required time                         -1.502    
                         arrival time                           1.594    
  -------------------------------------------------------------------
                         slack                                  0.093    





Pulse Width Checks
--------------------------------------------------------------------------------------
Clock Name:         dbg_hub/inst/BSCANID.u_xsdbm_id/SWITCH_N_EXT_BSCAN.bscan_inst/SERIES7_BSCAN.bscan_inst/TCK
Waveform(ns):       { 0.000 16.500 }
Period(ns):         33.000
Sources:            { dbg_hub/inst/BSCANID.u_xsdbm_id/SWITCH_N_EXT_BSCAN.bscan_inst/SERIES7_BSCAN.bscan_inst/TCK }

Check Type        Corner  Lib Pin     Reference Pin  Required(ns)  Actual(ns)  Slack(ns)  Location       Pin
Min Period        n/a     BUFG/I      n/a            2.155         33.000      30.845     BUFGCTRL_X0Y1  dbg_hub/inst/BSCANID.u_xsdbm_id/SWITCH_N_EXT_BSCAN.u_bufg_icon_tck/I
Low Pulse Width   Slow    RAMD32/CLK  n/a            1.250         16.500      15.250     SLICE_X32Y56   dbg_hub/inst/BSCANID.u_xsdbm_id/CORE_XSDB.UUT_MASTER/U_ICON_INTERFACE/U_CMD6_WR/U_WR_FIFO/SUBCORE_FIFO.xsdbm_v3_0_5_wrfifo_inst/inst_fifo_gen/gconvfifo.rf/grf.rf/gntv_or_sync_fifo.mem/gdm.dm_gen.dm/RAM_reg_0_15_0_5/RAMA/CLK
High Pulse Width  Slow    RAMD32/CLK  n/a            1.250         16.500      15.250     SLICE_X32Y56   dbg_hub/inst/BSCANID.u_xsdbm_id/CORE_XSDB.UUT_MASTER/U_ICON_INTERFACE/U_CMD6_WR/U_WR_FIFO/SUBCORE_FIFO.xsdbm_v3_0_5_wrfifo_inst/inst_fifo_gen/gconvfifo.rf/grf.rf/gntv_or_sync_fifo.mem/gdm.dm_gen.dm/RAM_reg_0_15_0_5/RAMA/CLK



---------------------------------------------------------------------------------------------------
From Clock:  local50
  To Clock:  local50

Setup :            0  Failing Endpoints,  Worst Slack       12.683ns,  Total Violation        0.000ns
Hold  :            0  Failing Endpoints,  Worst Slack        0.062ns,  Total Violation        0.000ns
PW    :            0  Failing Endpoints,  Worst Slack        9.500ns,  Total Violation        0.000ns
---------------------------------------------------------------------------------------------------


Max Delay Paths
--------------------------------------------------------------------------------------
Slack (MET) :             12.683ns  (required time - arrival time)
  Source:                 rst_n
                            (input port clocked by local50  {rise@0.000ns fall@10.000ns period=20.000ns})
  Destination:            core/core/g_slave.alive_reg/R
                            (rising edge-triggered cell FDRE clocked by local50  {rise@0.000ns fall@10.000ns period=20.000ns})
  Path Group:             local50
  Path Type:              Setup (Max at Slow Process Corner)
  Requirement:            20.000ns  (local50 rise@20.000ns - local50 rise@0.000ns)
  Data Path Delay:        6.372ns  (logic 1.587ns (24.908%)  route 4.785ns (75.092%))
  Logic Levels:           2  (IBUF=1 LUT1=1)
  Input Delay:            5.000ns
  Clock Path Skew:        4.953ns (DCD - SCD + CPR)
    Destination Clock Delay (DCD):    4.953ns = ( 24.953 - 20.000 ) 
    Source Clock Delay      (SCD):    0.000ns
    Clock Pessimism Removal (CPR):    0.000ns
  Clock Uncertainty:      0.261ns  ((TSJ^2 + TIJ^2)^1/2 + DJ) / 2 + PE + UU
    Total System Jitter     (TSJ):    0.071ns
    Total Input Jitter      (TIJ):    0.100ns
    Discrete Jitter          (DJ):    0.000ns
    Phase Error              (PE):    0.000ns
    User Uncertainty         (UU):    0.200ns

    Location             Delay type                Incr(ns)  Path(ns)    Netlist Resource(s)
  -------------------------------------------------------------------    -------------------
                         (clock local50 rise edge)    0.000     0.000 r  
                         input delay                  5.000     5.000    
    G19                                               0.000     5.000 f  rst_n (IN)
                         net (fo=0)                   0.000     5.000    rst_n
    G19                  IBUF (Prop_ibuf_I_O)         1.468     6.468 f  rst_n_IBUF_inst/O
                         net (fo=3, routed)           3.243     9.712    core/core/clocks/rst_n_IBUF
    SLICE_X43Y63         LUT1 (Prop_lut1_I0_O)        0.119     9.831 r  core/core/clocks/g_hw.mmcm_i_1/O
                         net (fo=7, routed)           1.542    11.372    core/core/clocks_n_1
    SLICE_X43Y64         FDRE                                         r  core/core/g_slave.alive_reg/R
  -------------------------------------------------------------------    -------------------

                         (clock local50 rise edge)   20.000    20.000 r  
    N18                                               0.000    20.000 r  clk50 (IN)
                         net (fo=0)                   0.000    20.000    clk50
    N18                  IBUF (Prop_ibuf_I_O)         1.421    21.421 r  clk50_IBUF_inst/O
                         net (fo=1, routed)           1.880    23.301    clk50_IBUF
    BUFGCTRL_X0Y2        BUFG (Prop_bufg_I_O)         0.091    23.392 r  clk50_IBUF_BUFG_inst/O
                         net (fo=14, routed)          1.561    24.953    core/core/CLK
    SLICE_X43Y64         FDRE                                         r  core/core/g_slave.alive_reg/C
                         clock pessimism              0.000    24.953    
                         clock uncertainty           -0.261    24.692    
    SLICE_X43Y64         FDRE (Setup_fdre_C_R)       -0.637    24.055    core/core/g_slave.alive_reg
  -------------------------------------------------------------------
                         required time                         24.055    
                         arrival time                         -11.372    
  -------------------------------------------------------------------
                         slack                                 12.683    





Min Delay Paths
--------------------------------------------------------------------------------------
Slack (MET) :             0.062ns  (arrival time - required time)
  Source:                 core/core/g_slave.silence_reg[1]/C
                            (rising edge-triggered cell FDRE clocked by local50  {rise@0.000ns fall@10.000ns period=20.000ns})
  Destination:            core/core/g_slave.silence_reg[2]/D
                            (rising edge-triggered cell FDRE clocked by local50  {rise@0.000ns fall@10.000ns period=20.000ns})
  Path Group:             local50
  Path Type:              Hold (Min at Fast Process Corner)
  Requirement:            0.000ns  (local50 rise@0.000ns - local50 rise@0.000ns)
  Data Path Delay:        0.393ns  (logic 0.207ns (52.617%)  route 0.186ns (47.383%))
  Logic Levels:           1  (LUT3=1)
  Clock Path Skew:        0.000ns (DCD - SCD - CPR)
    Destination Clock Delay (DCD):    2.016ns
    Source Clock Delay      (SCD):    1.500ns
    Clock Pessimism Removal (CPR):    0.516ns
  Clock Uncertainty:      0.200ns  ((TSJ^2 + TIJ^2)^1/2 + DJ) / 2 + PE + UU
    Total System Jitter     (TSJ):    0.000ns
    Total Input Jitter      (TIJ):    0.000ns
    Discrete Jitter          (DJ):    0.000ns
    Phase Error              (PE):    0.000ns
    User Uncertainty         (UU):    0.200ns

    Location             Delay type                Incr(ns)  Path(ns)    Netlist Resource(s)
  -------------------------------------------------------------------    -------------------
                         (clock local50 rise edge)    0.000     0.000 r  
    N18                                               0.000     0.000 r  clk50 (IN)
                         net (fo=0)                   0.000     0.000    clk50
    N18                  IBUF (Prop_ibuf_I_O)         0.260     0.260 r  clk50_IBUF_inst/O
                         net (fo=1, routed)           0.627     0.887    clk50_IBUF
    BUFGCTRL_X0Y2        BUFG (Prop_bufg_I_O)         0.026     0.913 r  clk50_IBUF_BUFG_inst/O
                         net (fo=14, routed)          0.587     1.500    core/core/CLK
    SLICE_X42Y62         FDRE                                         r  core/core/g_slave.silence_reg[1]/C
  -------------------------------------------------------------------    -------------------
    SLICE_X42Y62         FDRE (Prop_fdre_C_Q)         0.164     1.664 r  core/core/g_slave.silence_reg[1]/Q
                         net (fo=6, routed)           0.186     1.850    core/core/g_slave.silence_reg[1]
    SLICE_X42Y62         LUT3 (Prop_lut3_I0_O)        0.043     1.893 r  core/core/g_slave.silence[2]_i_1/O
                         net (fo=1, routed)           0.000     1.893    core/core/p_0_in__3[2]
    SLICE_X42Y62         FDRE                                         r  core/core/g_slave.silence_reg[2]/D
  -------------------------------------------------------------------    -------------------

                         (clock local50 rise edge)    0.000     0.000 r  
    N18                                               0.000     0.000 r  clk50 (IN)
                         net (fo=0)                   0.000     0.000    clk50
    N18                  IBUF (Prop_ibuf_I_O)         0.448     0.448 r  clk50_IBUF_inst/O
                         net (fo=1, routed)           0.683     1.131    clk50_IBUF
    BUFGCTRL_X0Y2        BUFG (Prop_bufg_I_O)         0.029     1.160 r  clk50_IBUF_BUFG_inst/O
                         net (fo=14, routed)          0.856     2.016    core/core/CLK
    SLICE_X42Y62         FDRE                                         r  core/core/g_slave.silence_reg[2]/C
                         clock pessimism             -0.516     1.500    
                         clock uncertainty            0.200     1.700    
    SLICE_X42Y62         FDRE (Hold_fdre_C_D)         0.131     1.831    core/core/g_slave.silence_reg[2]
  -------------------------------------------------------------------
                         required time                         -1.831    
                         arrival time                           1.893    
  -------------------------------------------------------------------
                         slack                                  0.062    





Pulse Width Checks
--------------------------------------------------------------------------------------
Clock Name:         local50
Waveform(ns):       { 0.000 10.000 }
Period(ns):         20.000
Sources:            { clk50 }

Check Type        Corner  Lib Pin  Reference Pin  Required(ns)  Actual(ns)  Slack(ns)  Location       Pin
Min Period        n/a     BUFG/I   n/a            2.155         20.000      17.845     BUFGCTRL_X0Y2  clk50_IBUF_BUFG_inst/I
Low Pulse Width   Slow    FDRE/C   n/a            0.500         10.000      9.500      SLICE_X43Y64   core/core/g_slave.alive_reg/C
High Pulse Width  Slow    FDRE/C   n/a            0.500         10.000      9.500      SLICE_X43Y64   core/core/g_slave.alive_reg/C



---------------------------------------------------------------------------------------------------
From Clock:  received50
  To Clock:  received50

Setup :           NA  Failing Endpoints,  Worst Slack           NA  ,  Total Violation           NA
Hold  :           NA  Failing Endpoints,  Worst Slack           NA  ,  Total Violation           NA
PW    :            0  Failing Endpoints,  Worst Slack        7.000ns,  Total Violation        0.000ns
---------------------------------------------------------------------------------------------------


Pulse Width Checks
--------------------------------------------------------------------------------------
Clock Name:         received50
Waveform(ns):       { 0.000 10.000 }
Period(ns):         20.000
Sources:            { sync_clk }

Check Type        Corner  Lib Pin            Reference Pin  Required(ns)  Actual(ns)  Slack(ns)  Location         Pin
Min Period        n/a     MMCME2_ADV/CLKIN1  n/a            1.249         20.000      18.751     MMCME2_ADV_X0Y0  core/core/clocks/g_hw.mmcm/CLKIN1
Max Period        n/a     MMCME2_ADV/CLKIN1  n/a            100.000       20.000      80.000     MMCME2_ADV_X0Y0  core/core/clocks/g_hw.mmcm/CLKIN1
Low Pulse Width   Slow    MMCME2_ADV/CLKIN1  n/a            3.000         10.000      7.000      MMCME2_ADV_X0Y0  core/core/clocks/g_hw.mmcm/CLKIN1
High Pulse Width  Slow    MMCME2_ADV/CLKIN1  n/a            3.000         10.000      7.000      MMCME2_ADV_X0Y0  core/core/clocks/g_hw.mmcm/CLKIN1



---------------------------------------------------------------------------------------------------
From Clock:  g_hw.feedback
  To Clock:  g_hw.feedback

Setup :           NA  Failing Endpoints,  Worst Slack           NA  ,  Total Violation           NA
Hold  :           NA  Failing Endpoints,  Worst Slack           NA  ,  Total Violation           NA
PW    :            0  Failing Endpoints,  Worst Slack       17.845ns,  Total Violation        0.000ns
---------------------------------------------------------------------------------------------------


Pulse Width Checks
--------------------------------------------------------------------------------------
Clock Name:         g_hw.feedback
Waveform(ns):       { 0.000 10.000 }
Period(ns):         20.000
Sources:            { core/core/clocks/g_hw.mmcm/CLKFBOUT }

Check Type  Corner  Lib Pin             Reference Pin  Required(ns)  Actual(ns)  Slack(ns)  Location         Pin
Min Period  n/a     BUFG/I              n/a            2.155         20.000      17.845     BUFGCTRL_X0Y3    core/core/clocks/g_hw.feedback_buffer/I
Max Period  n/a     MMCME2_ADV/CLKFBIN  n/a            100.000       20.000      80.000     MMCME2_ADV_X0Y0  core/core/clocks/g_hw.mmcm/CLKFBIN



---------------------------------------------------------------------------------------------------
From Clock:  g_hw.mmcm_clk
  To Clock:  g_hw.mmcm_clk

Setup :            0  Failing Endpoints,  Worst Slack        8.526ns,  Total Violation        0.000ns
Hold  :            0  Failing Endpoints,  Worst Slack        0.015ns,  Total Violation        0.000ns
PW    :            0  Failing Endpoints,  Worst Slack        8.750ns,  Total Violation        0.000ns
---------------------------------------------------------------------------------------------------


Max Delay Paths
--------------------------------------------------------------------------------------
Slack (MET) :             8.526ns  (required time - arrival time)
  Source:                 core/core/g_slave.receiver/decoder/payload_reg[0]/C
                            (rising edge-triggered cell FDRE clocked by g_hw.mmcm_clk  {rise@0.000ns fall@10.000ns period=20.000ns})
  Destination:            core/endpoint/sender/deadline_reg[37]/CE
                            (rising edge-triggered cell FDCE clocked by g_hw.mmcm_clk  {rise@0.000ns fall@10.000ns period=20.000ns})
  Path Group:             g_hw.mmcm_clk
  Path Type:              Setup (Max at Slow Process Corner)
  Requirement:            20.000ns  (g_hw.mmcm_clk rise@20.000ns - g_hw.mmcm_clk rise@0.000ns)
  Data Path Delay:        10.665ns  (logic 4.362ns (40.899%)  route 6.303ns (59.100%))
  Logic Levels:           22  (CARRY4=16 LUT2=3 LUT6=3)
  Clock Path Skew:        -0.140ns (DCD - SCD + CPR)
    Destination Clock Delay (DCD):    -1.361ns = ( 18.639 - 20.000 ) 
    Source Clock Delay      (SCD):    -0.634ns
    Clock Pessimism Removal (CPR):    0.587ns
  Clock Uncertainty:      0.296ns  ((TSJ^2 + DJ^2)^1/2) / 2 + PE + UU
    Total System Jitter     (TSJ):    0.071ns
    Discrete Jitter          (DJ):    0.179ns
    Phase Error              (PE):    0.000ns
    User Uncertainty         (UU):    0.200ns

    Location             Delay type                Incr(ns)  Path(ns)    Netlist Resource(s)
  -------------------------------------------------------------------    -------------------
                         (clock g_hw.mmcm_clk rise edge)
                                                      0.000     0.000 r  
    N20                                               0.000     0.000 r  sync_clk (IN)
                         net (fo=0)                   0.000     0.000    core/core/clocks/sync_clk
    N20                  IBUF (Prop_ibuf_I_O)         1.494     1.494 r  core/core/clocks/g_hw.input_buffer/O
                         net (fo=1, routed)           1.285     2.779    core/core/clocks/g_hw.ibuf_clk
    MMCME2_ADV_X0Y0      MMCME2_ADV (Prop_mmcme2_adv_CLKIN1_CLKOUT0)
                                                     -7.010    -4.231 r  core/core/clocks/g_hw.mmcm/CLKOUT0
                         net (fo=1, routed)           1.760    -2.471    core/core/clocks/g_hw.mmcm_clk
    BUFGCTRL_X0Y0        BUFG (Prop_bufg_I_O)         0.101    -2.370 r  core/core/clocks/g_hw.output_buffer/O
                         net (fo=2518, routed)        1.736    -0.634    core/core/g_slave.receiver/decoder/complete_reg_inv_0
    SLICE_X38Y86         FDRE                                         r  core/core/g_slave.receiver/decoder/payload_reg[0]/C
  -------------------------------------------------------------------    -------------------
    SLICE_X38Y86         FDRE (Prop_fdre_C_Q)         0.518    -0.116 r  core/core/g_slave.receiver/decoder/payload_reg[0]/Q
                         net (fo=10, routed)          1.063     0.947    core/core/g_slave.receiver/decoder/Q[0]
    SLICE_X38Y76         LUT2 (Prop_lut2_I0_O)        0.124     1.071 r  core/core/g_slave.receiver/decoder/sync_locked5_carry_i_18/O
                         net (fo=1, routed)           0.000     1.071    core/core/g_slave.receiver/decoder/sync_locked5_carry_i_18_n_0
    SLICE_X38Y76         CARRY4 (Prop_carry4_S[0]_CO[3])
                                                      0.513     1.584 r  core/core/g_slave.receiver/decoder/sync_locked5_carry_i_10/CO[3]
                         net (fo=1, routed)           0.000     1.584    core/core/g_slave.receiver/decoder/sync_locked5_carry_i_10_n_0
    SLICE_X38Y77         CARRY4 (Prop_carry4_CI_CO[3])
                                                      0.117     1.701 r  core/core/g_slave.receiver/decoder/sync_locked5_carry_i_9/CO[3]
                         net (fo=1, routed)           0.000     1.701    core/core/g_slave.receiver/decoder/sync_locked5_carry_i_9_n_0
    SLICE_X38Y78         CARRY4 (Prop_carry4_CI_CO[3])
                                                      0.117     1.818 r  core/core/g_slave.receiver/decoder/sync_locked5_carry__0_i_10/CO[3]
                         net (fo=1, routed)           0.000     1.818    core/core/g_slave.receiver/decoder/sync_locked5_carry__0_i_10_n_0
    SLICE_X38Y79         CARRY4 (Prop_carry4_CI_CO[3])
                                                      0.117     1.935 r  core/core/g_slave.receiver/decoder/sync_locked5_carry__0_i_9/CO[3]
                         net (fo=1, routed)           0.000     1.935    core/core/g_slave.receiver/decoder/sync_locked5_carry__0_i_9_n_0
    SLICE_X38Y80         CARRY4 (Prop_carry4_CI_CO[3])
                                                      0.117     2.052 r  core/core/g_slave.receiver/decoder/sync_locked5_carry__1_i_10/CO[3]
                         net (fo=1, routed)           0.000     2.052    core/core/g_slave.receiver/decoder/sync_locked5_carry__1_i_10_n_0
    SLICE_X38Y81         CARRY4 (Prop_carry4_CI_CO[3])
                                                      0.117     2.169 r  core/core/g_slave.receiver/decoder/sync_locked5_carry__1_i_9/CO[3]
                         net (fo=1, routed)           0.000     2.169    core/core/g_slave.receiver/decoder/sync_locked5_carry__1_i_9_n_0
    SLICE_X38Y82         CARRY4 (Prop_carry4_CI_CO[3])
                                                      0.117     2.286 r  core/core/g_slave.receiver/decoder/sync_locked5_carry__2_i_10/CO[3]
                         net (fo=1, routed)           0.000     2.286    core/core/g_slave.receiver/decoder/sync_locked5_carry__2_i_10_n_0
    SLICE_X38Y83         CARRY4 (Prop_carry4_CI_CO[3])
                                                      0.117     2.403 r  core/core/g_slave.receiver/decoder/sync_locked5_carry__2_i_9/CO[3]
                         net (fo=1, routed)           0.000     2.403    core/core/g_slave.receiver/decoder/sync_locked5_carry__2_i_9_n_0
    SLICE_X38Y84         CARRY4 (Prop_carry4_CI_CO[3])
                                                      0.117     2.520 r  core/core/g_slave.receiver/decoder/sync_locked5_carry__3_i_10/CO[3]
                         net (fo=1, routed)           0.000     2.520    core/core/g_slave.receiver/decoder/sync_locked5_carry__3_i_10_n_0
    SLICE_X38Y85         CARRY4 (Prop_carry4_CI_CO[3])
                                                      0.117     2.637 r  core/core/g_slave.receiver/decoder/sync_locked5_carry__3_i_9/CO[3]
                         net (fo=1, routed)           0.000     2.637    core/core/g_slave.receiver/decoder/sync_locked5_carry__3_i_9_n_0
    SLICE_X38Y86         CARRY4 (Prop_carry4_CI_CO[3])
                                                      0.117     2.754 r  core/core/g_slave.receiver/decoder/sync_locked5_carry__4_i_10/CO[3]
                         net (fo=1, routed)           0.000     2.754    core/core/g_slave.receiver/decoder/sync_locked5_carry__4_i_10_n_0
    SLICE_X38Y87         CARRY4 (Prop_carry4_CI_CO[3])
                                                      0.117     2.871 r  core/core/g_slave.receiver/decoder/sync_locked5_carry__4_i_9/CO[3]
                         net (fo=1, routed)           0.000     2.871    core/core/g_slave.receiver/decoder/sync_locked5_carry__4_i_9_n_0
    SLICE_X38Y88         CARRY4 (Prop_carry4_CI_CO[3])
                                                      0.117     2.988 r  core/core/g_slave.receiver/decoder/sync_locked5_carry__5_i_10/CO[3]
                         net (fo=1, routed)           0.000     2.988    core/core/g_slave.receiver/decoder/sync_locked5_carry__5_i_10_n_0
    SLICE_X38Y89         CARRY4 (Prop_carry4_CI_CO[3])
                                                      0.117     3.105 r  core/core/g_slave.receiver/decoder/sync_locked5_carry__5_i_9/CO[3]
                         net (fo=1, routed)           0.000     3.105    core/core/g_slave.receiver/decoder/sync_locked5_carry__5_i_9_n_0
    SLICE_X38Y90         CARRY4 (Prop_carry4_CI_O[1])
                                                      0.323     3.428 f  core/core/g_slave.receiver/decoder/sync_locked5_carry__6_i_10/O[1]
                         net (fo=2, routed)           0.951     4.380    core/core/g_slave.receiver/decoder/sync_locked5_carry__6_i_10_n_6
    SLICE_X39Y87         LUT2 (Prop_lut2_I0_O)        0.306     4.686 r  core/core/g_slave.receiver/decoder/sync_locked5_carry__6_i_8/O
                         net (fo=1, routed)           0.000     4.686    core/core/g_slave.receiver/decoder_n_287
    SLICE_X39Y87         CARRY4 (Prop_carry4_S[0]_CO[3])
                                                      0.532     5.218 r  core/core/g_slave.receiver/sync_locked5_carry__6/CO[3]
                         net (fo=2, routed)           0.622     5.840    core/core/g_slave.receiver/decoder/test_index_reg[5]_1[0]
    SLICE_X41Y87         LUT6 (Prop_lut6_I1_O)        0.124     5.964 f  core/core/g_slave.receiver/decoder/debug_probe_inferred_i_7/O
                         net (fo=3, routed)           0.776     6.739    core/core/g_slave.receiver/decoder/debug_probe_inferred_i_7_n_0
    SLICE_X42Y74         LUT6 (Prop_lut6_I2_O)        0.124     6.863 r  core/core/g_slave.receiver/decoder/debug_probe_inferred_i_2/O
                         net (fo=12, routed)          0.611     7.474    core/endpoint/sender/waveform_shadow_reg[7]_0[1]
    SLICE_X41Y75         LUT6 (Prop_lut6_I3_O)        0.124     7.598 r  core/endpoint/sender/bit_index[31]_i_3/O
                         net (fo=5, routed)           0.694     8.292    core/endpoint/sender/bit_index[31]_i_3_n_0
    SLICE_X40Y74         LUT2 (Prop_lut2_I0_O)        0.153     8.445 r  core/endpoint/sender/waveform_shadow[7]_i_1/O
                         net (fo=72, routed)          1.586    10.031    core/endpoint/sender/timed
    SLICE_X28Y83         FDCE                                         r  core/endpoint/sender/deadline_reg[37]/CE
  -------------------------------------------------------------------    -------------------

                         (clock g_hw.mmcm_clk rise edge)
                                                     20.000    20.000 r  
    N20                                               0.000    20.000 r  sync_clk (IN)
                         net (fo=0)                   0.000    20.000    core/core/clocks/sync_clk
    N20                  IBUF (Prop_ibuf_I_O)         1.423    21.423 r  core/core/clocks/g_hw.input_buffer/O
                         net (fo=1, routed)           1.162    22.585    core/core/clocks/g_hw.ibuf_clk
    MMCME2_ADV_X0Y0      MMCME2_ADV (Prop_mmcme2_adv_CLKIN1_CLKOUT0)
                                                     -7.118    15.467 r  core/core/clocks/g_hw.mmcm/CLKOUT0
                         net (fo=1, routed)           1.599    17.066    core/core/clocks/g_hw.mmcm_clk
    BUFGCTRL_X0Y0        BUFG (Prop_bufg_I_O)         0.091    17.157 r  core/core/clocks/g_hw.output_buffer/O
                         net (fo=2518, routed)        1.482    18.639    core/endpoint/sender/CLK
    SLICE_X28Y83         FDCE                                         r  core/endpoint/sender/deadline_reg[37]/C
                         clock pessimism              0.587    19.226    
                         clock uncertainty           -0.296    18.930    
    SLICE_X28Y83         FDCE (Setup_fdce_C_CE)      -0.372    18.558    core/endpoint/sender/deadline_reg[37]
  -------------------------------------------------------------------
                         required time                         18.558    
                         arrival time                         -10.031    
  -------------------------------------------------------------------
                         slack                                  8.526    





Min Delay Paths
--------------------------------------------------------------------------------------
Slack (MET) :             0.015ns  (arrival time - required time)
  Source:                 ebaz_slave_serializer_prepcb/serializer_prepcb_core/ila_prepcb/<hidden>/<hidden>/<hidden>/<hidden>/<hidden>/<hidden>/<hidden>/<hidden>/<hidden>
                            (rising edge-triggered cell SRLC32E clocked by g_hw.mmcm_clk  {rise@0.000ns fall@10.000ns period=20.000ns})
  Destination:            ebaz_slave_serializer_prepcb/serializer_prepcb_core/ila_prepcb/<hidden>/<hidden>/<hidden>/<hidden>/<hidden>/<hidden>/<hidden>/<hidden>/<hidden>
                            (rising edge-triggered cell SRLC32E clocked by g_hw.mmcm_clk  {rise@0.000ns fall@10.000ns period=20.000ns})
  Path Group:             g_hw.mmcm_clk
  Path Type:              Hold (Min at Fast Process Corner)
  Requirement:            0.000ns  (g_hw.mmcm_clk rise@0.000ns - g_hw.mmcm_clk rise@0.000ns)
  Data Path Delay:        0.332ns  (logic 0.332ns (100.000%)  route 0.000ns (0.000%))
  Logic Levels:           0  
  Clock Path Skew:        0.000ns (DCD - SCD - CPR)
    Destination Clock Delay (DCD):    -0.713ns
    Source Clock Delay      (SCD):    -0.480ns
    Clock Pessimism Removal (CPR):    -0.233ns
  Clock Uncertainty:      0.200ns  ((TSJ^2 + DJ^2)^1/2) / 2 + PE + UU
    Total System Jitter     (TSJ):    0.000ns
    Discrete Jitter          (DJ):    0.000ns
    Phase Error              (PE):    0.000ns
    User Uncertainty         (UU):    0.200ns

    Location             Delay type                Incr(ns)  Path(ns)    Netlist Resource(s)
  -------------------------------------------------------------------    -------------------
                         (clock g_hw.mmcm_clk rise edge)
                                                      0.000     0.000 r  
    N20                                               0.000     0.000 r  sync_clk (IN)
                         net (fo=0)                   0.000     0.000    core/core/clocks/sync_clk
    N20                  IBUF (Prop_ibuf_I_O)         0.262     0.262 r  core/core/clocks/g_hw.input_buffer/O
                         net (fo=1, routed)           0.440     0.702    core/core/clocks/g_hw.ibuf_clk
    MMCME2_ADV_X0Y0      MMCME2_ADV (Prop_mmcme2_adv_CLKIN1_CLKOUT0)
                                                     -2.271    -1.570 r  core/core/clocks/g_hw.mmcm/CLKOUT0
                         net (fo=1, routed)           0.482    -1.088    core/core/clocks/g_hw.mmcm_clk
    BUFGCTRL_X0Y0        BUFG (Prop_bufg_I_O)         0.026    -1.062 r  core/core/clocks/g_hw.output_buffer/O
                         net (fo=2518, routed)        0.582    -0.480    ebaz_slave_serializer_prepcb/serializer_prepcb_core/ila_prepcb/<hidden>/<hidden>/<hidden>/<hidden>/<hidden>/<hidden>/<hidden>/<hidden>/<hidden>
    SLICE_X38Y67         SRLC32E                                      r  ebaz_slave_serializer_prepcb/serializer_prepcb_core/ila_prepcb/<hidden>/<hidden>/<hidden>/<hidden>/<hidden>/<hidden>/<hidden>/<hidden>/<hidden>
  -------------------------------------------------------------------    -------------------
    SLICE_X38Y67         SRLC32E (Prop_srlc32e_CLK_Q31)
                                                      0.332    -0.148 r  ebaz_slave_serializer_prepcb/serializer_prepcb_core/ila_prepcb/<hidden>/<hidden>/<hidden>/<hidden>/<hidden>/<hidden>/<hidden>/<hidden>/<hidden>
                         net (fo=2, routed)           0.000    -0.148    ebaz_slave_serializer_prepcb/serializer_prepcb_core/ila_prepcb/<hidden>/<hidden>/<hidden>/<hidden>/<hidden>/<hidden>/<hidden>/<hidden>/<hidden>
    SLICE_X38Y67         SRLC32E                                      r  ebaz_slave_serializer_prepcb/serializer_prepcb_core/ila_prepcb/<hidden>/<hidden>/<hidden>/<hidden>/<hidden>/<hidden>/<hidden>/<hidden>/<hidden>
  -------------------------------------------------------------------    -------------------

                         (clock g_hw.mmcm_clk rise edge)
                                                      0.000     0.000 r  
    N20                                               0.000     0.000 r  sync_clk (IN)
                         net (fo=0)                   0.000     0.000    core/core/clocks/sync_clk
    N20                  IBUF (Prop_ibuf_I_O)         0.450     0.450 r  core/core/clocks/g_hw.input_buffer/O
                         net (fo=1, routed)           0.480     0.930    core/core/clocks/g_hw.ibuf_clk
    MMCME2_ADV_X0Y0      MMCME2_ADV (Prop_mmcme2_adv_CLKIN1_CLKOUT0)
                                                     -3.050    -2.120 r  core/core/clocks/g_hw.mmcm/CLKOUT0
                         net (fo=1, routed)           0.528    -1.592    core/core/clocks/g_hw.mmcm_clk
    BUFGCTRL_X0Y0        BUFG (Prop_bufg_I_O)         0.029    -1.563 r  core/core/clocks/g_hw.output_buffer/O
                         net (fo=2518, routed)        0.850    -0.713    ebaz_slave_serializer_prepcb/serializer_prepcb_core/ila_prepcb/<hidden>/<hidden>/<hidden>/<hidden>/<hidden>/<hidden>/<hidden>/<hidden>/<hidden>
    SLICE_X38Y67         SRLC32E                                      r  ebaz_slave_serializer_prepcb/serializer_prepcb_core/ila_prepcb/<hidden>/<hidden>/<hidden>/<hidden>/<hidden>/<hidden>/<hidden>/<hidden>/<hidden>
                         clock pessimism              0.233    -0.480    
                         clock uncertainty            0.200    -0.280    
    SLICE_X38Y67         SRLC32E (Hold_srlc32e_CLK_D)
                                                      0.117    -0.163    ebaz_slave_serializer_prepcb/serializer_prepcb_core/ila_prepcb/<hidden>/<hidden>/<hidden>/<hidden>/<hidden>/<hidden>/<hidden>/<hidden>/<hidden>
  -------------------------------------------------------------------
                         required time                          0.163    
                         arrival time                          -0.148    
  -------------------------------------------------------------------
                         slack                                  0.015    





Pulse Width Checks
--------------------------------------------------------------------------------------
Clock Name:         g_hw.mmcm_clk
Waveform(ns):       { 0.000 10.000 }
Period(ns):         20.000
Sources:            { core/core/clocks/g_hw.mmcm/CLKOUT0 }

Check Type        Corner  Lib Pin             Reference Pin  Required(ns)  Actual(ns)  Slack(ns)  Location         Pin
Min Period        n/a     RAMB36E1/CLKARDCLK  n/a            2.944         20.000      17.056     RAMB36_X2Y14     core/debug_ila/inst/ila_core_inst/ila_trace_memory_inst/SUBCORE_RAM_BLK_MEM_1.trace_block_memory/inst_blk_mem_gen/gnbram.gnativebmg.native_blk_mem_gen/valid.cstr/ramloop[0].ram.r/prim_noinit.ram/DEVICE_7SERIES.NO_BMM_INFO.SDP.SIMPLE_PRIM36.ram/CLKARDCLK
Max Period        n/a     MMCME2_ADV/CLKOUT0  n/a            213.360       20.000      193.360    MMCME2_ADV_X0Y0  core/core/clocks/g_hw.mmcm/CLKOUT0
Low Pulse Width   Slow    RAMD32/CLK          n/a            1.250         10.000      8.750      SLICE_X28Y62     dbg_hub/inst/BSCANID.u_xsdbm_id/CORE_XSDB.UUT_MASTER/U_ICON_INTERFACE/U_CMD6_RD/U_RD_FIFO/SUBCORE_FIFO.xsdbm_v3_0_5_rdfifo_inst/inst_fifo_gen/gconvfifo.rf/grf.rf/gntv_or_sync_fifo.mem/gdm.dm_gen.dm/RAM_reg_0_15_0_5/RAMA/CLK
High Pulse Width  Slow    RAMD32/CLK          n/a            1.250         10.000      8.750      SLICE_X28Y62     dbg_hub/inst/BSCANID.u_xsdbm_id/CORE_XSDB.UUT_MASTER/U_ICON_INTERFACE/U_CMD6_RD/U_RD_FIFO/SUBCORE_FIFO.xsdbm_v3_0_5_rdfifo_inst/inst_fifo_gen/gconvfifo.rf/grf.rf/gntv_or_sync_fifo.mem/gdm.dm_gen.dm/RAM_reg_0_15_0_5/RAMA/CLK



---------------------------------------------------------------------------------------------------
From Clock:  g_hw.mmcm_clk
  To Clock:  dbg_hub/inst/BSCANID.u_xsdbm_id/SWITCH_N_EXT_BSCAN.bscan_inst/SERIES7_BSCAN.bscan_inst/TCK

Setup :            0  Failing Endpoints,  Worst Slack       18.579ns,  Total Violation        0.000ns
Hold  :           NA  Failing Endpoints,  Worst Slack           NA  ,  Total Violation           NA
---------------------------------------------------------------------------------------------------


Max Delay Paths
--------------------------------------------------------------------------------------
Slack (MET) :             18.579ns  (required time - arrival time)
  Source:                 dbg_hub/inst/BSCANID.u_xsdbm_id/CORE_XSDB.UUT_MASTER/U_ICON_INTERFACE/U_CMD6_WR/U_WR_FIFO/SUBCORE_FIFO.xsdbm_v3_0_5_wrfifo_inst/inst_fifo_gen/gconvfifo.rf/grf.rf/gntv_or_sync_fifo.gcx.clkx/gnxpm_cdc.rd_pntr_gc_reg[3]/C
                            (rising edge-triggered cell FDCE clocked by g_hw.mmcm_clk  {rise@0.000ns fall@10.000ns period=20.000ns})
  Destination:            dbg_hub/inst/BSCANID.u_xsdbm_id/CORE_XSDB.UUT_MASTER/U_ICON_INTERFACE/U_CMD6_WR/U_WR_FIFO/SUBCORE_FIFO.xsdbm_v3_0_5_wrfifo_inst/inst_fifo_gen/gconvfifo.rf/grf.rf/gntv_or_sync_fifo.gcx.clkx/gnxpm_cdc.gsync_stage[1].wr_stg_inst/Q_reg_reg[3]/D
                            (rising edge-triggered cell FDCE clocked by dbg_hub/inst/BSCANID.u_xsdbm_id/SWITCH_N_EXT_BSCAN.bscan_inst/SERIES7_BSCAN.bscan_inst/TCK  {rise@0.000ns fall@16.500ns period=33.000ns})
  Path Group:             dbg_hub/inst/BSCANID.u_xsdbm_id/SWITCH_N_EXT_BSCAN.bscan_inst/SERIES7_BSCAN.bscan_inst/TCK
  Path Type:              Setup (Max at Slow Process Corner)
  Requirement:            20.000ns  (MaxDelay Path 20.000ns)
  Data Path Delay:        1.154ns  (logic 0.478ns (41.414%)  route 0.676ns (58.586%))
  Logic Levels:           0  
  Timing Exception:       MaxDelay Path 20.000ns -datapath_only

    Location             Delay type                Incr(ns)  Path(ns)    Netlist Resource(s)
  -------------------------------------------------------------------    -------------------
    SLICE_X34Y53                                      0.000     0.000 r  dbg_hub/inst/BSCANID.u_xsdbm_id/CORE_XSDB.UUT_MASTER/U_ICON_INTERFACE/U_CMD6_WR/U_WR_FIFO/SUBCORE_FIFO.xsdbm_v3_0_5_wrfifo_inst/inst_fifo_gen/gconvfifo.rf/grf.rf/gntv_or_sync_fifo.gcx.clkx/gnxpm_cdc.rd_pntr_gc_reg[3]/C
    SLICE_X34Y53         FDCE (Prop_fdce_C_Q)         0.478     0.478 r  dbg_hub/inst/BSCANID.u_xsdbm_id/CORE_XSDB.UUT_MASTER/U_ICON_INTERFACE/U_CMD6_WR/U_WR_FIFO/SUBCORE_FIFO.xsdbm_v3_0_5_wrfifo_inst/inst_fifo_gen/gconvfifo.rf/grf.rf/gntv_or_sync_fifo.gcx.clkx/gnxpm_cdc.rd_pntr_gc_reg[3]/Q
                         net (fo=1, routed)           0.676     1.154    dbg_hub/inst/BSCANID.u_xsdbm_id/CORE_XSDB.UUT_MASTER/U_ICON_INTERFACE/U_CMD6_WR/U_WR_FIFO/SUBCORE_FIFO.xsdbm_v3_0_5_wrfifo_inst/inst_fifo_gen/gconvfifo.rf/grf.rf/gntv_or_sync_fifo.gcx.clkx/gnxpm_cdc.gsync_stage[1].wr_stg_inst/Q[3]
    SLICE_X36Y53         FDCE                                         r  dbg_hub/inst/BSCANID.u_xsdbm_id/CORE_XSDB.UUT_MASTER/U_ICON_INTERFACE/U_CMD6_WR/U_WR_FIFO/SUBCORE_FIFO.xsdbm_v3_0_5_wrfifo_inst/inst_fifo_gen/gconvfifo.rf/grf.rf/gntv_or_sync_fifo.gcx.clkx/gnxpm_cdc.gsync_stage[1].wr_stg_inst/Q_reg_reg[3]/D
  -------------------------------------------------------------------    -------------------

                         max delay                   20.000    20.000    
    SLICE_X36Y53         FDCE (Setup_fdce_C_D)       -0.267    19.733    dbg_hub/inst/BSCANID.u_xsdbm_id/CORE_XSDB.UUT_MASTER/U_ICON_INTERFACE/U_CMD6_WR/U_WR_FIFO/SUBCORE_FIFO.xsdbm_v3_0_5_wrfifo_inst/inst_fifo_gen/gconvfifo.rf/grf.rf/gntv_or_sync_fifo.gcx.clkx/gnxpm_cdc.gsync_stage[1].wr_stg_inst/Q_reg_reg[3]
  -------------------------------------------------------------------
                         required time                         19.733    
                         arrival time                          -1.154    
  -------------------------------------------------------------------
                         slack                                 18.579    





---------------------------------------------------------------------------------------------------
From Clock:  g_hw.mmcm_clk
  To Clock:  local50

Setup :            0  Failing Endpoints,  Worst Slack       14.918ns,  Total Violation        0.000ns
Hold  :            0  Failing Endpoints,  Worst Slack        1.206ns,  Total Violation        0.000ns
---------------------------------------------------------------------------------------------------


Max Delay Paths
--------------------------------------------------------------------------------------
Slack (MET) :             14.918ns  (required time - arrival time)
  Source:                 core/core/g_slave.clock_heartbeat_reg[4]/C
                            (rising edge-triggered cell FDRE clocked by g_hw.mmcm_clk  {rise@0.000ns fall@10.000ns period=20.000ns})
  Destination:            core/core/g_slave.heartbeat_pipe_reg[0]/D
                            (rising edge-triggered cell FDRE clocked by local50  {rise@0.000ns fall@10.000ns period=20.000ns})
  Path Group:             local50
  Path Type:              Setup (Max at Slow Process Corner)
  Requirement:            20.000ns  (local50 rise@20.000ns - g_hw.mmcm_clk rise@0.000ns)
  Data Path Delay:        9.943ns  (logic 0.419ns (4.214%)  route 9.524ns (95.786%))
  Logic Levels:           0  
  Clock Path Skew:        5.587ns (DCD - SCD + CPR)
    Destination Clock Delay (DCD):    4.953ns = ( 24.953 - 20.000 ) 
    Source Clock Delay      (SCD):    -0.634ns
    Clock Pessimism Removal (CPR):    0.000ns
  Clock Uncertainty:      0.474ns  ((TSJ^2 + TIJ^2 + DJ^2)^1/2) / 2 + PE + UU
    Total System Jitter     (TSJ):    0.071ns
    Total Input Jitter      (TIJ):    0.100ns
    Discrete Jitter          (DJ):    0.179ns
    Phase Error              (PE):    0.165ns
    User Uncertainty         (UU):    0.200ns
  Clock Domain Crossing:  Inter clock paths are considered valid unless explicitly excluded by timing constraints such as set_clock_groups or set_false_path.

    Location             Delay type                Incr(ns)  Path(ns)    Netlist Resource(s)
  -------------------------------------------------------------------    -------------------
                         (clock g_hw.mmcm_clk rise edge)
                                                      0.000     0.000 r  
    N20                                               0.000     0.000 r  sync_clk (IN)
                         net (fo=0)                   0.000     0.000    core/core/clocks/sync_clk
    N20                  IBUF (Prop_ibuf_I_O)         1.494     1.494 r  core/core/clocks/g_hw.input_buffer/O
                         net (fo=1, routed)           1.285     2.779    core/core/clocks/g_hw.ibuf_clk
    MMCME2_ADV_X0Y0      MMCME2_ADV (Prop_mmcme2_adv_CLKIN1_CLKOUT0)
                                                     -7.010    -4.231 r  core/core/clocks/g_hw.mmcm/CLKOUT0
                         net (fo=1, routed)           1.760    -2.471    core/core/clocks/g_hw.mmcm_clk
    BUFGCTRL_X0Y0        BUFG (Prop_bufg_I_O)         0.101    -2.370 r  core/core/clocks/g_hw.output_buffer/O
                         net (fo=2518, routed)        1.736    -0.634    core/core/clk
    SLICE_X43Y65         FDRE                                         r  core/core/g_slave.clock_heartbeat_reg[4]/C
  -------------------------------------------------------------------    -------------------
    SLICE_X43Y65         FDRE (Prop_fdre_C_Q)         0.419    -0.215 r  core/core/g_slave.clock_heartbeat_reg[4]/Q
                         net (fo=2, routed)           9.524     9.309    core/core/g_slave.clock_heartbeat_reg[4]
    SLICE_X43Y64         FDRE                                         r  core/core/g_slave.heartbeat_pipe_reg[0]/D
  -------------------------------------------------------------------    -------------------

                         (clock local50 rise edge)   20.000    20.000 r  
    N18                                               0.000    20.000 r  clk50 (IN)
                         net (fo=0)                   0.000    20.000    clk50
    N18                  IBUF (Prop_ibuf_I_O)         1.421    21.421 r  clk50_IBUF_inst/O
                         net (fo=1, routed)           1.880    23.301    clk50_IBUF
    BUFGCTRL_X0Y2        BUFG (Prop_bufg_I_O)         0.091    23.392 r  clk50_IBUF_BUFG_inst/O
                         net (fo=14, routed)          1.561    24.953    core/core/CLK
    SLICE_X43Y64         FDRE                                         r  core/core/g_slave.heartbeat_pipe_reg[0]/C
                         clock pessimism              0.000    24.953    
                         clock uncertainty           -0.474    24.480    
    SLICE_X43Y64         FDRE (Setup_fdre_C_D)       -0.253    24.227    core/core/g_slave.heartbeat_pipe_reg[0]
  -------------------------------------------------------------------
                         required time                         24.227    
                         arrival time                          -9.309    
  -------------------------------------------------------------------
                         slack                                 14.918    





Min Delay Paths
--------------------------------------------------------------------------------------
Slack (MET) :             1.206ns  (arrival time - required time)
  Source:                 core/core/g_slave.clock_heartbeat_reg[4]/C
                            (rising edge-triggered cell FDRE clocked by g_hw.mmcm_clk  {rise@0.000ns fall@10.000ns period=20.000ns})
  Destination:            core/core/g_slave.heartbeat_pipe_reg[0]/D
                            (rising edge-triggered cell FDRE clocked by local50  {rise@0.000ns fall@10.000ns period=20.000ns})
  Path Group:             local50
  Path Type:              Hold (Min at Slow Process Corner)
  Requirement:            0.000ns  (local50 rise@0.000ns - g_hw.mmcm_clk rise@0.000ns)
  Data Path Delay:        8.411ns  (logic 0.337ns (4.007%)  route 8.074ns (95.993%))
  Logic Levels:           0  
  Clock Path Skew:        6.691ns (DCD - SCD - CPR)
    Destination Clock Delay (DCD):    5.407ns
    Source Clock Delay      (SCD):    -1.283ns
    Clock Pessimism Removal (CPR):    -0.000ns
  Clock Uncertainty:      0.474ns  ((TSJ^2 + TIJ^2 + DJ^2)^1/2) / 2 + PE + UU
    Total System Jitter     (TSJ):    0.071ns
    Total Input Jitter      (TIJ):    0.100ns
    Discrete Jitter          (DJ):    0.179ns
    Phase Error              (PE):    0.165ns
    User Uncertainty         (UU):    0.200ns
  Clock Domain Crossing:  Inter clock paths are considered valid unless explicitly excluded by timing constraints such as set_clock_groups or set_false_path.

    Location             Delay type                Incr(ns)  Path(ns)    Netlist Resource(s)
  -------------------------------------------------------------------    -------------------
                         (clock g_hw.mmcm_clk rise edge)
                                                      0.000     0.000 r  
    N20                                               0.000     0.000 r  sync_clk (IN)
                         net (fo=0)                   0.000     0.000    core/core/clocks/sync_clk
    N20                  IBUF (Prop_ibuf_I_O)         1.423     1.423 r  core/core/clocks/g_hw.input_buffer/O
                         net (fo=1, routed)           1.162     2.585    core/core/clocks/g_hw.ibuf_clk
    MMCME2_ADV_X0Y0      MMCME2_ADV (Prop_mmcme2_adv_CLKIN1_CLKOUT0)
                                                     -7.118    -4.533 r  core/core/clocks/g_hw.mmcm/CLKOUT0
                         net (fo=1, routed)           1.599    -2.934    core/core/clocks/g_hw.mmcm_clk
    BUFGCTRL_X0Y0        BUFG (Prop_bufg_I_O)         0.091    -2.843 r  core/core/clocks/g_hw.output_buffer/O
                         net (fo=2518, routed)        1.560    -1.283    core/core/clk
    SLICE_X43Y65         FDRE                                         r  core/core/g_slave.clock_heartbeat_reg[4]/C
  -------------------------------------------------------------------    -------------------
    SLICE_X43Y65         FDRE (Prop_fdre_C_Q)         0.337    -0.946 r  core/core/g_slave.clock_heartbeat_reg[4]/Q
                         net (fo=2, routed)           8.074     7.127    core/core/g_slave.clock_heartbeat_reg[4]
    SLICE_X43Y64         FDRE                                         r  core/core/g_slave.heartbeat_pipe_reg[0]/D
  -------------------------------------------------------------------    -------------------

                         (clock local50 rise edge)    0.000     0.000 r  
    N18                                               0.000     0.000 r  clk50 (IN)
                         net (fo=0)                   0.000     0.000    clk50
    N18                  IBUF (Prop_ibuf_I_O)         1.492     1.492 r  clk50_IBUF_inst/O
                         net (fo=1, routed)           2.076     3.568    clk50_IBUF
    BUFGCTRL_X0Y2        BUFG (Prop_bufg_I_O)         0.101     3.669 r  clk50_IBUF_BUFG_inst/O
                         net (fo=14, routed)          1.738     5.407    core/core/CLK
    SLICE_X43Y64         FDRE                                         r  core/core/g_slave.heartbeat_pipe_reg[0]/C
                         clock pessimism              0.000     5.407    
                         clock uncertainty            0.474     5.881    
    SLICE_X43Y64         FDRE (Hold_fdre_C_D)         0.041     5.922    core/core/g_slave.heartbeat_pipe_reg[0]
  -------------------------------------------------------------------
                         required time                         -5.922    
                         arrival time                           7.127    
  -------------------------------------------------------------------
                         slack                                  1.206    





---------------------------------------------------------------------------------------------------
From Clock:  local50
  To Clock:  received50

Setup :            0  Failing Endpoints,  Worst Slack        0.929ns,  Total Violation        0.000ns
Hold  :            0  Failing Endpoints,  Worst Slack        4.686ns,  Total Violation        0.000ns
---------------------------------------------------------------------------------------------------


Max Delay Paths
--------------------------------------------------------------------------------------
Slack (MET) :             0.929ns  (required time - arrival time)
  Source:                 core/core/g_slave.alive_reg/C
                            (rising edge-triggered cell FDRE clocked by local50  {rise@0.000ns fall@10.000ns period=20.000ns})
  Destination:            trigger_out
                            (output port clocked by received50  {rise@0.000ns fall@10.000ns period=20.000ns})
  Path Group:             received50
  Path Type:              Max at Slow Process Corner
  Requirement:            20.000ns  (received50 rise@20.000ns - local50 rise@0.000ns)
  Data Path Delay:        8.385ns  (logic 4.566ns (54.456%)  route 3.819ns (45.544%))
  Logic Levels:           2  (LUT5=1 OBUF=1)
  Output Delay:           5.000ns
  Clock Path Skew:        -5.407ns (DCD - SCD + CPR)
    Destination Clock Delay (DCD):    0.000ns = ( 20.000 - 20.000 ) 
    Source Clock Delay      (SCD):    5.407ns
    Clock Pessimism Removal (CPR):    0.000ns
  Clock Uncertainty:      0.279ns  ((TSJ^2 + TIJ^2)^1/2 + DJ) / 2 + PE + UU
    Total System Jitter     (TSJ):    0.071ns
    Total Input Jitter      (TIJ):    0.141ns
    Discrete Jitter          (DJ):    0.000ns
    Phase Error              (PE):    0.000ns
    User Uncertainty         (UU):    0.200ns
  Clock Domain Crossing:  Inter clock paths are considered valid unless explicitly excluded by timing constraints such as set_clock_groups or set_false_path.

    Location             Delay type                Incr(ns)  Path(ns)    Netlist Resource(s)
  -------------------------------------------------------------------    -------------------
                         (clock local50 rise edge)    0.000     0.000 r  
    N18                                               0.000     0.000 r  clk50 (IN)
                         net (fo=0)                   0.000     0.000    clk50
    N18                  IBUF (Prop_ibuf_I_O)         1.492     1.492 r  clk50_IBUF_inst/O
                         net (fo=1, routed)           2.076     3.568    clk50_IBUF
    BUFGCTRL_X0Y2        BUFG (Prop_bufg_I_O)         0.101     3.669 r  clk50_IBUF_BUFG_inst/O
                         net (fo=14, routed)          1.738     5.407    core/core/CLK
    SLICE_X43Y64         FDRE                                         r  core/core/g_slave.alive_reg/C
  -------------------------------------------------------------------    -------------------
    SLICE_X43Y64         FDRE (Prop_fdre_C_Q)         0.456     5.863 r  core/core/g_slave.alive_reg/Q
                         net (fo=7, routed)           0.772     6.635    core/core/g_slave.receiver/D[0]
    SLICE_X43Y73         LUT5 (Prop_lut5_I2_O)        0.124     6.759 r  core/core/g_slave.receiver/trigger_out_OBUF_inst_i_1/O
                         net (fo=1, routed)           3.047     9.806    trigger_out_OBUF
    P20                  OBUF (Prop_obuf_I_O)         3.986    13.792 r  trigger_out_OBUF_inst/O
                         net (fo=0)                   0.000    13.792    trigger_out
    P20                                                               r  trigger_out (OUT)
  -------------------------------------------------------------------    -------------------

                         (clock received50 rise edge)
                                                     20.000    20.000 r  
                         clock pessimism              0.000    20.000    
                         clock uncertainty           -0.279    19.721    
                         output delay                -5.000    14.721    
  -------------------------------------------------------------------
                         required time                         14.721    
                         arrival time                         -13.792    
  -------------------------------------------------------------------
                         slack                                  0.929    





Min Delay Paths
--------------------------------------------------------------------------------------
Slack (MET) :             4.686ns  (arrival time - required time)
  Source:                 core/core/g_slave.alive_reg/C
                            (rising edge-triggered cell FDRE clocked by local50  {rise@0.000ns fall@10.000ns period=20.000ns})
  Destination:            led_sync_n
                            (output port clocked by received50  {rise@0.000ns fall@10.000ns period=20.000ns})
  Path Group:             received50
  Path Type:              Min at Fast Process Corner
  Requirement:            0.000ns  (received50 rise@0.000ns - local50 rise@0.000ns)
  Data Path Delay:        2.967ns  (logic 2.240ns (75.513%)  route 0.727ns (24.487%))
  Logic Levels:           2  (LUT4=1 OBUF=1)
  Output Delay:           0.500ns
  Clock Path Skew:        -1.499ns (DCD - SCD - CPR)
    Destination Clock Delay (DCD):    0.000ns
    Source Clock Delay      (SCD):    1.499ns
    Clock Pessimism Removal (CPR):    -0.000ns
  Clock Uncertainty:      0.279ns  ((TSJ^2 + TIJ^2)^1/2 + DJ) / 2 + PE + UU
    Total System Jitter     (TSJ):    0.071ns
    Total Input Jitter      (TIJ):    0.141ns
    Discrete Jitter          (DJ):    0.000ns
    Phase Error              (PE):    0.000ns
    User Uncertainty         (UU):    0.200ns
  Clock Domain Crossing:  Inter clock paths are considered valid unless explicitly excluded by timing constraints such as set_clock_groups or set_false_path.

    Location             Delay type                Incr(ns)  Path(ns)    Netlist Resource(s)
  -------------------------------------------------------------------    -------------------
                         (clock local50 rise edge)    0.000     0.000 r  
    N18                                               0.000     0.000 r  clk50 (IN)
                         net (fo=0)                   0.000     0.000    clk50
    N18                  IBUF (Prop_ibuf_I_O)         0.260     0.260 r  clk50_IBUF_inst/O
                         net (fo=1, routed)           0.627     0.887    clk50_IBUF
    BUFGCTRL_X0Y2        BUFG (Prop_bufg_I_O)         0.026     0.913 r  clk50_IBUF_BUFG_inst/O
                         net (fo=14, routed)          0.586     1.499    core/core/CLK
    SLICE_X43Y64         FDRE                                         r  core/core/g_slave.alive_reg/C
  -------------------------------------------------------------------    -------------------
    SLICE_X43Y64         FDRE (Prop_fdre_C_Q)         0.141     1.640 f  core/core/g_slave.alive_reg/Q
                         net (fo=7, routed)           0.309     1.948    core/core/g_slave.receiver/D[0]
    SLICE_X43Y73         LUT4 (Prop_lut4_I1_O)        0.049     1.997 r  core/core/g_slave.receiver/led_sync_n_OBUF_inst_i_1/O
                         net (fo=1, routed)           0.418     2.415    led_sync_n_OBUF
    K18                  OBUF (Prop_obuf_I_O)         2.050     4.466 r  led_sync_n_OBUF_inst/O
                         net (fo=0)                   0.000     4.466    led_sync_n
    K18                                                               r  led_sync_n (OUT)
  -------------------------------------------------------------------    -------------------

                         (clock received50 rise edge)
                                                      0.000     0.000 r  
                         clock pessimism              0.000     0.000    
                         clock uncertainty            0.279     0.279    
                         output delay                -0.500    -0.221    
  -------------------------------------------------------------------
                         required time                          0.221    
                         arrival time                           4.466    
  -------------------------------------------------------------------
                         slack                                  4.686    





---------------------------------------------------------------------------------------------------
From Clock:  g_hw.mmcm_clk
  To Clock:  received50

Setup :            0  Failing Endpoints,  Worst Slack        6.106ns,  Total Violation        0.000ns
Hold  :            0  Failing Endpoints,  Worst Slack        2.107ns,  Total Violation        0.000ns
---------------------------------------------------------------------------------------------------


Max Delay Paths
--------------------------------------------------------------------------------------
Slack (MET) :             6.106ns  (required time - arrival time)
  Source:                 core/core/g_slave.receiver/sync_locked_reg/C
                            (rising edge-triggered cell FDRE clocked by g_hw.mmcm_clk  {rise@0.000ns fall@10.000ns period=20.000ns})
  Destination:            trigger_out
                            (output port clocked by received50  {rise@0.000ns fall@10.000ns period=20.000ns})
  Path Group:             received50
  Path Type:              Max at Slow Process Corner
  Requirement:            20.000ns  (received50 rise@20.000ns - g_hw.mmcm_clk rise@0.000ns)
  Data Path Delay:        9.052ns  (logic 4.566ns (50.439%)  route 4.486ns (49.561%))
  Logic Levels:           2  (LUT5=1 OBUF=1)
  Output Delay:           5.000ns
  Clock Path Skew:        0.632ns (DCD - SCD + CPR)
    Destination Clock Delay (DCD):    0.000ns = ( 20.000 - 20.000 ) 
    Source Clock Delay      (SCD):    -0.632ns
    Clock Pessimism Removal (CPR):    0.000ns
  Clock Uncertainty:      0.474ns  ((TSJ^2 + TIJ^2 + DJ^2)^1/2) / 2 + PE + UU
    Total System Jitter     (TSJ):    0.071ns
    Total Input Jitter      (TIJ):    0.100ns
    Discrete Jitter          (DJ):    0.179ns
    Phase Error              (PE):    0.165ns
    User Uncertainty         (UU):    0.200ns

    Location             Delay type                Incr(ns)  Path(ns)    Netlist Resource(s)
  -------------------------------------------------------------------    -------------------
                         (clock g_hw.mmcm_clk rise edge)
                                                      0.000     0.000 r  
    N20                                               0.000     0.000 r  sync_clk (IN)
                         net (fo=0)                   0.000     0.000    core/core/clocks/sync_clk
    N20                  IBUF (Prop_ibuf_I_O)         1.494     1.494 r  core/core/clocks/g_hw.input_buffer/O
                         net (fo=1, routed)           1.285     2.779    core/core/clocks/g_hw.ibuf_clk
    MMCME2_ADV_X0Y0      MMCME2_ADV (Prop_mmcme2_adv_CLKIN1_CLKOUT0)
                                                     -7.010    -4.231 r  core/core/clocks/g_hw.mmcm/CLKOUT0
                         net (fo=1, routed)           1.760    -2.471    core/core/clocks/g_hw.mmcm_clk
    BUFGCTRL_X0Y0        BUFG (Prop_bufg_I_O)         0.101    -2.370 r  core/core/clocks/g_hw.output_buffer/O
                         net (fo=2518, routed)        1.738    -0.632    core/core/g_slave.receiver/complete_reg_inv
    SLICE_X43Y86         FDRE                                         r  core/core/g_slave.receiver/sync_locked_reg/C
  -------------------------------------------------------------------    -------------------
    SLICE_X43Y86         FDRE (Prop_fdre_C_Q)         0.456    -0.176 r  core/core/g_slave.receiver/sync_locked_reg/Q
                         net (fo=12, routed)          1.439     1.263    core/core/g_slave.receiver/g_slave.slave_lock
    SLICE_X43Y73         LUT5 (Prop_lut5_I1_O)        0.124     1.387 r  core/core/g_slave.receiver/trigger_out_OBUF_inst_i_1/O
                         net (fo=1, routed)           3.047     4.434    trigger_out_OBUF
    P20                  OBUF (Prop_obuf_I_O)         3.986     8.420 r  trigger_out_OBUF_inst/O
                         net (fo=0)                   0.000     8.420    trigger_out
    P20                                                               r  trigger_out (OUT)
  -------------------------------------------------------------------    -------------------

                         (clock received50 rise edge)
                                                     20.000    20.000 r  
                         clock pessimism              0.000    20.000    
                         clock uncertainty           -0.474    19.526    
                         output delay                -5.000    14.526    
  -------------------------------------------------------------------
                         required time                         14.526    
                         arrival time                          -8.420    
  -------------------------------------------------------------------
                         slack                                  6.106    





Min Delay Paths
--------------------------------------------------------------------------------------
Slack (MET) :             2.107ns  (arrival time - required time)
  Source:                 core/core/g_slave.receiver/echo_toggle_reg/C
                            (rising edge-triggered cell FDRE clocked by g_hw.mmcm_clk  {rise@0.000ns fall@10.000ns period=20.000ns})
  Destination:            sync_echo
                            (output port clocked by received50  {rise@0.000ns fall@10.000ns period=20.000ns})
  Path Group:             received50
  Path Type:              Min at Fast Process Corner
  Requirement:            0.000ns  (received50 rise@0.000ns - g_hw.mmcm_clk rise@0.000ns)
  Data Path Delay:        2.561ns  (logic 2.181ns (85.174%)  route 0.380ns (14.826%))
  Logic Levels:           1  (OBUF=1)
  Output Delay:           0.500ns
  Clock Path Skew:        0.480ns (DCD - SCD - CPR)
    Destination Clock Delay (DCD):    0.000ns
    Source Clock Delay      (SCD):    -0.480ns
    Clock Pessimism Removal (CPR):    -0.000ns
  Clock Uncertainty:      0.474ns  ((TSJ^2 + TIJ^2 + DJ^2)^1/2) / 2 + PE + UU
    Total System Jitter     (TSJ):    0.071ns
    Total Input Jitter      (TIJ):    0.100ns
    Discrete Jitter          (DJ):    0.179ns
    Phase Error              (PE):    0.165ns
    User Uncertainty         (UU):    0.200ns

    Location             Delay type                Incr(ns)  Path(ns)    Netlist Resource(s)
  -------------------------------------------------------------------    -------------------
                         (clock g_hw.mmcm_clk rise edge)
                                                      0.000     0.000 r  
    N20                                               0.000     0.000 r  sync_clk (IN)
                         net (fo=0)                   0.000     0.000    core/core/clocks/sync_clk
    N20                  IBUF (Prop_ibuf_I_O)         0.262     0.262 r  core/core/clocks/g_hw.input_buffer/O
                         net (fo=1, routed)           0.440     0.702    core/core/clocks/g_hw.ibuf_clk
    MMCME2_ADV_X0Y0      MMCME2_ADV (Prop_mmcme2_adv_CLKIN1_CLKOUT0)
                                                     -2.271    -1.570 r  core/core/clocks/g_hw.mmcm/CLKOUT0
                         net (fo=1, routed)           0.482    -1.088    core/core/clocks/g_hw.mmcm_clk
    BUFGCTRL_X0Y0        BUFG (Prop_bufg_I_O)         0.026    -1.062 r  core/core/clocks/g_hw.output_buffer/O
                         net (fo=2518, routed)        0.582    -0.480    core/core/g_slave.receiver/complete_reg_inv
    SLICE_X43Y80         FDRE                                         r  core/core/g_slave.receiver/echo_toggle_reg/C
  -------------------------------------------------------------------    -------------------
    SLICE_X43Y80         FDRE (Prop_fdre_C_Q)         0.141    -0.339 r  core/core/g_slave.receiver/echo_toggle_reg/Q
                         net (fo=2, routed)           0.380     0.041    sync_echo_OBUF
    M19                  OBUF (Prop_obuf_I_O)         2.040     2.081 r  sync_echo_OBUF_inst/O
                         net (fo=0)                   0.000     2.081    sync_echo
    M19                                                               r  sync_echo (OUT)
  -------------------------------------------------------------------    -------------------

                         (clock received50 rise edge)
                                                      0.000     0.000 r  
                         clock pessimism              0.000     0.000    
                         clock uncertainty            0.474     0.474    
                         output delay                -0.500    -0.026    
  -------------------------------------------------------------------
                         required time                          0.026    
                         arrival time                           2.081    
  -------------------------------------------------------------------
                         slack                                  2.107    





---------------------------------------------------------------------------------------------------
From Clock:  dbg_hub/inst/BSCANID.u_xsdbm_id/SWITCH_N_EXT_BSCAN.bscan_inst/SERIES7_BSCAN.bscan_inst/TCK
  To Clock:  g_hw.mmcm_clk

Setup :            0  Failing Endpoints,  Worst Slack       31.482ns,  Total Violation        0.000ns
Hold  :           NA  Failing Endpoints,  Worst Slack           NA  ,  Total Violation           NA
---------------------------------------------------------------------------------------------------


Max Delay Paths
--------------------------------------------------------------------------------------
Slack (MET) :             31.482ns  (required time - arrival time)
  Source:                 dbg_hub/inst/BSCANID.u_xsdbm_id/CORE_XSDB.UUT_MASTER/U_ICON_INTERFACE/U_CMD6_WR/U_WR_FIFO/SUBCORE_FIFO.xsdbm_v3_0_5_wrfifo_inst/inst_fifo_gen/gconvfifo.rf/grf.rf/gntv_or_sync_fifo.gcx.clkx/gnxpm_cdc.wr_pntr_gc_reg[1]/C
                            (rising edge-triggered cell FDCE clocked by dbg_hub/inst/BSCANID.u_xsdbm_id/SWITCH_N_EXT_BSCAN.bscan_inst/SERIES7_BSCAN.bscan_inst/TCK  {rise@0.000ns fall@16.500ns period=33.000ns})
  Destination:            dbg_hub/inst/BSCANID.u_xsdbm_id/CORE_XSDB.UUT_MASTER/U_ICON_INTERFACE/U_CMD6_WR/U_WR_FIFO/SUBCORE_FIFO.xsdbm_v3_0_5_wrfifo_inst/inst_fifo_gen/gconvfifo.rf/grf.rf/gntv_or_sync_fifo.gcx.clkx/gnxpm_cdc.gsync_stage[1].rd_stg_inst/Q_reg_reg[1]/D
                            (rising edge-triggered cell FDCE clocked by g_hw.mmcm_clk  {rise@0.000ns fall@10.000ns period=20.000ns})
  Path Group:             g_hw.mmcm_clk
  Path Type:              Setup (Max at Slow Process Corner)
  Requirement:            33.000ns  (MaxDelay Path 33.000ns)
  Data Path Delay:        1.303ns  (logic 0.419ns (32.157%)  route 0.884ns (67.843%))
  Logic Levels:           0  
  Timing Exception:       MaxDelay Path 33.000ns -datapath_only

    Location             Delay type                Incr(ns)  Path(ns)    Netlist Resource(s)
  -------------------------------------------------------------------    -------------------
    SLICE_X35Y54                                      0.000     0.000 r  dbg_hub/inst/BSCANID.u_xsdbm_id/CORE_XSDB.UUT_MASTER/U_ICON_INTERFACE/U_CMD6_WR/U_WR_FIFO/SUBCORE_FIFO.xsdbm_v3_0_5_wrfifo_inst/inst_fifo_gen/gconvfifo.rf/grf.rf/gntv_or_sync_fifo.gcx.clkx/gnxpm_cdc.wr_pntr_gc_reg[1]/C
    SLICE_X35Y54         FDCE (Prop_fdce_C_Q)         0.419     0.419 r  dbg_hub/inst/BSCANID.u_xsdbm_id/CORE_XSDB.UUT_MASTER/U_ICON_INTERFACE/U_CMD6_WR/U_WR_FIFO/SUBCORE_FIFO.xsdbm_v3_0_5_wrfifo_inst/inst_fifo_gen/gconvfifo.rf/grf.rf/gntv_or_sync_fifo.gcx.clkx/gnxpm_cdc.wr_pntr_gc_reg[1]/Q
                         net (fo=1, routed)           0.884     1.303    dbg_hub/inst/BSCANID.u_xsdbm_id/CORE_XSDB.UUT_MASTER/U_ICON_INTERFACE/U_CMD6_WR/U_WR_FIFO/SUBCORE_FIFO.xsdbm_v3_0_5_wrfifo_inst/inst_fifo_gen/gconvfifo.rf/grf.rf/gntv_or_sync_fifo.gcx.clkx/gnxpm_cdc.gsync_stage[1].rd_stg_inst/Q[1]
    SLICE_X34Y53         FDCE                                         r  dbg_hub/inst/BSCANID.u_xsdbm_id/CORE_XSDB.UUT_MASTER/U_ICON_INTERFACE/U_CMD6_WR/U_WR_FIFO/SUBCORE_FIFO.xsdbm_v3_0_5_wrfifo_inst/inst_fifo_gen/gconvfifo.rf/grf.rf/gntv_or_sync_fifo.gcx.clkx/gnxpm_cdc.gsync_stage[1].rd_stg_inst/Q_reg_reg[1]/D
  -------------------------------------------------------------------    -------------------

                         max delay                   33.000    33.000    
    SLICE_X34Y53         FDCE (Setup_fdce_C_D)       -0.215    32.785    dbg_hub/inst/BSCANID.u_xsdbm_id/CORE_XSDB.UUT_MASTER/U_ICON_INTERFACE/U_CMD6_WR/U_WR_FIFO/SUBCORE_FIFO.xsdbm_v3_0_5_wrfifo_inst/inst_fifo_gen/gconvfifo.rf/grf.rf/gntv_or_sync_fifo.gcx.clkx/gnxpm_cdc.gsync_stage[1].rd_stg_inst/Q_reg_reg[1]
  -------------------------------------------------------------------
                         required time                         32.785    
                         arrival time                          -1.303    
  -------------------------------------------------------------------
                         slack                                 31.482    





---------------------------------------------------------------------------------------------------
From Clock:  local50
  To Clock:  g_hw.mmcm_clk

Setup :            0  Failing Endpoints,  Worst Slack       10.995ns,  Total Violation        0.000ns
Hold  :            0  Failing Endpoints,  Worst Slack        2.451ns,  Total Violation        0.000ns
---------------------------------------------------------------------------------------------------


Max Delay Paths
--------------------------------------------------------------------------------------
Slack (MET) :             10.995ns  (required time - arrival time)
  Source:                 core/core/g_slave.alive_reg/C
                            (rising edge-triggered cell FDRE clocked by local50  {rise@0.000ns fall@10.000ns period=20.000ns})
  Destination:            core/core/g_slave.alive_pipe_reg[0]/D
                            (rising edge-triggered cell FDRE clocked by g_hw.mmcm_clk  {rise@0.000ns fall@10.000ns period=20.000ns})
  Path Group:             g_hw.mmcm_clk
  Path Type:              Setup (Max at Slow Process Corner)
  Requirement:            20.000ns  (g_hw.mmcm_clk rise@20.000ns - local50 rise@0.000ns)
  Data Path Delay:        1.737ns  (logic 0.456ns (26.254%)  route 1.281ns (73.746%))
  Logic Levels:           0  
  Clock Path Skew:        -6.700ns (DCD - SCD + CPR)
    Destination Clock Delay (DCD):    -1.292ns = ( 18.708 - 20.000 ) 
    Source Clock Delay      (SCD):    5.407ns
    Clock Pessimism Removal (CPR):    0.000ns
  Clock Uncertainty:      0.474ns  ((TSJ^2 + TIJ^2 + DJ^2)^1/2) / 2 + PE + UU
    Total System Jitter     (TSJ):    0.071ns
    Total Input Jitter      (TIJ):    0.100ns
    Discrete Jitter          (DJ):    0.179ns
    Phase Error              (PE):    0.165ns
    User Uncertainty         (UU):    0.200ns
  Clock Domain Crossing:  Inter clock paths are considered valid unless explicitly excluded by timing constraints such as set_clock_groups or set_false_path.

    Location             Delay type                Incr(ns)  Path(ns)    Netlist Resource(s)
  -------------------------------------------------------------------    -------------------
                         (clock local50 rise edge)    0.000     0.000 r  
    N18                                               0.000     0.000 r  clk50 (IN)
                         net (fo=0)                   0.000     0.000    clk50
    N18                  IBUF (Prop_ibuf_I_O)         1.492     1.492 r  clk50_IBUF_inst/O
                         net (fo=1, routed)           2.076     3.568    clk50_IBUF
    BUFGCTRL_X0Y2        BUFG (Prop_bufg_I_O)         0.101     3.669 r  clk50_IBUF_BUFG_inst/O
                         net (fo=14, routed)          1.738     5.407    core/core/CLK
    SLICE_X43Y64         FDRE                                         r  core/core/g_slave.alive_reg/C
  -------------------------------------------------------------------    -------------------
    SLICE_X43Y64         FDRE (Prop_fdre_C_Q)         0.456     5.863 r  core/core/g_slave.alive_reg/Q
                         net (fo=7, routed)           1.281     7.144    core/core/watchdog_alive
    SLICE_X43Y73         FDRE                                         r  core/core/g_slave.alive_pipe_reg[0]/D
  -------------------------------------------------------------------    -------------------

                         (clock g_hw.mmcm_clk rise edge)
                                                     20.000    20.000 r  
    N20                                               0.000    20.000 r  sync_clk (IN)
                         net (fo=0)                   0.000    20.000    core/core/clocks/sync_clk
    N20                  IBUF (Prop_ibuf_I_O)         1.423    21.423 r  core/core/clocks/g_hw.input_buffer/O
                         net (fo=1, routed)           1.162    22.585    core/core/clocks/g_hw.ibuf_clk
    MMCME2_ADV_X0Y0      MMCME2_ADV (Prop_mmcme2_adv_CLKIN1_CLKOUT0)
                                                     -7.118    15.467 r  core/core/clocks/g_hw.mmcm/CLKOUT0
                         net (fo=1, routed)           1.599    17.066    core/core/clocks/g_hw.mmcm_clk
    BUFGCTRL_X0Y0        BUFG (Prop_bufg_I_O)         0.091    17.157 r  core/core/clocks/g_hw.output_buffer/O
                         net (fo=2518, routed)        1.551    18.708    core/core/clk
    SLICE_X43Y73         FDRE                                         r  core/core/g_slave.alive_pipe_reg[0]/C
                         clock pessimism              0.000    18.708    
                         clock uncertainty           -0.474    18.234    
    SLICE_X43Y73         FDRE (Setup_fdre_C_D)       -0.095    18.139    core/core/g_slave.alive_pipe_reg[0]
  -------------------------------------------------------------------
                         required time                         18.139    
                         arrival time                          -7.144    
  -------------------------------------------------------------------
                         slack                                 10.995    





Min Delay Paths
--------------------------------------------------------------------------------------
Slack (MET) :             2.451ns  (arrival time - required time)
  Source:                 core/core/g_slave.alive_reg/C
                            (rising edge-triggered cell FDRE clocked by local50  {rise@0.000ns fall@10.000ns period=20.000ns})
  Destination:            core/core/g_slave.alive_pipe_reg[0]/D
                            (rising edge-triggered cell FDRE clocked by g_hw.mmcm_clk  {rise@0.000ns fall@10.000ns period=20.000ns})
  Path Group:             g_hw.mmcm_clk
  Path Type:              Hold (Min at Fast Process Corner)
  Requirement:            0.000ns  (g_hw.mmcm_clk rise@0.000ns - local50 rise@0.000ns)
  Data Path Delay:        0.754ns  (logic 0.141ns (18.703%)  route 0.613ns (81.297%))
  Logic Levels:           0  
  Clock Path Skew:        -2.217ns (DCD - SCD - CPR)
    Destination Clock Delay (DCD):    -0.718ns
    Source Clock Delay      (SCD):    1.499ns
    Clock Pessimism Removal (CPR):    -0.000ns
  Clock Uncertainty:      0.474ns  ((TSJ^2 + TIJ^2 + DJ^2)^1/2) / 2 + PE + UU
    Total System Jitter     (TSJ):    0.071ns
    Total Input Jitter      (TIJ):    0.100ns
    Discrete Jitter          (DJ):    0.179ns
    Phase Error              (PE):    0.165ns
    User Uncertainty         (UU):    0.200ns
  Clock Domain Crossing:  Inter clock paths are considered valid unless explicitly excluded by timing constraints such as set_clock_groups or set_false_path.

    Location             Delay type                Incr(ns)  Path(ns)    Netlist Resource(s)
  -------------------------------------------------------------------    -------------------
                         (clock local50 rise edge)    0.000     0.000 r  
    N18                                               0.000     0.000 r  clk50 (IN)
                         net (fo=0)                   0.000     0.000    clk50
    N18                  IBUF (Prop_ibuf_I_O)         0.260     0.260 r  clk50_IBUF_inst/O
                         net (fo=1, routed)           0.627     0.887    clk50_IBUF
    BUFGCTRL_X0Y2        BUFG (Prop_bufg_I_O)         0.026     0.913 r  clk50_IBUF_BUFG_inst/O
                         net (fo=14, routed)          0.586     1.499    core/core/CLK
    SLICE_X43Y64         FDRE                                         r  core/core/g_slave.alive_reg/C
  -------------------------------------------------------------------    -------------------
    SLICE_X43Y64         FDRE (Prop_fdre_C_Q)         0.141     1.640 r  core/core/g_slave.alive_reg/Q
                         net (fo=7, routed)           0.613     2.252    core/core/watchdog_alive
    SLICE_X43Y73         FDRE                                         r  core/core/g_slave.alive_pipe_reg[0]/D
  -------------------------------------------------------------------    -------------------

                         (clock g_hw.mmcm_clk rise edge)
                                                      0.000     0.000 r  
    N20                                               0.000     0.000 r  sync_clk (IN)
                         net (fo=0)                   0.000     0.000    core/core/clocks/sync_clk
    N20                  IBUF (Prop_ibuf_I_O)         0.450     0.450 r  core/core/clocks/g_hw.input_buffer/O
                         net (fo=1, routed)           0.480     0.930    core/core/clocks/g_hw.ibuf_clk
    MMCME2_ADV_X0Y0      MMCME2_ADV (Prop_mmcme2_adv_CLKIN1_CLKOUT0)
                                                     -3.050    -2.120 r  core/core/clocks/g_hw.mmcm/CLKOUT0
                         net (fo=1, routed)           0.528    -1.592    core/core/clocks/g_hw.mmcm_clk
    BUFGCTRL_X0Y0        BUFG (Prop_bufg_I_O)         0.029    -1.563 r  core/core/clocks/g_hw.output_buffer/O
                         net (fo=2518, routed)        0.845    -0.718    core/core/clk
    SLICE_X43Y73         FDRE                                         r  core/core/g_slave.alive_pipe_reg[0]/C
                         clock pessimism              0.000    -0.718    
                         clock uncertainty            0.474    -0.245    
    SLICE_X43Y73         FDRE (Hold_fdre_C_D)         0.046    -0.199    core/core/g_slave.alive_pipe_reg[0]
  -------------------------------------------------------------------
                         required time                          0.199    
                         arrival time                           2.252    
  -------------------------------------------------------------------
                         slack                                  2.451    





---------------------------------------------------------------------------------------------------
From Clock:  received50
  To Clock:  g_hw.mmcm_clk

Setup :            0  Failing Endpoints,  Worst Slack        0.430ns,  Total Violation        0.000ns
Hold  :            0  Failing Endpoints,  Worst Slack       11.402ns,  Total Violation        0.000ns
---------------------------------------------------------------------------------------------------


Max Delay Paths
--------------------------------------------------------------------------------------
Slack (MET) :             0.430ns  (required time - arrival time)
  Source:                 sync_valid
                            (input port clocked by received50  {rise@0.000ns fall@10.000ns period=20.000ns})
  Destination:            core/core/g_slave.receiver/decoder/rx_crc_reg[1]/R
                            (rising edge-triggered cell FDRE clocked by g_hw.mmcm_clk  {rise@0.000ns fall@10.000ns period=20.000ns})
  Path Group:             g_hw.mmcm_clk
  Path Type:              Setup (Max at Slow Process Corner)
  Requirement:            10.000ns  (g_hw.mmcm_clk rise@20.000ns - received50 fall@10.000ns)
  Data Path Delay:        3.295ns  (logic 1.660ns (50.382%)  route 1.635ns (49.618%))
  Logic Levels:           2  (IBUF=1 LUT2=1)
  Input Delay:            4.000ns
  Clock Path Skew:        -1.277ns (DCD - SCD + CPR)
    Destination Clock Delay (DCD):    -1.277ns = ( 18.723 - 20.000 ) 
    Source Clock Delay      (SCD):    0.000ns = ( 10.000 - 10.000 ) 
    Clock Pessimism Removal (CPR):    0.000ns
  Clock Uncertainty:      0.474ns  ((TSJ^2 + TIJ^2 + DJ^2)^1/2) / 2 + PE + UU
    Total System Jitter     (TSJ):    0.071ns
    Total Input Jitter      (TIJ):    0.100ns
    Discrete Jitter          (DJ):    0.179ns
    Phase Error              (PE):    0.165ns
    User Uncertainty         (UU):    0.200ns

    Location             Delay type                Incr(ns)  Path(ns)    Netlist Resource(s)
  -------------------------------------------------------------------    -------------------
                         (clock received50 fall edge)
                                                     10.000    10.000 f  
                         input delay                  4.000    14.000    
    M20                                               0.000    14.000 f  sync_valid (IN)
                         net (fo=0)                   0.000    14.000    sync_valid
    M20                  IBUF (Prop_ibuf_I_O)         1.536    15.536 f  sync_valid_IBUF_inst/O
                         net (fo=6, routed)           1.069    16.605    core/core/g_slave.receiver/decoder/sync_valid_IBUF
    SLICE_X42Y90         LUT2 (Prop_lut2_I1_O)        0.124    16.729 r  core/core/g_slave.receiver/decoder/crc[15]_i_1/O
                         net (fo=40, routed)          0.566    17.295    core/core/g_slave.receiver/decoder/crc[15]_i_1_n_0
    SLICE_X42Y93         FDRE                                         r  core/core/g_slave.receiver/decoder/rx_crc_reg[1]/R
  -------------------------------------------------------------------    -------------------

                         (clock g_hw.mmcm_clk rise edge)
                                                     20.000    20.000 r  
    N20                                               0.000    20.000 r  sync_clk (IN)
                         net (fo=0)                   0.000    20.000    core/core/clocks/sync_clk
    N20                  IBUF (Prop_ibuf_I_O)         1.423    21.423 r  core/core/clocks/g_hw.input_buffer/O
                         net (fo=1, routed)           1.162    22.585    core/core/clocks/g_hw.ibuf_clk
    MMCME2_ADV_X0Y0      MMCME2_ADV (Prop_mmcme2_adv_CLKIN1_CLKOUT0)
                                                     -7.118    15.467 r  core/core/clocks/g_hw.mmcm/CLKOUT0
                         net (fo=1, routed)           1.599    17.066    core/core/clocks/g_hw.mmcm_clk
    BUFGCTRL_X0Y0        BUFG (Prop_bufg_I_O)         0.091    17.157 r  core/core/clocks/g_hw.output_buffer/O
                         net (fo=2518, routed)        1.566    18.723    core/core/g_slave.receiver/decoder/complete_reg_inv_0
    SLICE_X42Y93         FDRE                                         r  core/core/g_slave.receiver/decoder/rx_crc_reg[1]/C
                         clock pessimism              0.000    18.723    
                         clock uncertainty           -0.474    18.249    
    SLICE_X42Y93         FDRE (Setup_fdre_C_R)       -0.524    17.725    core/core/g_slave.receiver/decoder/rx_crc_reg[1]
  -------------------------------------------------------------------
                         required time                         17.725    
                         arrival time                         -17.295    
  -------------------------------------------------------------------
                         slack                                  0.430    





Min Delay Paths
--------------------------------------------------------------------------------------
Slack (MET) :             11.402ns  (arrival time - required time)
  Source:                 sync_data
                            (input port clocked by received50  {rise@0.000ns fall@10.000ns period=20.000ns})
  Destination:            core/core/g_slave.receiver/decoder/shift_payload_reg[0]/D
                            (rising edge-triggered cell FDRE clocked by g_hw.mmcm_clk  {rise@0.000ns fall@10.000ns period=20.000ns})
  Path Group:             g_hw.mmcm_clk
  Path Type:              Hold (Min at Fast Process Corner)
  Requirement:            -10.000ns  (g_hw.mmcm_clk rise@0.000ns - received50 fall@10.000ns)
  Data Path Delay:        0.754ns  (logic 0.302ns (40.032%)  route 0.452ns (59.968%))
  Logic Levels:           1  (IBUF=1)
  Input Delay:            0.500ns
  Clock Path Skew:        -0.711ns (DCD - SCD - CPR)
    Destination Clock Delay (DCD):    -0.711ns
    Source Clock Delay      (SCD):    0.000ns = ( 10.000 - 10.000 ) 
    Clock Pessimism Removal (CPR):    -0.000ns
  Clock Uncertainty:      0.474ns  ((TSJ^2 + TIJ^2 + DJ^2)^1/2) / 2 + PE + UU
    Total System Jitter     (TSJ):    0.071ns
    Total Input Jitter      (TIJ):    0.100ns
    Discrete Jitter          (DJ):    0.179ns
    Phase Error              (PE):    0.165ns
    User Uncertainty         (UU):    0.200ns

    Location             Delay type                Incr(ns)  Path(ns)    Netlist Resource(s)
  -------------------------------------------------------------------    -------------------
                         (clock received50 fall edge)
                                                     10.000    10.000 f  
                         input delay                  0.500    10.500    
    M18                                               0.000    10.500 r  sync_data (IN)
                         net (fo=0)                   0.000    10.500    sync_data
    M18                  IBUF (Prop_ibuf_I_O)         0.302    10.802 r  sync_data_IBUF_inst/O
                         net (fo=5, routed)           0.452    11.254    core/core/g_slave.receiver/decoder/sync_data_IBUF
    SLICE_X42Y82         FDRE                                         r  core/core/g_slave.receiver/decoder/shift_payload_reg[0]/D
  -------------------------------------------------------------------    -------------------

                         (clock g_hw.mmcm_clk rise edge)
                                                      0.000     0.000 r  
    N20                                               0.000     0.000 r  sync_clk (IN)
                         net (fo=0)                   0.000     0.000    core/core/clocks/sync_clk
    N20                  IBUF (Prop_ibuf_I_O)         0.450     0.450 r  core/core/clocks/g_hw.input_buffer/O
                         net (fo=1, routed)           0.480     0.930    core/core/clocks/g_hw.ibuf_clk
    MMCME2_ADV_X0Y0      MMCME2_ADV (Prop_mmcme2_adv_CLKIN1_CLKOUT0)
                                                     -3.050    -2.120 r  core/core/clocks/g_hw.mmcm/CLKOUT0
                         net (fo=1, routed)           0.528    -1.592    core/core/clocks/g_hw.mmcm_clk
    BUFGCTRL_X0Y0        BUFG (Prop_bufg_I_O)         0.029    -1.563 r  core/core/clocks/g_hw.output_buffer/O
                         net (fo=2518, routed)        0.852    -0.711    core/core/g_slave.receiver/decoder/complete_reg_inv_0
    SLICE_X42Y82         FDRE                                         r  core/core/g_slave.receiver/decoder/shift_payload_reg[0]/C
                         clock pessimism              0.000    -0.711    
                         clock uncertainty            0.474    -0.238    
    SLICE_X42Y82         FDRE (Hold_fdre_C_D)         0.090    -0.148    core/core/g_slave.receiver/decoder/shift_payload_reg[0]
  -------------------------------------------------------------------
                         required time                          0.148    
                         arrival time                          11.254    
  -------------------------------------------------------------------
                         slack                                 11.402    





---------------------------------------------------------------------------------------------------
Path Group:  **async_default**
From Clock:  dbg_hub/inst/BSCANID.u_xsdbm_id/SWITCH_N_EXT_BSCAN.bscan_inst/SERIES7_BSCAN.bscan_inst/TCK
  To Clock:  dbg_hub/inst/BSCANID.u_xsdbm_id/SWITCH_N_EXT_BSCAN.bscan_inst/SERIES7_BSCAN.bscan_inst/TCK

Setup :            0  Failing Endpoints,  Worst Slack       27.492ns,  Total Violation        0.000ns
Hold  :            0  Failing Endpoints,  Worst Slack        0.351ns,  Total Violation        0.000ns
---------------------------------------------------------------------------------------------------


Max Delay Paths
--------------------------------------------------------------------------------------
Slack (MET) :             27.492ns  (required time - arrival time)
  Source:                 dbg_hub/inst/BSCANID.u_xsdbm_id/SWITCH_N_EXT_BSCAN.bscan_switch/portno_reg[4]/C
                            (rising edge-triggered cell FDRE clocked by dbg_hub/inst/BSCANID.u_xsdbm_id/SWITCH_N_EXT_BSCAN.bscan_inst/SERIES7_BSCAN.bscan_inst/TCK  {rise@0.000ns fall@16.500ns period=33.000ns})
  Destination:            dbg_hub/inst/BSCANID.u_xsdbm_id/CORE_XSDB.U_ICON/U_CMD/iTARGET_reg[13]/CLR
                            (recovery check against rising-edge clock dbg_hub/inst/BSCANID.u_xsdbm_id/SWITCH_N_EXT_BSCAN.bscan_inst/SERIES7_BSCAN.bscan_inst/TCK  {rise@0.000ns fall@16.500ns period=33.000ns})
  Path Group:             **async_default**
  Path Type:              Recovery (Max at Slow Process Corner)
  Requirement:            33.000ns  (dbg_hub/inst/BSCANID.u_xsdbm_id/SWITCH_N_EXT_BSCAN.bscan_inst/SERIES7_BSCAN.bscan_inst/TCK rise@33.000ns - dbg_hub/inst/BSCANID.u_xsdbm_id/SWITCH_N_EXT_BSCAN.bscan_inst/SERIES7_BSCAN.bscan_inst/TCK rise@0.000ns)
  Data Path Delay:        5.003ns  (logic 1.086ns (21.707%)  route 3.917ns (78.293%))
  Logic Levels:           3  (LUT1=1 LUT4=1 LUT6=1)
  Clock Path Skew:        -0.065ns (DCD - SCD + CPR)
    Destination Clock Delay (DCD):    3.171ns = ( 36.171 - 33.000 ) 
    Source Clock Delay      (SCD):    3.632ns
    Clock Pessimism Removal (CPR):    0.395ns
  Clock Uncertainty:      0.035ns  ((TSJ^2 + TIJ^2)^1/2 + DJ) / 2 + PE
    Total System Jitter     (TSJ):    0.071ns
    Total Input Jitter      (TIJ):    0.000ns
    Discrete Jitter          (DJ):    0.000ns
    Phase Error              (PE):    0.000ns

    Location             Delay type                Incr(ns)  Path(ns)    Netlist Resource(s)
  -------------------------------------------------------------------    -------------------
                         (clock dbg_hub/inst/BSCANID.u_xsdbm_id/SWITCH_N_EXT_BSCAN.bscan_inst/SERIES7_BSCAN.bscan_inst/TCK rise edge)
                                                      0.000     0.000 r  
    BSCAN_X0Y0           BSCANE2                      0.000     0.000 r  dbg_hub/inst/BSCANID.u_xsdbm_id/SWITCH_N_EXT_BSCAN.bscan_inst/SERIES7_BSCAN.bscan_inst/TCK
                         net (fo=1, routed)           1.867     1.867    dbg_hub/inst/BSCANID.u_xsdbm_id/tck_bs
    BUFGCTRL_X0Y1        BUFG (Prop_bufg_I_O)         0.101     1.968 r  dbg_hub/inst/BSCANID.u_xsdbm_id/SWITCH_N_EXT_BSCAN.u_bufg_icon_tck/O
                         net (fo=482, routed)         1.664     3.632    dbg_hub/inst/BSCANID.u_xsdbm_id/SWITCH_N_EXT_BSCAN.bscan_switch/s_bscan_tck
    SLICE_X28Y50         FDRE                                         r  dbg_hub/inst/BSCANID.u_xsdbm_id/SWITCH_N_EXT_BSCAN.bscan_switch/portno_reg[4]/C
  -------------------------------------------------------------------    -------------------
    SLICE_X28Y50         FDRE (Prop_fdre_C_Q)         0.518     4.150 f  dbg_hub/inst/BSCANID.u_xsdbm_id/SWITCH_N_EXT_BSCAN.bscan_switch/portno_reg[4]/Q
                         net (fo=1, routed)           1.123     5.273    dbg_hub/inst/BSCANID.u_xsdbm_id/SWITCH_N_EXT_BSCAN.bscan_switch/portno[4]
    SLICE_X28Y50         LUT6 (Prop_lut6_I4_O)        0.124     5.397 f  dbg_hub/inst/BSCANID.u_xsdbm_id/SWITCH_N_EXT_BSCAN.bscan_switch/m_bscan_drck[0]_INST_0_i_1/O
                         net (fo=5, routed)           0.813     6.210    dbg_hub/inst/BSCANID.u_xsdbm_id/SWITCH_N_EXT_BSCAN.bscan_switch/m_bscan_drck[0]_INST_0_i_1_n_0
    SLICE_X25Y52         LUT4 (Prop_lut4_I3_O)        0.118     6.328 r  dbg_hub/inst/BSCANID.u_xsdbm_id/SWITCH_N_EXT_BSCAN.bscan_switch/m_bscan_sel[0]_INST_0/O
                         net (fo=2, routed)           1.245     7.573    dbg_hub/inst/BSCANID.u_xsdbm_id/CORE_XSDB.U_ICON/U_CMD/iTARGET_reg[6]_0
    SLICE_X26Y53         LUT1 (Prop_lut1_I0_O)        0.326     7.899 f  dbg_hub/inst/BSCANID.u_xsdbm_id/CORE_XSDB.U_ICON/U_CMD/iTARGET[15]_i_2/O
                         net (fo=10, routed)          0.735     8.634    dbg_hub/inst/BSCANID.u_xsdbm_id/CORE_XSDB.U_ICON/U_CMD/iSEL_n
    SLICE_X25Y53         FDCE                                         f  dbg_hub/inst/BSCANID.u_xsdbm_id/CORE_XSDB.U_ICON/U_CMD/iTARGET_reg[13]/CLR
  -------------------------------------------------------------------    -------------------

                         (clock dbg_hub/inst/BSCANID.u_xsdbm_id/SWITCH_N_EXT_BSCAN.bscan_inst/SERIES7_BSCAN.bscan_inst/TCK rise edge)
                                                     33.000    33.000 r  
    BSCAN_X0Y0           BSCANE2                      0.000    33.000 r  dbg_hub/inst/BSCANID.u_xsdbm_id/SWITCH_N_EXT_BSCAN.bscan_inst/SERIES7_BSCAN.bscan_inst/TCK
                         net (fo=1, routed)           1.596    34.596    dbg_hub/inst/BSCANID.u_xsdbm_id/tck_bs
    BUFGCTRL_X0Y1        BUFG (Prop_bufg_I_O)         0.091    34.687 r  dbg_hub/inst/BSCANID.u_xsdbm_id/SWITCH_N_EXT_BSCAN.u_bufg_icon_tck/O
                         net (fo=482, routed)         1.485    36.171    dbg_hub/inst/BSCANID.u_xsdbm_id/CORE_XSDB.U_ICON/U_CMD/m_bscan_tck[0]
    SLICE_X25Y53         FDCE                                         r  dbg_hub/inst/BSCANID.u_xsdbm_id/CORE_XSDB.U_ICON/U_CMD/iTARGET_reg[13]/C
                         clock pessimism              0.395    36.567    
                         clock uncertainty           -0.035    36.531    
    SLICE_X25Y53         FDCE (Recov_fdce_C_CLR)     -0.405    36.126    dbg_hub/inst/BSCANID.u_xsdbm_id/CORE_XSDB.U_ICON/U_CMD/iTARGET_reg[13]
  -------------------------------------------------------------------
                         required time                         36.126    
                         arrival time                          -8.634    
  -------------------------------------------------------------------
                         slack                                 27.492    





Min Delay Paths
--------------------------------------------------------------------------------------
Slack (MET) :             0.351ns  (arrival time - required time)
  Source:                 dbg_hub/inst/BSCANID.u_xsdbm_id/CORE_XSDB.UUT_MASTER/U_ICON_INTERFACE/U_CMD6_RD/U_RD_FIFO/SUBCORE_FIFO.xsdbm_v3_0_5_rdfifo_inst/inst_fifo_gen/gconvfifo.rf/grf.rf/rstblk/ngwrdrst.grst.g7serrst.rd_rst_reg_reg[1]/C
                            (rising edge-triggered cell FDPE clocked by dbg_hub/inst/BSCANID.u_xsdbm_id/SWITCH_N_EXT_BSCAN.bscan_inst/SERIES7_BSCAN.bscan_inst/TCK  {rise@0.000ns fall@16.500ns period=33.000ns})
  Destination:            dbg_hub/inst/BSCANID.u_xsdbm_id/CORE_XSDB.UUT_MASTER/U_ICON_INTERFACE/U_CMD6_RD/U_RD_FIFO/SUBCORE_FIFO.xsdbm_v3_0_5_rdfifo_inst/inst_fifo_gen/gconvfifo.rf/grf.rf/gntv_or_sync_fifo.gcx.clkx/gnxpm_cdc.rd_pntr_gc_reg[0]/CLR
                            (removal check against rising-edge clock dbg_hub/inst/BSCANID.u_xsdbm_id/SWITCH_N_EXT_BSCAN.bscan_inst/SERIES7_BSCAN.bscan_inst/TCK  {rise@0.000ns fall@16.500ns period=33.000ns})
  Path Group:             **async_default**
  Path Type:              Removal (Min at Fast Process Corner)
  Requirement:            0.000ns  (dbg_hub/inst/BSCANID.u_xsdbm_id/SWITCH_N_EXT_BSCAN.bscan_inst/SERIES7_BSCAN.bscan_inst/TCK rise@0.000ns - dbg_hub/inst/BSCANID.u_xsdbm_id/SWITCH_N_EXT_BSCAN.bscan_inst/SERIES7_BSCAN.bscan_inst/TCK rise@0.000ns)
  Data Path Delay:        0.274ns  (logic 0.141ns (51.454%)  route 0.133ns (48.546%))
  Logic Levels:           0  
  Clock Path Skew:        0.015ns (DCD - SCD - CPR)
    Destination Clock Delay (DCD):    1.712ns
    Source Clock Delay      (SCD):    1.324ns
    Clock Pessimism Removal (CPR):    0.372ns

    Location             Delay type                Incr(ns)  Path(ns)    Netlist Resource(s)
  -------------------------------------------------------------------    -------------------
                         (clock dbg_hub/inst/BSCANID.u_xsdbm_id/SWITCH_N_EXT_BSCAN.bscan_inst/SERIES7_BSCAN.bscan_inst/TCK rise edge)
                                                      0.000     0.000 r  
    BSCAN_X0Y0           BSCANE2                      0.000     0.000 r  dbg_hub/inst/BSCANID.u_xsdbm_id/SWITCH_N_EXT_BSCAN.bscan_inst/SERIES7_BSCAN.bscan_inst/TCK
                         net (fo=1, routed)           0.745     0.745    dbg_hub/inst/BSCANID.u_xsdbm_id/tck_bs
    BUFGCTRL_X0Y1        BUFG (Prop_bufg_I_O)         0.026     0.771 r  dbg_hub/inst/BSCANID.u_xsdbm_id/SWITCH_N_EXT_BSCAN.u_bufg_icon_tck/O
                         net (fo=482, routed)         0.554     1.324    dbg_hub/inst/BSCANID.u_xsdbm_id/CORE_XSDB.UUT_MASTER/U_ICON_INTERFACE/U_CMD6_RD/U_RD_FIFO/SUBCORE_FIFO.xsdbm_v3_0_5_rdfifo_inst/inst_fifo_gen/gconvfifo.rf/grf.rf/rstblk/rd_clk
    SLICE_X23Y64         FDPE                                         r  dbg_hub/inst/BSCANID.u_xsdbm_id/CORE_XSDB.UUT_MASTER/U_ICON_INTERFACE/U_CMD6_RD/U_RD_FIFO/SUBCORE_FIFO.xsdbm_v3_0_5_rdfifo_inst/inst_fifo_gen/gconvfifo.rf/grf.rf/rstblk/ngwrdrst.grst.g7serrst.rd_rst_reg_reg[1]/C
  -------------------------------------------------------------------    -------------------
    SLICE_X23Y64         FDPE (Prop_fdpe_C_Q)         0.141     1.465 f  dbg_hub/inst/BSCANID.u_xsdbm_id/CORE_XSDB.UUT_MASTER/U_ICON_INTERFACE/U_CMD6_RD/U_RD_FIFO/SUBCORE_FIFO.xsdbm_v3_0_5_rdfifo_inst/inst_fifo_gen/gconvfifo.rf/grf.rf/rstblk/ngwrdrst.grst.g7serrst.rd_rst_reg_reg[1]/Q
                         net (fo=16, routed)          0.133     1.598    dbg_hub/inst/BSCANID.u_xsdbm_id/CORE_XSDB.UUT_MASTER/U_ICON_INTERFACE/U_CMD6_RD/U_RD_FIFO/SUBCORE_FIFO.xsdbm_v3_0_5_rdfifo_inst/inst_fifo_gen/gconvfifo.rf/grf.rf/gntv_or_sync_fifo.gcx.clkx/Q_reg_reg[0][0]
    SLICE_X22Y63         FDCE                                         f  dbg_hub/inst/BSCANID.u_xsdbm_id/CORE_XSDB.UUT_MASTER/U_ICON_INTERFACE/U_CMD6_RD/U_RD_FIFO/SUBCORE_FIFO.xsdbm_v3_0_5_rdfifo_inst/inst_fifo_gen/gconvfifo.rf/grf.rf/gntv_or_sync_fifo.gcx.clkx/gnxpm_cdc.rd_pntr_gc_reg[0]/CLR
  -------------------------------------------------------------------    -------------------

                         (clock dbg_hub/inst/BSCANID.u_xsdbm_id/SWITCH_N_EXT_BSCAN.bscan_inst/SERIES7_BSCAN.bscan_inst/TCK rise edge)
                                                      0.000     0.000 r  
    BSCAN_X0Y0           BSCANE2                      0.000     0.000 r  dbg_hub/inst/BSCANID.u_xsdbm_id/SWITCH_N_EXT_BSCAN.bscan_inst/SERIES7_BSCAN.bscan_inst/TCK
                         net (fo=1, routed)           0.861     0.861    dbg_hub/inst/BSCANID.u_xsdbm_id/tck_bs
    BUFGCTRL_X0Y1        BUFG (Prop_bufg_I_O)         0.029     0.890 r  dbg_hub/inst/BSCANID.u_xsdbm_id/SWITCH_N_EXT_BSCAN.u_bufg_icon_tck/O
                         net (fo=482, routed)         0.822     1.712    dbg_hub/inst/BSCANID.u_xsdbm_id/CORE_XSDB.UUT_MASTER/U_ICON_INTERFACE/U_CMD6_RD/U_RD_FIFO/SUBCORE_FIFO.xsdbm_v3_0_5_rdfifo_inst/inst_fifo_gen/gconvfifo.rf/grf.rf/gntv_or_sync_fifo.gcx.clkx/rd_clk
    SLICE_X22Y63         FDCE                                         r  dbg_hub/inst/BSCANID.u_xsdbm_id/CORE_XSDB.UUT_MASTER/U_ICON_INTERFACE/U_CMD6_RD/U_RD_FIFO/SUBCORE_FIFO.xsdbm_v3_0_5_rdfifo_inst/inst_fifo_gen/gconvfifo.rf/grf.rf/gntv_or_sync_fifo.gcx.clkx/gnxpm_cdc.rd_pntr_gc_reg[0]/C
                         clock pessimism             -0.372     1.339    
    SLICE_X22Y63         FDCE (Remov_fdce_C_CLR)     -0.092     1.247    dbg_hub/inst/BSCANID.u_xsdbm_id/CORE_XSDB.UUT_MASTER/U_ICON_INTERFACE/U_CMD6_RD/U_RD_FIFO/SUBCORE_FIFO.xsdbm_v3_0_5_rdfifo_inst/inst_fifo_gen/gconvfifo.rf/grf.rf/gntv_or_sync_fifo.gcx.clkx/gnxpm_cdc.rd_pntr_gc_reg[0]
  -------------------------------------------------------------------
                         required time                         -1.247    
                         arrival time                           1.598    
  -------------------------------------------------------------------
                         slack                                  0.351    





---------------------------------------------------------------------------------------------------
Path Group:  **async_default**
From Clock:  g_hw.mmcm_clk
  To Clock:  g_hw.mmcm_clk

Setup :            0  Failing Endpoints,  Worst Slack       11.526ns,  Total Violation        0.000ns
Hold  :            0  Failing Endpoints,  Worst Slack        0.153ns,  Total Violation        0.000ns
---------------------------------------------------------------------------------------------------


Max Delay Paths
--------------------------------------------------------------------------------------
Slack (MET) :             11.526ns  (required time - arrival time)
  Source:                 core/core/reset_release_reg[2]/C
                            (rising edge-triggered cell FDCE clocked by g_hw.mmcm_clk  {rise@0.000ns fall@10.000ns period=20.000ns})
  Destination:            core/endpoint/sender/deadline_reg[52]/CLR
                            (recovery check against rising-edge clock g_hw.mmcm_clk  {rise@0.000ns fall@10.000ns period=20.000ns})
  Path Group:             **async_default**
  Path Type:              Recovery (Max at Slow Process Corner)
  Requirement:            20.000ns  (g_hw.mmcm_clk rise@20.000ns - g_hw.mmcm_clk rise@0.000ns)
  Data Path Delay:        7.524ns  (logic 0.865ns (11.496%)  route 6.659ns (88.504%))
  Logic Levels:           2  (LUT4=1 LUT5=1)
  Clock Path Skew:        -0.131ns (DCD - SCD + CPR)
    Destination Clock Delay (DCD):    -1.357ns = ( 18.643 - 20.000 ) 
    Source Clock Delay      (SCD):    -0.639ns
    Clock Pessimism Removal (CPR):    0.587ns
  Clock Uncertainty:      0.296ns  ((TSJ^2 + DJ^2)^1/2) / 2 + PE + UU
    Total System Jitter     (TSJ):    0.071ns
    Discrete Jitter          (DJ):    0.179ns
    Phase Error              (PE):    0.000ns
    User Uncertainty         (UU):    0.200ns

    Location             Delay type                Incr(ns)  Path(ns)    Netlist Resource(s)
  -------------------------------------------------------------------    -------------------
                         (clock g_hw.mmcm_clk rise edge)
                                                      0.000     0.000 r  
    N20                                               0.000     0.000 r  sync_clk (IN)
                         net (fo=0)                   0.000     0.000    core/core/clocks/sync_clk
    N20                  IBUF (Prop_ibuf_I_O)         1.494     1.494 r  core/core/clocks/g_hw.input_buffer/O
                         net (fo=1, routed)           1.285     2.779    core/core/clocks/g_hw.ibuf_clk
    MMCME2_ADV_X0Y0      MMCME2_ADV (Prop_mmcme2_adv_CLKIN1_CLKOUT0)
                                                     -7.010    -4.231 r  core/core/clocks/g_hw.mmcm/CLKOUT0
                         net (fo=1, routed)           1.760    -2.471    core/core/clocks/g_hw.mmcm_clk
    BUFGCTRL_X0Y0        BUFG (Prop_bufg_I_O)         0.101    -2.370 r  core/core/clocks/g_hw.output_buffer/O
                         net (fo=2518, routed)        1.731    -0.639    core/core/clk
    SLICE_X43Y69         FDCE                                         r  core/core/reset_release_reg[2]/C
  -------------------------------------------------------------------    -------------------
    SLICE_X43Y69         FDCE (Prop_fdce_C_Q)         0.419    -0.220 r  core/core/reset_release_reg[2]/Q
                         net (fo=7, routed)           0.844     0.624    core/core/g_slave.receiver/decoder/shift_payload_reg[0]_0[0]
    SLICE_X42Y73         LUT4 (Prop_lut4_I0_O)        0.296     0.920 f  core/core/g_slave.receiver/decoder/shift_payload[127]_i_1/O
                         net (fo=411, routed)         0.729     1.649    core/core/g_slave.receiver/decoder_n_102
    SLICE_X42Y73         LUT5 (Prop_lut5_I3_O)        0.150     1.799 f  core/core/g_slave.receiver/FSM_sequential_state[2]_i_2/O
                         net (fo=161, routed)         5.086     6.885    core/endpoint/sender/overrun_reg_2
    SLICE_X32Y87         FDCE                                         f  core/endpoint/sender/deadline_reg[52]/CLR
  -------------------------------------------------------------------    -------------------

                         (clock g_hw.mmcm_clk rise edge)
                                                     20.000    20.000 r  
    N20                                               0.000    20.000 r  sync_clk (IN)
                         net (fo=0)                   0.000    20.000    core/core/clocks/sync_clk
    N20                  IBUF (Prop_ibuf_I_O)         1.423    21.423 r  core/core/clocks/g_hw.input_buffer/O
                         net (fo=1, routed)           1.162    22.585    core/core/clocks/g_hw.ibuf_clk
    MMCME2_ADV_X0Y0      MMCME2_ADV (Prop_mmcme2_adv_CLKIN1_CLKOUT0)
                                                     -7.118    15.467 r  core/core/clocks/g_hw.mmcm/CLKOUT0
                         net (fo=1, routed)           1.599    17.066    core/core/clocks/g_hw.mmcm_clk
    BUFGCTRL_X0Y0        BUFG (Prop_bufg_I_O)         0.091    17.157 r  core/core/clocks/g_hw.output_buffer/O
                         net (fo=2518, routed)        1.486    18.643    core/endpoint/sender/CLK
    SLICE_X32Y87         FDCE                                         r  core/endpoint/sender/deadline_reg[52]/C
                         clock pessimism              0.587    19.230    
                         clock uncertainty           -0.296    18.934    
    SLICE_X32Y87         FDCE (Recov_fdce_C_CLR)     -0.523    18.411    core/endpoint/sender/deadline_reg[52]
  -------------------------------------------------------------------
                         required time                         18.411    
                         arrival time                          -6.885    
  -------------------------------------------------------------------
                         slack                                 11.526    





Min Delay Paths
--------------------------------------------------------------------------------------
Slack (MET) :             0.153ns  (arrival time - required time)
  Source:                 dbg_hub/inst/BSCANID.u_xsdbm_id/CORE_XSDB.UUT_MASTER/U_ICON_INTERFACE/U_CMD6_RD/U_RD_FIFO/SUBCORE_FIFO.xsdbm_v3_0_5_rdfifo_inst/inst_fifo_gen/gconvfifo.rf/grf.rf/rstblk/ngwrdrst.grst.g7serrst.wr_rst_reg_reg[1]/C
                            (rising edge-triggered cell FDPE clocked by g_hw.mmcm_clk  {rise@0.000ns fall@10.000ns period=20.000ns})
  Destination:            dbg_hub/inst/BSCANID.u_xsdbm_id/CORE_XSDB.UUT_MASTER/U_ICON_INTERFACE/U_CMD6_RD/U_RD_FIFO/SUBCORE_FIFO.xsdbm_v3_0_5_rdfifo_inst/inst_fifo_gen/gconvfifo.rf/grf.rf/gntv_or_sync_fifo.gl0.wr/wpntr/gic0.gc0.count_d1_reg[1]/CLR
                            (removal check against rising-edge clock g_hw.mmcm_clk  {rise@0.000ns fall@10.000ns period=20.000ns})
  Path Group:             **async_default**
  Path Type:              Removal (Min at Fast Process Corner)
  Requirement:            0.000ns  (g_hw.mmcm_clk rise@0.000ns - g_hw.mmcm_clk rise@0.000ns)
  Data Path Delay:        0.276ns  (logic 0.141ns (51.113%)  route 0.135ns (48.887%))
  Logic Levels:           0  
  Clock Path Skew:        0.015ns (DCD - SCD - CPR)
    Destination Clock Delay (DCD):    -0.738ns
    Source Clock Delay      (SCD):    -0.505ns
    Clock Pessimism Removal (CPR):    -0.248ns
  Clock Uncertainty:      0.200ns  ((TSJ^2 + DJ^2)^1/2) / 2 + PE + UU
    Total System Jitter     (TSJ):    0.000ns
    Discrete Jitter          (DJ):    0.000ns
    Phase Error              (PE):    0.000ns
    User Uncertainty         (UU):    0.200ns

    Location             Delay type                Incr(ns)  Path(ns)    Netlist Resource(s)
  -------------------------------------------------------------------    -------------------
                         (clock g_hw.mmcm_clk rise edge)
                                                      0.000     0.000 r  
    N20                                               0.000     0.000 r  sync_clk (IN)
                         net (fo=0)                   0.000     0.000    core/core/clocks/sync_clk
    N20                  IBUF (Prop_ibuf_I_O)         0.262     0.262 r  core/core/clocks/g_hw.input_buffer/O
                         net (fo=1, routed)           0.440     0.702    core/core/clocks/g_hw.ibuf_clk
    MMCME2_ADV_X0Y0      MMCME2_ADV (Prop_mmcme2_adv_CLKIN1_CLKOUT0)
                                                     -2.271    -1.570 r  core/core/clocks/g_hw.mmcm/CLKOUT0
                         net (fo=1, routed)           0.482    -1.088    core/core/clocks/g_hw.mmcm_clk
    BUFGCTRL_X0Y0        BUFG (Prop_bufg_I_O)         0.026    -1.062 r  core/core/clocks/g_hw.output_buffer/O
                         net (fo=2518, routed)        0.557    -0.505    dbg_hub/inst/BSCANID.u_xsdbm_id/CORE_XSDB.UUT_MASTER/U_ICON_INTERFACE/U_CMD6_RD/U_RD_FIFO/SUBCORE_FIFO.xsdbm_v3_0_5_rdfifo_inst/inst_fifo_gen/gconvfifo.rf/grf.rf/rstblk/wr_clk
    SLICE_X18Y64         FDPE                                         r  dbg_hub/inst/BSCANID.u_xsdbm_id/CORE_XSDB.UUT_MASTER/U_ICON_INTERFACE/U_CMD6_RD/U_RD_FIFO/SUBCORE_FIFO.xsdbm_v3_0_5_rdfifo_inst/inst_fifo_gen/gconvfifo.rf/grf.rf/rstblk/ngwrdrst.grst.g7serrst.wr_rst_reg_reg[1]/C
  -------------------------------------------------------------------    -------------------
    SLICE_X18Y64         FDPE (Prop_fdpe_C_Q)         0.141    -0.364 f  dbg_hub/inst/BSCANID.u_xsdbm_id/CORE_XSDB.UUT_MASTER/U_ICON_INTERFACE/U_CMD6_RD/U_RD_FIFO/SUBCORE_FIFO.xsdbm_v3_0_5_rdfifo_inst/inst_fifo_gen/gconvfifo.rf/grf.rf/rstblk/ngwrdrst.grst.g7serrst.wr_rst_reg_reg[1]/Q
                         net (fo=12, routed)          0.135    -0.229    dbg_hub/inst/BSCANID.u_xsdbm_id/CORE_XSDB.UUT_MASTER/U_ICON_INTERFACE/U_CMD6_RD/U_RD_FIFO/SUBCORE_FIFO.xsdbm_v3_0_5_rdfifo_inst/inst_fifo_gen/gconvfifo.rf/grf.rf/gntv_or_sync_fifo.gl0.wr/wpntr/gic0.gc0.count_reg[0]_0[0]
    SLICE_X18Y63         FDCE                                         f  dbg_hub/inst/BSCANID.u_xsdbm_id/CORE_XSDB.UUT_MASTER/U_ICON_INTERFACE/U_CMD6_RD/U_RD_FIFO/SUBCORE_FIFO.xsdbm_v3_0_5_rdfifo_inst/inst_fifo_gen/gconvfifo.rf/grf.rf/gntv_or_sync_fifo.gl0.wr/wpntr/gic0.gc0.count_d1_reg[1]/CLR
  -------------------------------------------------------------------    -------------------

                         (clock g_hw.mmcm_clk rise edge)
                                                      0.000     0.000 r  
    N20                                               0.000     0.000 r  sync_clk (IN)
                         net (fo=0)                   0.000     0.000    core/core/clocks/sync_clk
    N20                  IBUF (Prop_ibuf_I_O)         0.450     0.450 r  core/core/clocks/g_hw.input_buffer/O
                         net (fo=1, routed)           0.480     0.930    core/core/clocks/g_hw.ibuf_clk
    MMCME2_ADV_X0Y0      MMCME2_ADV (Prop_mmcme2_adv_CLKIN1_CLKOUT0)
                                                     -3.050    -2.120 r  core/core/clocks/g_hw.mmcm/CLKOUT0
                         net (fo=1, routed)           0.528    -1.592    core/core/clocks/g_hw.mmcm_clk
    BUFGCTRL_X0Y0        BUFG (Prop_bufg_I_O)         0.029    -1.563 r  core/core/clocks/g_hw.output_buffer/O
                         net (fo=2518, routed)        0.825    -0.738    dbg_hub/inst/BSCANID.u_xsdbm_id/CORE_XSDB.UUT_MASTER/U_ICON_INTERFACE/U_CMD6_RD/U_RD_FIFO/SUBCORE_FIFO.xsdbm_v3_0_5_rdfifo_inst/inst_fifo_gen/gconvfifo.rf/grf.rf/gntv_or_sync_fifo.gl0.wr/wpntr/wr_clk
    SLICE_X18Y63         FDCE                                         r  dbg_hub/inst/BSCANID.u_xsdbm_id/CORE_XSDB.UUT_MASTER/U_ICON_INTERFACE/U_CMD6_RD/U_RD_FIFO/SUBCORE_FIFO.xsdbm_v3_0_5_rdfifo_inst/inst_fifo_gen/gconvfifo.rf/grf.rf/gntv_or_sync_fifo.gl0.wr/wpntr/gic0.gc0.count_d1_reg[1]/C
                         clock pessimism              0.248    -0.490    
                         clock uncertainty            0.200    -0.290    
    SLICE_X18Y63         FDCE (Remov_fdce_C_CLR)     -0.092    -0.382    dbg_hub/inst/BSCANID.u_xsdbm_id/CORE_XSDB.UUT_MASTER/U_ICON_INTERFACE/U_CMD6_RD/U_RD_FIFO/SUBCORE_FIFO.xsdbm_v3_0_5_rdfifo_inst/inst_fifo_gen/gconvfifo.rf/grf.rf/gntv_or_sync_fifo.gl0.wr/wpntr/gic0.gc0.count_d1_reg[1]
  -------------------------------------------------------------------
                         required time                          0.382    
                         arrival time                          -0.229    
  -------------------------------------------------------------------
                         slack                                  0.153    





---------------------------------------------------------------------------------------------------
Path Group:  **async_default**
From Clock:  local50
  To Clock:  g_hw.mmcm_clk

Setup :            0  Failing Endpoints,  Worst Slack        6.718ns,  Total Violation        0.000ns
Hold  :            0  Failing Endpoints,  Worst Slack        2.996ns,  Total Violation        0.000ns
---------------------------------------------------------------------------------------------------


Max Delay Paths
--------------------------------------------------------------------------------------
Slack (MET) :             6.718ns  (required time - arrival time)
  Source:                 rst_n
                            (input port clocked by local50  {rise@0.000ns fall@10.000ns period=20.000ns})
  Destination:            core/core/reset_release_reg[0]/CLR
                            (recovery check against rising-edge clock g_hw.mmcm_clk  {rise@0.000ns fall@10.000ns period=20.000ns})
  Path Group:             **async_default**
  Path Type:              Recovery (Max at Slow Process Corner)
  Requirement:            20.000ns  (g_hw.mmcm_clk rise@20.000ns - local50 rise@0.000ns)
  Data Path Delay:        5.907ns  (logic 1.587ns (26.869%)  route 4.320ns (73.131%))
  Logic Levels:           2  (IBUF=1 LUT1=1)
  Input Delay:            5.000ns
  Clock Path Skew:        -1.288ns (DCD - SCD + CPR)
    Destination Clock Delay (DCD):    -1.288ns = ( 18.712 - 20.000 ) 
    Source Clock Delay      (SCD):    0.000ns
    Clock Pessimism Removal (CPR):    0.000ns
  Clock Uncertainty:      0.474ns  ((TSJ^2 + TIJ^2 + DJ^2)^1/2) / 2 + PE + UU
    Total System Jitter     (TSJ):    0.071ns
    Total Input Jitter      (TIJ):    0.100ns
    Discrete Jitter          (DJ):    0.179ns
    Phase Error              (PE):    0.165ns
    User Uncertainty         (UU):    0.200ns
  Clock Domain Crossing:  Inter clock paths are considered valid unless explicitly excluded by timing constraints such as set_clock_groups or set_false_path.

    Location             Delay type                Incr(ns)  Path(ns)    Netlist Resource(s)
  -------------------------------------------------------------------    -------------------
                         (clock local50 rise edge)    0.000     0.000 r  
                         input delay                  5.000     5.000    
    G19                                               0.000     5.000 r  rst_n (IN)
                         net (fo=0)                   0.000     5.000    rst_n
    G19                  IBUF (Prop_ibuf_I_O)         1.468     6.468 r  rst_n_IBUF_inst/O
                         net (fo=3, routed)           3.243     9.712    core/core/clocks/rst_n_IBUF
    SLICE_X43Y63         LUT1 (Prop_lut1_I0_O)        0.119     9.831 f  core/core/clocks/g_hw.mmcm_i_1/O
                         net (fo=7, routed)           1.077    10.907    core/core/clocks_n_1
    SLICE_X43Y69         FDCE                                         f  core/core/reset_release_reg[0]/CLR
  -------------------------------------------------------------------    -------------------

                         (clock g_hw.mmcm_clk rise edge)
                                                     20.000    20.000 r  
    N20                                               0.000    20.000 r  sync_clk (IN)
                         net (fo=0)                   0.000    20.000    core/core/clocks/sync_clk
    N20                  IBUF (Prop_ibuf_I_O)         1.423    21.423 r  core/core/clocks/g_hw.input_buffer/O
                         net (fo=1, routed)           1.162    22.585    core/core/clocks/g_hw.ibuf_clk
    MMCME2_ADV_X0Y0      MMCME2_ADV (Prop_mmcme2_adv_CLKIN1_CLKOUT0)
                                                     -7.118    15.467 r  core/core/clocks/g_hw.mmcm/CLKOUT0
                         net (fo=1, routed)           1.599    17.066    core/core/clocks/g_hw.mmcm_clk
    BUFGCTRL_X0Y0        BUFG (Prop_bufg_I_O)         0.091    17.157 r  core/core/clocks/g_hw.output_buffer/O
                         net (fo=2518, routed)        1.555    18.712    core/core/clk
    SLICE_X43Y69         FDCE                                         r  core/core/reset_release_reg[0]/C
                         clock pessimism              0.000    18.712    
                         clock uncertainty           -0.474    18.238    
    SLICE_X43Y69         FDCE (Recov_fdce_C_CLR)     -0.613    17.625    core/core/reset_release_reg[0]
  -------------------------------------------------------------------
                         required time                         17.625    
                         arrival time                         -10.907    
  -------------------------------------------------------------------
                         slack                                  6.718    





Min Delay Paths
--------------------------------------------------------------------------------------
Slack (MET) :             2.996ns  (arrival time - required time)
  Source:                 core/core/g_slave.alive_reg/C
                            (rising edge-triggered cell FDRE clocked by local50  {rise@0.000ns fall@10.000ns period=20.000ns})
  Destination:            core/endpoint/watchdog_pipe_reg[0]/CLR
                            (removal check against rising-edge clock g_hw.mmcm_clk  {rise@0.000ns fall@10.000ns period=20.000ns})
  Path Group:             **async_default**
  Path Type:              Removal (Min at Fast Process Corner)
  Requirement:            0.000ns  (g_hw.mmcm_clk rise@0.000ns - local50 rise@0.000ns)
  Data Path Delay:        1.160ns  (logic 0.186ns (16.034%)  route 0.974ns (83.966%))
  Logic Levels:           1  (LUT1=1)
  Clock Path Skew:        -2.218ns (DCD - SCD - CPR)
    Destination Clock Delay (DCD):    -0.719ns
    Source Clock Delay      (SCD):    1.499ns
    Clock Pessimism Removal (CPR):    -0.000ns
  Clock Uncertainty:      0.474ns  ((TSJ^2 + TIJ^2 + DJ^2)^1/2) / 2 + PE + UU
    Total System Jitter     (TSJ):    0.071ns
    Total Input Jitter      (TIJ):    0.100ns
    Discrete Jitter          (DJ):    0.179ns
    Phase Error              (PE):    0.165ns
    User Uncertainty         (UU):    0.200ns
  Clock Domain Crossing:  Inter clock paths are considered valid unless explicitly excluded by timing constraints such as set_clock_groups or set_false_path.

    Location             Delay type                Incr(ns)  Path(ns)    Netlist Resource(s)
  -------------------------------------------------------------------    -------------------
                         (clock local50 rise edge)    0.000     0.000 r  
    N18                                               0.000     0.000 r  clk50 (IN)
                         net (fo=0)                   0.000     0.000    clk50
    N18                  IBUF (Prop_ibuf_I_O)         0.260     0.260 r  clk50_IBUF_inst/O
                         net (fo=1, routed)           0.627     0.887    clk50_IBUF
    BUFGCTRL_X0Y2        BUFG (Prop_bufg_I_O)         0.026     0.913 r  clk50_IBUF_BUFG_inst/O
                         net (fo=14, routed)          0.586     1.499    core/core/CLK
    SLICE_X43Y64         FDRE                                         r  core/core/g_slave.alive_reg/C
  -------------------------------------------------------------------    -------------------
    SLICE_X43Y64         FDRE (Prop_fdre_C_Q)         0.141     1.640 r  core/core/g_slave.alive_reg/Q
                         net (fo=7, routed)           0.802     2.441    core/endpoint/watchdog_alive
    SLICE_X43Y74         LUT1 (Prop_lut1_I0_O)        0.045     2.486 f  core/endpoint/watchdog_pipe[2]_i_1/O
                         net (fo=3, routed)           0.173     2.659    core/endpoint/watchdog_pipe[2]_i_1_n_0
    SLICE_X43Y74         FDCE                                         f  core/endpoint/watchdog_pipe_reg[0]/CLR
  -------------------------------------------------------------------    -------------------

                         (clock g_hw.mmcm_clk rise edge)
                                                      0.000     0.000 r  
    N20                                               0.000     0.000 r  sync_clk (IN)
                         net (fo=0)                   0.000     0.000    core/core/clocks/sync_clk
    N20                  IBUF (Prop_ibuf_I_O)         0.450     0.450 r  core/core/clocks/g_hw.input_buffer/O
                         net (fo=1, routed)           0.480     0.930    core/core/clocks/g_hw.ibuf_clk
    MMCME2_ADV_X0Y0      MMCME2_ADV (Prop_mmcme2_adv_CLKIN1_CLKOUT0)
                                                     -3.050    -2.120 r  core/core/clocks/g_hw.mmcm/CLKOUT0
                         net (fo=1, routed)           0.528    -1.592    core/core/clocks/g_hw.mmcm_clk
    BUFGCTRL_X0Y0        BUFG (Prop_bufg_I_O)         0.029    -1.563 r  core/core/clocks/g_hw.output_buffer/O
                         net (fo=2518, routed)        0.844    -0.719    core/endpoint/CLK
    SLICE_X43Y74         FDCE                                         r  core/endpoint/watchdog_pipe_reg[0]/C
                         clock pessimism              0.000    -0.719    
                         clock uncertainty            0.474    -0.246    
    SLICE_X43Y74         FDCE (Remov_fdce_C_CLR)     -0.092    -0.338    core/endpoint/watchdog_pipe_reg[0]
  -------------------------------------------------------------------
                         required time                          0.338    
                         arrival time                           2.659    
  -------------------------------------------------------------------
                         slack                                  2.996    





---------------------------------------------------------------------------------------------------
Path Group:  **async_default**
From Clock:  received50
  To Clock:  g_hw.mmcm_clk

Setup :            0  Failing Endpoints,  Worst Slack       10.341ns,  Total Violation        0.000ns
Hold  :            0  Failing Endpoints,  Worst Slack        1.812ns,  Total Violation        0.000ns
---------------------------------------------------------------------------------------------------


Max Delay Paths
--------------------------------------------------------------------------------------
Slack (MET) :             10.341ns  (required time - arrival time)
  Source:                 sync_reset
                            (input port clocked by received50  {rise@0.000ns fall@10.000ns period=20.000ns})
  Destination:            core/core/g_link_reset.release_pipe_reg[1]/CLR
                            (recovery check against rising-edge clock g_hw.mmcm_clk  {rise@0.000ns fall@10.000ns period=20.000ns})
  Path Group:             **async_default**
  Path Type:              Recovery (Max at Slow Process Corner)
  Requirement:            20.000ns  (g_hw.mmcm_clk rise@20.000ns - received50 rise@0.000ns)
  Data Path Delay:        3.532ns  (logic 1.618ns (45.811%)  route 1.914ns (54.189%))
  Logic Levels:           2  (IBUF=1 LUT1=1)
  Input Delay:            4.000ns
  Clock Path Skew:        -1.292ns (DCD - SCD + CPR)
    Destination Clock Delay (DCD):    -1.292ns = ( 18.708 - 20.000 ) 
    Source Clock Delay      (SCD):    0.000ns
    Clock Pessimism Removal (CPR):    0.000ns
  Clock Uncertainty:      0.474ns  ((TSJ^2 + TIJ^2 + DJ^2)^1/2) / 2 + PE + UU
    Total System Jitter     (TSJ):    0.071ns
    Total Input Jitter      (TIJ):    0.100ns
    Discrete Jitter          (DJ):    0.179ns
    Phase Error              (PE):    0.165ns
    User Uncertainty         (UU):    0.200ns

    Location             Delay type                Incr(ns)  Path(ns)    Netlist Resource(s)
  -------------------------------------------------------------------    -------------------
                         (clock received50 rise edge)
                                                      0.000     0.000 r  
                         input delay                  4.000     4.000    
    L17                                               0.000     4.000 r  sync_reset (IN)
                         net (fo=0)                   0.000     4.000    sync_reset
    L17                  IBUF (Prop_ibuf_I_O)         1.494     5.494 r  sync_reset_IBUF_inst/O
                         net (fo=1, routed)           1.385     6.880    core/core/sync_reset_IBUF
    SLICE_X42Y76         LUT1 (Prop_lut1_I0_O)        0.124     7.004 f  core/core/g_link_reset.release_pipe[2]_i_1/O
                         net (fo=3, routed)           0.529     7.532    core/core/g_link_reset.release_pipe[2]_i_1_n_0
    SLICE_X42Y76         FDCE                                         f  core/core/g_link_reset.release_pipe_reg[1]/CLR
  -------------------------------------------------------------------    -------------------

                         (clock g_hw.mmcm_clk rise edge)
                                                     20.000    20.000 r  
    N20                                               0.000    20.000 r  sync_clk (IN)
                         net (fo=0)                   0.000    20.000    core/core/clocks/sync_clk
    N20                  IBUF (Prop_ibuf_I_O)         1.423    21.423 r  core/core/clocks/g_hw.input_buffer/O
                         net (fo=1, routed)           1.162    22.585    core/core/clocks/g_hw.ibuf_clk
    MMCME2_ADV_X0Y0      MMCME2_ADV (Prop_mmcme2_adv_CLKIN1_CLKOUT0)
                                                     -7.118    15.467 r  core/core/clocks/g_hw.mmcm/CLKOUT0
                         net (fo=1, routed)           1.599    17.066    core/core/clocks/g_hw.mmcm_clk
    BUFGCTRL_X0Y0        BUFG (Prop_bufg_I_O)         0.091    17.157 r  core/core/clocks/g_hw.output_buffer/O
                         net (fo=2518, routed)        1.551    18.708    core/core/clk
    SLICE_X42Y76         FDCE                                         r  core/core/g_link_reset.release_pipe_reg[1]/C
                         clock pessimism              0.000    18.708    
                         clock uncertainty           -0.474    18.234    
    SLICE_X42Y76         FDCE (Recov_fdce_C_CLR)     -0.361    17.873    core/core/g_link_reset.release_pipe_reg[1]
  -------------------------------------------------------------------
                         required time                         17.873    
                         arrival time                          -7.532    
  -------------------------------------------------------------------
                         slack                                 10.341    





Min Delay Paths
--------------------------------------------------------------------------------------
Slack (MET) :             1.812ns  (arrival time - required time)
  Source:                 sync_reset
                            (input port clocked by received50  {rise@0.000ns fall@10.000ns period=20.000ns})
  Destination:            core/core/g_link_reset.release_pipe_reg[0]/CLR
                            (removal check against rising-edge clock g_hw.mmcm_clk  {rise@0.000ns fall@10.000ns period=20.000ns})
  Path Group:             **async_default**
  Path Type:              Removal (Min at Fast Process Corner)
  Requirement:            0.000ns  (g_hw.mmcm_clk rise@0.000ns - received50 rise@0.000ns)
  Data Path Delay:        1.000ns  (logic 0.307ns (30.691%)  route 0.693ns (69.309%))
  Logic Levels:           2  (IBUF=1 LUT1=1)
  Input Delay:            0.500ns
  Clock Path Skew:        -0.718ns (DCD - SCD - CPR)
    Destination Clock Delay (DCD):    -0.718ns
    Source Clock Delay      (SCD):    0.000ns
    Clock Pessimism Removal (CPR):    -0.000ns
  Clock Uncertainty:      0.474ns  ((TSJ^2 + TIJ^2 + DJ^2)^1/2) / 2 + PE + UU
    Total System Jitter     (TSJ):    0.071ns
    Total Input Jitter      (TIJ):    0.100ns
    Discrete Jitter          (DJ):    0.179ns
    Phase Error              (PE):    0.165ns
    User Uncertainty         (UU):    0.200ns

    Location             Delay type                Incr(ns)  Path(ns)    Netlist Resource(s)
  -------------------------------------------------------------------    -------------------
                         (clock received50 rise edge)
                                                      0.000     0.000 r  
                         input delay                  0.500     0.500    
    L17                                               0.000     0.500 r  sync_reset (IN)
                         net (fo=0)                   0.000     0.500    sync_reset
    L17                  IBUF (Prop_ibuf_I_O)         0.262     0.762 r  sync_reset_IBUF_inst/O
                         net (fo=1, routed)           0.519     1.281    core/core/sync_reset_IBUF
    SLICE_X42Y76         LUT1 (Prop_lut1_I0_O)        0.045     1.326 f  core/core/g_link_reset.release_pipe[2]_i_1/O
                         net (fo=3, routed)           0.174     1.500    core/core/g_link_reset.release_pipe[2]_i_1_n_0
    SLICE_X42Y76         FDCE                                         f  core/core/g_link_reset.release_pipe_reg[0]/CLR
  -------------------------------------------------------------------    -------------------

                         (clock g_hw.mmcm_clk rise edge)
                                                      0.000     0.000 r  
    N20                                               0.000     0.000 r  sync_clk (IN)
                         net (fo=0)                   0.000     0.000    core/core/clocks/sync_clk
    N20                  IBUF (Prop_ibuf_I_O)         0.450     0.450 r  core/core/clocks/g_hw.input_buffer/O
                         net (fo=1, routed)           0.480     0.930    core/core/clocks/g_hw.ibuf_clk
    MMCME2_ADV_X0Y0      MMCME2_ADV (Prop_mmcme2_adv_CLKIN1_CLKOUT0)
                                                     -3.050    -2.120 r  core/core/clocks/g_hw.mmcm/CLKOUT0
                         net (fo=1, routed)           0.528    -1.592    core/core/clocks/g_hw.mmcm_clk
    BUFGCTRL_X0Y0        BUFG (Prop_bufg_I_O)         0.029    -1.563 r  core/core/clocks/g_hw.output_buffer/O
                         net (fo=2518, routed)        0.845    -0.718    core/core/clk
    SLICE_X42Y76         FDCE                                         r  core/core/g_link_reset.release_pipe_reg[0]/C
                         clock pessimism              0.000    -0.718    
                         clock uncertainty            0.474    -0.245    
    SLICE_X42Y76         FDCE (Remov_fdce_C_CLR)     -0.067    -0.312    core/core/g_link_reset.release_pipe_reg[0]
  -------------------------------------------------------------------
                         required time                          0.312    
                         arrival time                           1.500    
  -------------------------------------------------------------------
                         slack                                  1.812    





--------------------------------------------------------------------------------------
Path Group:  (none)
From Clock:  g_hw.mmcm_clk
  To Clock:  dbg_hub/inst/BSCANID.u_xsdbm_id/SWITCH_N_EXT_BSCAN.bscan_inst/SERIES7_BSCAN.bscan_inst/TCK

Max Delay            94 Endpoints
Min Delay           102 Endpoints
--------------------------------------------------------------------------------------


Max Delay Paths
--------------------------------------------------------------------------------------
Slack:                    inf
  Source:                 dbg_hub/inst/BSCANID.u_xsdbm_id/CORE_XSDB.UUT_MASTER/U_ICON_INTERFACE/U_CMD1/ctl_reg_reg[0]/C
                            (rising edge-triggered cell FDRE clocked by g_hw.mmcm_clk  {rise@0.000ns fall@10.000ns period=20.000ns})
  Destination:            dbg_hub/inst/BSCANID.u_xsdbm_id/CORE_XSDB.UUT_MASTER/U_ICON_INTERFACE/U_CMD5/shift_reg_in_reg[10]/R
                            (rising edge-triggered cell FDRE clocked by dbg_hub/inst/BSCANID.u_xsdbm_id/SWITCH_N_EXT_BSCAN.bscan_inst/SERIES7_BSCAN.bscan_inst/TCK  {rise@0.000ns fall@16.500ns period=33.000ns})
  Path Group:             (none)
  Path Type:              Setup (Max at Slow Process Corner)
  Data Path Delay:        2.436ns  (logic 0.456ns (18.717%)  route 1.980ns (81.283%))
  Logic Levels:           0  
  Clock Path Skew:        3.887ns (DCD - SCD + CPR)
    Destination Clock Delay (DCD):    3.175ns
    Source Clock Delay      (SCD):    -0.712ns
    Clock Pessimism Removal (CPR):    0.000ns
  Clock Uncertainty:      0.261ns  ((TSJ^2 + DJ^2)^1/2) / 2 + PE
    Total System Jitter     (TSJ):    0.071ns
    Discrete Jitter          (DJ):    0.179ns
    Phase Error              (PE):    0.165ns
  Timing Exception:       False Path

    Location             Delay type                Incr(ns)  Path(ns)    Netlist Resource(s)
  -------------------------------------------------------------------    -------------------
                         (clock g_hw.mmcm_clk rise edge)
                                                      0.000     0.000 r  
    N20                                               0.000     0.000 r  sync_clk (IN)
                         net (fo=0)                   0.000     0.000    core/core/clocks/sync_clk
    N20                  IBUF (Prop_ibuf_I_O)         1.494     1.494 r  core/core/clocks/g_hw.input_buffer/O
                         net (fo=1, routed)           1.285     2.779    core/core/clocks/g_hw.ibuf_clk
    MMCME2_ADV_X0Y0      MMCME2_ADV (Prop_mmcme2_adv_CLKIN1_CLKOUT0)
                                                     -7.010    -4.231 r  core/core/clocks/g_hw.mmcm/CLKOUT0
                         net (fo=1, routed)           1.760    -2.471    core/core/clocks/g_hw.mmcm_clk
    BUFGCTRL_X0Y0        BUFG (Prop_bufg_I_O)         0.101    -2.370 r  core/core/clocks/g_hw.output_buffer/O
                         net (fo=2518, routed)        1.658    -0.712    dbg_hub/inst/BSCANID.u_xsdbm_id/CORE_XSDB.UUT_MASTER/U_ICON_INTERFACE/U_CMD1/clk
    SLICE_X22Y55         FDRE                                         r  dbg_hub/inst/BSCANID.u_xsdbm_id/CORE_XSDB.UUT_MASTER/U_ICON_INTERFACE/U_CMD1/ctl_reg_reg[0]/C
  -------------------------------------------------------------------    -------------------
    SLICE_X22Y55         FDRE (Prop_fdre_C_Q)         0.456    -0.256 r  dbg_hub/inst/BSCANID.u_xsdbm_id/CORE_XSDB.UUT_MASTER/U_ICON_INTERFACE/U_CMD1/ctl_reg_reg[0]/Q
                         net (fo=176, routed)         1.980     1.724    dbg_hub/inst/BSCANID.u_xsdbm_id/CORE_XSDB.UUT_MASTER/U_ICON_INTERFACE/U_CMD5/ctl_reg_reg[0]_0
    SLICE_X28Y56         FDRE                                         r  dbg_hub/inst/BSCANID.u_xsdbm_id/CORE_XSDB.UUT_MASTER/U_ICON_INTERFACE/U_CMD5/shift_reg_in_reg[10]/R
  -------------------------------------------------------------------    -------------------

                         (clock dbg_hub/inst/BSCANID.u_xsdbm_id/SWITCH_N_EXT_BSCAN.bscan_inst/SERIES7_BSCAN.bscan_inst/TCK rise edge)
                                                      0.000     0.000 r  
    BSCAN_X0Y0           BSCANE2                      0.000     0.000 r  dbg_hub/inst/BSCANID.u_xsdbm_id/SWITCH_N_EXT_BSCAN.bscan_inst/SERIES7_BSCAN.bscan_inst/TCK
                         net (fo=1, routed)           1.596     1.596    dbg_hub/inst/BSCANID.u_xsdbm_id/tck_bs
    BUFGCTRL_X0Y1        BUFG (Prop_bufg_I_O)         0.091     1.687 r  dbg_hub/inst/BSCANID.u_xsdbm_id/SWITCH_N_EXT_BSCAN.u_bufg_icon_tck/O
                         net (fo=482, routed)         1.489     3.175    dbg_hub/inst/BSCANID.u_xsdbm_id/CORE_XSDB.UUT_MASTER/U_ICON_INTERFACE/U_CMD5/m_bscan_tck[0]
    SLICE_X28Y56         FDRE                                         r  dbg_hub/inst/BSCANID.u_xsdbm_id/CORE_XSDB.UUT_MASTER/U_ICON_INTERFACE/U_CMD5/shift_reg_in_reg[10]/C





Min Delay Paths
--------------------------------------------------------------------------------------
Slack:                    inf
  Source:                 dbg_hub/inst/BSCANID.u_xsdbm_id/CORE_XSDB.UUT_MASTER/U_ICON_INTERFACE/U_CMD3/stat_reg_reg[1]/C
                            (rising edge-triggered cell FDRE clocked by g_hw.mmcm_clk  {rise@0.000ns fall@10.000ns period=20.000ns})
  Destination:            dbg_hub/inst/BSCANID.u_xsdbm_id/CORE_XSDB.UUT_MASTER/U_ICON_INTERFACE/U_CMD3/stat_reg_1_reg[1]/D
                            (rising edge-triggered cell FDRE clocked by dbg_hub/inst/BSCANID.u_xsdbm_id/SWITCH_N_EXT_BSCAN.bscan_inst/SERIES7_BSCAN.bscan_inst/TCK  {rise@0.000ns fall@16.500ns period=33.000ns})
  Path Group:             (none)
  Path Type:              Hold (Min at Slow Process Corner)
  Data Path Delay:        0.622ns  (logic 0.337ns (54.139%)  route 0.285ns (45.861%))
  Logic Levels:           0  
  Clock Path Skew:        4.984ns (DCD - SCD - CPR)
    Destination Clock Delay (DCD):    3.630ns
    Source Clock Delay      (SCD):    -1.354ns
    Clock Pessimism Removal (CPR):    -0.000ns
  Clock Uncertainty:      0.261ns  ((TSJ^2 + DJ^2)^1/2) / 2 + PE
    Total System Jitter     (TSJ):    0.071ns
    Discrete Jitter          (DJ):    0.179ns
    Phase Error              (PE):    0.165ns
  Timing Exception:       False Path

    Location             Delay type                Incr(ns)  Path(ns)    Netlist Resource(s)
  -------------------------------------------------------------------    -------------------
                         (clock g_hw.mmcm_clk rise edge)
                                                      0.000     0.000 r  
    N20                                               0.000     0.000 r  sync_clk (IN)
                         net (fo=0)                   0.000     0.000    core/core/clocks/sync_clk
    N20                  IBUF (Prop_ibuf_I_O)         1.423     1.423 r  core/core/clocks/g_hw.input_buffer/O
                         net (fo=1, routed)           1.162     2.585    core/core/clocks/g_hw.ibuf_clk
    MMCME2_ADV_X0Y0      MMCME2_ADV (Prop_mmcme2_adv_CLKIN1_CLKOUT0)
                                                     -7.118    -4.533 r  core/core/clocks/g_hw.mmcm/CLKOUT0
                         net (fo=1, routed)           1.599    -2.934    core/core/clocks/g_hw.mmcm_clk
    BUFGCTRL_X0Y0        BUFG (Prop_bufg_I_O)         0.091    -2.843 r  core/core/clocks/g_hw.output_buffer/O
                         net (fo=2518, routed)        1.489    -1.354    dbg_hub/inst/BSCANID.u_xsdbm_id/CORE_XSDB.UUT_MASTER/U_ICON_INTERFACE/U_CMD3/clk
    SLICE_X26Y54         FDRE                                         r  dbg_hub/inst/BSCANID.u_xsdbm_id/CORE_XSDB.UUT_MASTER/U_ICON_INTERFACE/U_CMD3/stat_reg_reg[1]/C
  -------------------------------------------------------------------    -------------------
    SLICE_X26Y54         FDRE (Prop_fdre_C_Q)         0.337    -1.017 r  dbg_hub/inst/BSCANID.u_xsdbm_id/CORE_XSDB.UUT_MASTER/U_ICON_INTERFACE/U_CMD3/stat_reg_reg[1]/Q
                         net (fo=1, routed)           0.285    -0.732    dbg_hub/inst/BSCANID.u_xsdbm_id/CORE_XSDB.UUT_MASTER/U_ICON_INTERFACE/U_CMD3/stat_reg[1]
    SLICE_X26Y55         FDRE                                         r  dbg_hub/inst/BSCANID.u_xsdbm_id/CORE_XSDB.UUT_MASTER/U_ICON_INTERFACE/U_CMD3/stat_reg_1_reg[1]/D
  -------------------------------------------------------------------    -------------------

                         (clock dbg_hub/inst/BSCANID.u_xsdbm_id/SWITCH_N_EXT_BSCAN.bscan_inst/SERIES7_BSCAN.bscan_inst/TCK rise edge)
                                                      0.000     0.000 r  
    BSCAN_X0Y0           BSCANE2                      0.000     0.000 r  dbg_hub/inst/BSCANID.u_xsdbm_id/SWITCH_N_EXT_BSCAN.bscan_inst/SERIES7_BSCAN.bscan_inst/TCK
                         net (fo=1, routed)           1.867     1.867    dbg_hub/inst/BSCANID.u_xsdbm_id/tck_bs
    BUFGCTRL_X0Y1        BUFG (Prop_bufg_I_O)         0.101     1.968 r  dbg_hub/inst/BSCANID.u_xsdbm_id/SWITCH_N_EXT_BSCAN.u_bufg_icon_tck/O
                         net (fo=482, routed)         1.662     3.630    dbg_hub/inst/BSCANID.u_xsdbm_id/CORE_XSDB.UUT_MASTER/U_ICON_INTERFACE/U_CMD3/m_bscan_tck[0]
    SLICE_X26Y55         FDRE                                         r  dbg_hub/inst/BSCANID.u_xsdbm_id/CORE_XSDB.UUT_MASTER/U_ICON_INTERFACE/U_CMD3/stat_reg_1_reg[1]/C





--------------------------------------------------------------------------------------
Path Group:  (none)
From Clock:  dbg_hub/inst/BSCANID.u_xsdbm_id/SWITCH_N_EXT_BSCAN.bscan_inst/SERIES7_BSCAN.bscan_inst/TCK
  To Clock:  g_hw.mmcm_clk

Max Delay            78 Endpoints
Min Delay            86 Endpoints
--------------------------------------------------------------------------------------


Max Delay Paths
--------------------------------------------------------------------------------------
Slack:                    inf
  Source:                 dbg_hub/inst/BSCANID.u_xsdbm_id/CORE_XSDB.UUT_MASTER/U_ICON_INTERFACE/U_CMD6_WR/U_WR_FIFO/SUBCORE_FIFO.xsdbm_v3_0_5_wrfifo_inst/inst_fifo_gen/gconvfifo.rf/grf.rf/gntv_or_sync_fifo.mem/gdm.dm_gen.dm/RAM_reg_0_15_6_11/RAMB/CLK
                            (rising edge-triggered cell RAMD32 clocked by dbg_hub/inst/BSCANID.u_xsdbm_id/SWITCH_N_EXT_BSCAN.bscan_inst/SERIES7_BSCAN.bscan_inst/TCK  {rise@0.000ns fall@16.500ns period=33.000ns})
  Destination:            dbg_hub/inst/BSCANID.u_xsdbm_id/CORE_XSDB.UUT_MASTER/U_ICON_INTERFACE/U_CMD6_WR/U_WR_FIFO/SUBCORE_FIFO.xsdbm_v3_0_5_wrfifo_inst/inst_fifo_gen/gconvfifo.rf/grf.rf/gntv_or_sync_fifo.mem/gdm.dm_gen.dm/gpr1.dout_i_reg[8]/D
                            (rising edge-triggered cell FDRE clocked by g_hw.mmcm_clk  {rise@0.000ns fall@10.000ns period=20.000ns})
  Path Group:             (none)
  Path Type:              Setup (Max at Slow Process Corner)
  Data Path Delay:        1.961ns  (logic 1.343ns (68.484%)  route 0.618ns (31.516%))
  Logic Levels:           0  
  Clock Path Skew:        -4.984ns (DCD - SCD + CPR)
    Destination Clock Delay (DCD):    -1.353ns
    Source Clock Delay      (SCD):    3.631ns
    Clock Pessimism Removal (CPR):    0.000ns
  Clock Uncertainty:      0.461ns  ((TSJ^2 + DJ^2)^1/2) / 2 + PE + UU
    Total System Jitter     (TSJ):    0.071ns
    Discrete Jitter          (DJ):    0.179ns
    Phase Error              (PE):    0.165ns
    User Uncertainty         (UU):    0.200ns
  Timing Exception:       False Path

    Location             Delay type                Incr(ns)  Path(ns)    Netlist Resource(s)
  -------------------------------------------------------------------    -------------------
                         (clock dbg_hub/inst/BSCANID.u_xsdbm_id/SWITCH_N_EXT_BSCAN.bscan_inst/SERIES7_BSCAN.bscan_inst/TCK rise edge)
                                                      0.000     0.000 r  
    BSCAN_X0Y0           BSCANE2                      0.000     0.000 r  dbg_hub/inst/BSCANID.u_xsdbm_id/SWITCH_N_EXT_BSCAN.bscan_inst/SERIES7_BSCAN.bscan_inst/TCK
                         net (fo=1, routed)           1.867     1.867    dbg_hub/inst/BSCANID.u_xsdbm_id/tck_bs
    BUFGCTRL_X0Y1        BUFG (Prop_bufg_I_O)         0.101     1.968 r  dbg_hub/inst/BSCANID.u_xsdbm_id/SWITCH_N_EXT_BSCAN.u_bufg_icon_tck/O
                         net (fo=482, routed)         1.663     3.631    dbg_hub/inst/BSCANID.u_xsdbm_id/CORE_XSDB.UUT_MASTER/U_ICON_INTERFACE/U_CMD6_WR/U_WR_FIFO/SUBCORE_FIFO.xsdbm_v3_0_5_wrfifo_inst/inst_fifo_gen/gconvfifo.rf/grf.rf/gntv_or_sync_fifo.mem/gdm.dm_gen.dm/RAM_reg_0_15_6_11/WCLK
    SLICE_X34Y56         RAMD32                                       r  dbg_hub/inst/BSCANID.u_xsdbm_id/CORE_XSDB.UUT_MASTER/U_ICON_INTERFACE/U_CMD6_WR/U_WR_FIFO/SUBCORE_FIFO.xsdbm_v3_0_5_wrfifo_inst/inst_fifo_gen/gconvfifo.rf/grf.rf/gntv_or_sync_fifo.mem/gdm.dm_gen.dm/RAM_reg_0_15_6_11/RAMB/CLK
  -------------------------------------------------------------------    -------------------
    SLICE_X34Y56         RAMD32 (Prop_ramd32_CLK_O)
                                                      1.343     4.974 r  dbg_hub/inst/BSCANID.u_xsdbm_id/CORE_XSDB.UUT_MASTER/U_ICON_INTERFACE/U_CMD6_WR/U_WR_FIFO/SUBCORE_FIFO.xsdbm_v3_0_5_wrfifo_inst/inst_fifo_gen/gconvfifo.rf/grf.rf/gntv_or_sync_fifo.mem/gdm.dm_gen.dm/RAM_reg_0_15_6_11/RAMB/O
                         net (fo=1, routed)           0.618     5.592    dbg_hub/inst/BSCANID.u_xsdbm_id/CORE_XSDB.UUT_MASTER/U_ICON_INTERFACE/U_CMD6_WR/U_WR_FIFO/SUBCORE_FIFO.xsdbm_v3_0_5_wrfifo_inst/inst_fifo_gen/gconvfifo.rf/grf.rf/gntv_or_sync_fifo.mem/gdm.dm_gen.dm/dout_i0[8]
    SLICE_X35Y56         FDRE                                         r  dbg_hub/inst/BSCANID.u_xsdbm_id/CORE_XSDB.UUT_MASTER/U_ICON_INTERFACE/U_CMD6_WR/U_WR_FIFO/SUBCORE_FIFO.xsdbm_v3_0_5_wrfifo_inst/inst_fifo_gen/gconvfifo.rf/grf.rf/gntv_or_sync_fifo.mem/gdm.dm_gen.dm/gpr1.dout_i_reg[8]/D
  -------------------------------------------------------------------    -------------------

                         (clock g_hw.mmcm_clk rise edge)
                                                      0.000     0.000 r  
    N20                                               0.000     0.000 r  sync_clk (IN)
                         net (fo=0)                   0.000     0.000    core/core/clocks/sync_clk
    N20                  IBUF (Prop_ibuf_I_O)         1.423     1.423 r  core/core/clocks/g_hw.input_buffer/O
                         net (fo=1, routed)           1.162     2.585    core/core/clocks/g_hw.ibuf_clk
    MMCME2_ADV_X0Y0      MMCME2_ADV (Prop_mmcme2_adv_CLKIN1_CLKOUT0)
                                                     -7.118    -4.533 r  core/core/clocks/g_hw.mmcm/CLKOUT0
                         net (fo=1, routed)           1.599    -2.934    core/core/clocks/g_hw.mmcm_clk
    BUFGCTRL_X0Y0        BUFG (Prop_bufg_I_O)         0.091    -2.843 r  core/core/clocks/g_hw.output_buffer/O
                         net (fo=2518, routed)        1.490    -1.353    dbg_hub/inst/BSCANID.u_xsdbm_id/CORE_XSDB.UUT_MASTER/U_ICON_INTERFACE/U_CMD6_WR/U_WR_FIFO/SUBCORE_FIFO.xsdbm_v3_0_5_wrfifo_inst/inst_fifo_gen/gconvfifo.rf/grf.rf/gntv_or_sync_fifo.mem/gdm.dm_gen.dm/rd_clk
    SLICE_X35Y56         FDRE                                         r  dbg_hub/inst/BSCANID.u_xsdbm_id/CORE_XSDB.UUT_MASTER/U_ICON_INTERFACE/U_CMD6_WR/U_WR_FIFO/SUBCORE_FIFO.xsdbm_v3_0_5_wrfifo_inst/inst_fifo_gen/gconvfifo.rf/grf.rf/gntv_or_sync_fifo.mem/gdm.dm_gen.dm/gpr1.dout_i_reg[8]/C





Min Delay Paths
--------------------------------------------------------------------------------------
Slack:                    inf
  Source:                 dbg_hub/inst/BSCANID.u_xsdbm_id/CORE_XSDB.UUT_MASTER/U_ICON_INTERFACE/U_CMD4/shift_reg_in_reg[26]/C
                            (rising edge-triggered cell FDRE clocked by dbg_hub/inst/BSCANID.u_xsdbm_id/SWITCH_N_EXT_BSCAN.bscan_inst/SERIES7_BSCAN.bscan_inst/TCK  {rise@0.000ns fall@16.500ns period=33.000ns})
  Destination:            dbg_hub/inst/BSCANID.u_xsdbm_id/CORE_XSDB.UUT_MASTER/U_ICON_INTERFACE/U_CMD4/ctl_reg_reg[26]/D
                            (rising edge-triggered cell FDRE clocked by g_hw.mmcm_clk  {rise@0.000ns fall@10.000ns period=20.000ns})
  Path Group:             (none)
  Path Type:              Hold (Min at Fast Process Corner)
  Data Path Delay:        0.201ns  (logic 0.128ns (63.635%)  route 0.073ns (36.365%))
  Logic Levels:           0  
  Clock Path Skew:        -2.063ns (DCD - SCD - CPR)
    Destination Clock Delay (DCD):    -0.735ns
    Source Clock Delay      (SCD):    1.327ns
    Clock Pessimism Removal (CPR):    -0.000ns
  Clock Uncertainty:      0.461ns  ((TSJ^2 + DJ^2)^1/2) / 2 + PE + UU
    Total System Jitter     (TSJ):    0.071ns
    Discrete Jitter          (DJ):    0.179ns
    Phase Error              (PE):    0.165ns
    User Uncertainty         (UU):    0.200ns
  Timing Exception:       False Path

    Location             Delay type                Incr(ns)  Path(ns)    Netlist Resource(s)
  -------------------------------------------------------------------    -------------------
                         (clock dbg_hub/inst/BSCANID.u_xsdbm_id/SWITCH_N_EXT_BSCAN.bscan_inst/SERIES7_BSCAN.bscan_inst/TCK rise edge)
                                                      0.000     0.000 r  
    BSCAN_X0Y0           BSCANE2                      0.000     0.000 r  dbg_hub/inst/BSCANID.u_xsdbm_id/SWITCH_N_EXT_BSCAN.bscan_inst/SERIES7_BSCAN.bscan_inst/TCK
                         net (fo=1, routed)           0.745     0.745    dbg_hub/inst/BSCANID.u_xsdbm_id/tck_bs
    BUFGCTRL_X0Y1        BUFG (Prop_bufg_I_O)         0.026     0.771 r  dbg_hub/inst/BSCANID.u_xsdbm_id/SWITCH_N_EXT_BSCAN.u_bufg_icon_tck/O
                         net (fo=482, routed)         0.557     1.327    dbg_hub/inst/BSCANID.u_xsdbm_id/CORE_XSDB.UUT_MASTER/U_ICON_INTERFACE/U_CMD4/m_bscan_tck[0]
    SLICE_X21Y57         FDRE                                         r  dbg_hub/inst/BSCANID.u_xsdbm_id/CORE_XSDB.UUT_MASTER/U_ICON_INTERFACE/U_CMD4/shift_reg_in_reg[26]/C
  -------------------------------------------------------------------    -------------------
    SLICE_X21Y57         FDRE (Prop_fdre_C_Q)         0.128     1.455 r  dbg_hub/inst/BSCANID.u_xsdbm_id/CORE_XSDB.UUT_MASTER/U_ICON_INTERFACE/U_CMD4/shift_reg_in_reg[26]/Q
                         net (fo=2, routed)           0.073     1.528    dbg_hub/inst/BSCANID.u_xsdbm_id/CORE_XSDB.UUT_MASTER/U_ICON_INTERFACE/U_CMD4/shift_reg_in[26]
    SLICE_X20Y57         FDRE                                         r  dbg_hub/inst/BSCANID.u_xsdbm_id/CORE_XSDB.UUT_MASTER/U_ICON_INTERFACE/U_CMD4/ctl_reg_reg[26]/D
  -------------------------------------------------------------------    -------------------

                         (clock g_hw.mmcm_clk rise edge)
                                                      0.000     0.000 r  
    N20                                               0.000     0.000 r  sync_clk (IN)
                         net (fo=0)                   0.000     0.000    core/core/clocks/sync_clk
    N20                  IBUF (Prop_ibuf_I_O)         0.450     0.450 r  core/core/clocks/g_hw.input_buffer/O
                         net (fo=1, routed)           0.480     0.930    core/core/clocks/g_hw.ibuf_clk
    MMCME2_ADV_X0Y0      MMCME2_ADV (Prop_mmcme2_adv_CLKIN1_CLKOUT0)
                                                     -3.050    -2.120 r  core/core/clocks/g_hw.mmcm/CLKOUT0
                         net (fo=1, routed)           0.528    -1.592    core/core/clocks/g_hw.mmcm_clk
    BUFGCTRL_X0Y0        BUFG (Prop_bufg_I_O)         0.029    -1.563 r  core/core/clocks/g_hw.output_buffer/O
                         net (fo=2518, routed)        0.828    -0.735    dbg_hub/inst/BSCANID.u_xsdbm_id/CORE_XSDB.UUT_MASTER/U_ICON_INTERFACE/U_CMD4/clk
    SLICE_X20Y57         FDRE                                         r  dbg_hub/inst/BSCANID.u_xsdbm_id/CORE_XSDB.UUT_MASTER/U_ICON_INTERFACE/U_CMD4/ctl_reg_reg[26]/C





--------------------------------------------------------------------------------------
Path Group:  (none)
From Clock:  g_hw.mmcm_clk
  To Clock:  g_hw.mmcm_clk

Max Delay            99 Endpoints
Min Delay            99 Endpoints
--------------------------------------------------------------------------------------


Max Delay Paths
--------------------------------------------------------------------------------------
Slack:                    inf
  Source:                 ebaz_slave_serializer_prepcb/serializer_prepcb_core/ila_prepcb/<hidden>/<hidden>/<hidden>/<hidden>/<hidden>/<hidden>/<hidden>/<hidden>/<hidden>/<hidden>
                            (rising edge-triggered cell SRL16E clocked by g_hw.mmcm_clk  {rise@0.000ns fall@10.000ns period=20.000ns})
  Destination:            ebaz_slave_serializer_prepcb/serializer_prepcb_core/ila_prepcb/<hidden>/<hidden>/<hidden>/<hidden>/<hidden>
                            (rising edge-triggered cell FDRE clocked by g_hw.mmcm_clk  {rise@0.000ns fall@10.000ns period=20.000ns})
  Path Group:             (none)
  Path Type:              Setup (Max at Slow Process Corner)
  Data Path Delay:        4.807ns  (logic 2.528ns (52.586%)  route 2.279ns (47.414%))
  Logic Levels:           2  (CARRY4=1 LUT2=1)
  Clock Path Skew:        -0.641ns (DCD - SCD + CPR)
    Destination Clock Delay (DCD):    -1.373ns
    Source Clock Delay      (SCD):    -0.732ns
    Clock Pessimism Removal (CPR):    0.000ns
  Clock Uncertainty:      0.296ns  ((TSJ^2 + DJ^2)^1/2) / 2 + PE + UU
    Total System Jitter     (TSJ):    0.071ns
    Discrete Jitter          (DJ):    0.179ns
    Phase Error              (PE):    0.000ns
    User Uncertainty         (UU):    0.200ns
  Timing Exception:       False Path

    Location             Delay type                Incr(ns)  Path(ns)    Netlist Resource(s)
  -------------------------------------------------------------------    -------------------
                         (clock g_hw.mmcm_clk rise edge)
                                                      0.000     0.000 r  
    N20                                               0.000     0.000 r  sync_clk (IN)
                         net (fo=0)                   0.000     0.000    core/core/clocks/sync_clk
    N20                  IBUF (Prop_ibuf_I_O)         1.494     1.494 r  core/core/clocks/g_hw.input_buffer/O
                         net (fo=1, routed)           1.285     2.779    core/core/clocks/g_hw.ibuf_clk
    MMCME2_ADV_X0Y0      MMCME2_ADV (Prop_mmcme2_adv_CLKIN1_CLKOUT0)
                                                     -7.010    -4.231 r  core/core/clocks/g_hw.mmcm/CLKOUT0
                         net (fo=1, routed)           1.760    -2.471    core/core/clocks/g_hw.mmcm_clk
    BUFGCTRL_X0Y0        BUFG (Prop_bufg_I_O)         0.101    -2.370 r  core/core/clocks/g_hw.output_buffer/O
                         net (fo=2518, routed)        1.638    -0.732    ebaz_slave_serializer_prepcb/serializer_prepcb_core/ila_prepcb/<hidden>/<hidden>/<hidden>/<hidden>/<hidden>/<hidden>/<hidden>/<hidden>/<hidden>/<hidden>
    SLICE_X24Y74         SRL16E                                       r  ebaz_slave_serializer_prepcb/serializer_prepcb_core/ila_prepcb/<hidden>/<hidden>/<hidden>/<hidden>/<hidden>/<hidden>/<hidden>/<hidden>/<hidden>/<hidden>
  -------------------------------------------------------------------    -------------------
    SLICE_X24Y74         SRL16E (Prop_srl16e_CLK_Q)
                                                      1.632     0.900 r  ebaz_slave_serializer_prepcb/serializer_prepcb_core/ila_prepcb/<hidden>/<hidden>/<hidden>/<hidden>/<hidden>/<hidden>/<hidden>/<hidden>/<hidden>/<hidden>
                         net (fo=1, routed)           0.804     1.704    ebaz_slave_serializer_prepcb/serializer_prepcb_core/ila_prepcb/<hidden>/<hidden>/<hidden>/<hidden>/<hidden>/<hidden>/<hidden>/<hidden>/<hidden>
    SLICE_X24Y73         CARRY4 (Prop_carry4_DI[1]_CO[3])
                                                      0.744     2.448 r  ebaz_slave_serializer_prepcb/serializer_prepcb_core/ila_prepcb/<hidden>/<hidden>/<hidden>/<hidden>/<hidden>/<hidden>/<hidden>/<hidden>/<hidden>
                         net (fo=1, routed)           0.959     3.408    ebaz_slave_serializer_prepcb/serializer_prepcb_core/ila_prepcb/<hidden>/<hidden>/<hidden>
    SLICE_X25Y73         LUT2 (Prop_lut2_I1_O)        0.152     3.560 r  ebaz_slave_serializer_prepcb/serializer_prepcb_core/ila_prepcb/<hidden>/<hidden>/<hidden>
                         net (fo=1, routed)           0.516     4.075    ebaz_slave_serializer_prepcb/serializer_prepcb_core/ila_prepcb/<hidden>/<hidden>/<hidden>/<hidden>/<hidden>
    SLICE_X23Y73         FDRE                                         r  ebaz_slave_serializer_prepcb/serializer_prepcb_core/ila_prepcb/<hidden>/<hidden>/<hidden>/<hidden>/<hidden>
  -------------------------------------------------------------------    -------------------

                         (clock g_hw.mmcm_clk rise edge)
                                                      0.000     0.000 r  
    N20                                               0.000     0.000 r  sync_clk (IN)
                         net (fo=0)                   0.000     0.000    core/core/clocks/sync_clk
    N20                  IBUF (Prop_ibuf_I_O)         1.423     1.423 r  core/core/clocks/g_hw.input_buffer/O
                         net (fo=1, routed)           1.162     2.585    core/core/clocks/g_hw.ibuf_clk
    MMCME2_ADV_X0Y0      MMCME2_ADV (Prop_mmcme2_adv_CLKIN1_CLKOUT0)
                                                     -7.118    -4.533 r  core/core/clocks/g_hw.mmcm/CLKOUT0
                         net (fo=1, routed)           1.599    -2.934    core/core/clocks/g_hw.mmcm_clk
    BUFGCTRL_X0Y0        BUFG (Prop_bufg_I_O)         0.091    -2.843 r  core/core/clocks/g_hw.output_buffer/O
                         net (fo=2518, routed)        1.470    -1.373    ebaz_slave_serializer_prepcb/serializer_prepcb_core/ila_prepcb/<hidden>/<hidden>/<hidden>/<hidden>/<hidden>
    SLICE_X23Y73         FDRE                                         r  ebaz_slave_serializer_prepcb/serializer_prepcb_core/ila_prepcb/<hidden>/<hidden>/<hidden>/<hidden>/<hidden>





Min Delay Paths
--------------------------------------------------------------------------------------
Slack:                    inf
  Source:                 ebaz_slave_serializer_prepcb/serializer_prepcb_core/ila_prepcb/<hidden>/<hidden>/<hidden>
                            (rising edge-triggered cell FDRE clocked by g_hw.mmcm_clk  {rise@0.000ns fall@10.000ns period=20.000ns})
  Destination:            ebaz_slave_serializer_prepcb/serializer_prepcb_core/ila_prepcb/<hidden>/<hidden>/<hidden>/<hidden>/<hidden>
                            (rising edge-triggered cell FDRE clocked by g_hw.mmcm_clk  {rise@0.000ns fall@10.000ns period=20.000ns})
  Path Group:             (none)
  Path Type:              Hold (Min at Slow Process Corner)
  Data Path Delay:        0.620ns  (logic 0.337ns (54.356%)  route 0.283ns (45.644%))
  Logic Levels:           0  
  Clock Path Skew:        0.645ns (DCD - SCD - CPR)
    Destination Clock Delay (DCD):    -0.721ns
    Source Clock Delay      (SCD):    -1.366ns
    Clock Pessimism Removal (CPR):    -0.000ns
  Clock Uncertainty:      0.296ns  ((TSJ^2 + DJ^2)^1/2) / 2 + PE + UU
    Total System Jitter     (TSJ):    0.071ns
    Discrete Jitter          (DJ):    0.179ns
    Phase Error              (PE):    0.000ns
    User Uncertainty         (UU):    0.200ns
  Timing Exception:       False Path

    Location             Delay type                Incr(ns)  Path(ns)    Netlist Resource(s)
  -------------------------------------------------------------------    -------------------
                         (clock g_hw.mmcm_clk rise edge)
                                                      0.000     0.000 r  
    N20                                               0.000     0.000 r  sync_clk (IN)
                         net (fo=0)                   0.000     0.000    core/core/clocks/sync_clk
    N20                  IBUF (Prop_ibuf_I_O)         1.423     1.423 r  core/core/clocks/g_hw.input_buffer/O
                         net (fo=1, routed)           1.162     2.585    core/core/clocks/g_hw.ibuf_clk
    MMCME2_ADV_X0Y0      MMCME2_ADV (Prop_mmcme2_adv_CLKIN1_CLKOUT0)
                                                     -7.118    -4.533 r  core/core/clocks/g_hw.mmcm/CLKOUT0
                         net (fo=1, routed)           1.599    -2.934    core/core/clocks/g_hw.mmcm_clk
    BUFGCTRL_X0Y0        BUFG (Prop_bufg_I_O)         0.091    -2.843 r  core/core/clocks/g_hw.output_buffer/O
                         net (fo=2518, routed)        1.477    -1.366    ebaz_slave_serializer_prepcb/serializer_prepcb_core/ila_prepcb/<hidden>/<hidden>/<hidden>
    SLICE_X29Y71         FDRE                                         r  ebaz_slave_serializer_prepcb/serializer_prepcb_core/ila_prepcb/<hidden>/<hidden>/<hidden>
  -------------------------------------------------------------------    -------------------
    SLICE_X29Y71         FDRE (Prop_fdre_C_Q)         0.337    -1.029 r  ebaz_slave_serializer_prepcb/serializer_prepcb_core/ila_prepcb/<hidden>/<hidden>/<hidden>
                         net (fo=2, routed)           0.283    -0.747    ebaz_slave_serializer_prepcb/serializer_prepcb_core/ila_prepcb/<hidden>/<hidden>/<hidden>/<hidden>/<hidden>
    SLICE_X27Y70         FDRE                                         r  ebaz_slave_serializer_prepcb/serializer_prepcb_core/ila_prepcb/<hidden>/<hidden>/<hidden>/<hidden>/<hidden>
  -------------------------------------------------------------------    -------------------

                         (clock g_hw.mmcm_clk rise edge)
                                                      0.000     0.000 r  
    N20                                               0.000     0.000 r  sync_clk (IN)
                         net (fo=0)                   0.000     0.000    core/core/clocks/sync_clk
    N20                  IBUF (Prop_ibuf_I_O)         1.494     1.494 r  core/core/clocks/g_hw.input_buffer/O
                         net (fo=1, routed)           1.285     2.779    core/core/clocks/g_hw.ibuf_clk
    MMCME2_ADV_X0Y0      MMCME2_ADV (Prop_mmcme2_adv_CLKIN1_CLKOUT0)
                                                     -7.010    -4.231 r  core/core/clocks/g_hw.mmcm/CLKOUT0
                         net (fo=1, routed)           1.760    -2.471    core/core/clocks/g_hw.mmcm_clk
    BUFGCTRL_X0Y0        BUFG (Prop_bufg_I_O)         0.101    -2.370 r  core/core/clocks/g_hw.output_buffer/O
                         net (fo=2518, routed)        1.649    -0.721    ebaz_slave_serializer_prepcb/serializer_prepcb_core/ila_prepcb/<hidden>/<hidden>/<hidden>/<hidden>/<hidden>
    SLICE_X27Y70         FDRE                                         r  ebaz_slave_serializer_prepcb/serializer_prepcb_core/ila_prepcb/<hidden>/<hidden>/<hidden>/<hidden>/<hidden>





--------------------------------------------------------------------------------------
Path Group:  (none)
From Clock:  
  To Clock:  dbg_hub/inst/BSCANID.u_xsdbm_id/SWITCH_N_EXT_BSCAN.bscan_inst/SERIES7_BSCAN.bscan_inst/TCK

Max Delay           257 Endpoints
Min Delay           257 Endpoints
--------------------------------------------------------------------------------------


Max Delay Paths
--------------------------------------------------------------------------------------
Slack:                    inf
  Source:                 dbg_hub/inst/BSCANID.u_xsdbm_id/SWITCH_N_EXT_BSCAN.bscan_inst/SERIES7_BSCAN.bscan_inst/SHIFT
                            (internal pin)
  Destination:            dbg_hub/inst/BSCANID.u_xsdbm_id/CORE_XSDB.U_ICON/U_STAT/iSTAT_CNT_reg[1]/R
                            (rising edge-triggered cell FDRE clocked by dbg_hub/inst/BSCANID.u_xsdbm_id/SWITCH_N_EXT_BSCAN.bscan_inst/SERIES7_BSCAN.bscan_inst/TCK  {rise@0.000ns fall@16.500ns period=33.000ns})
  Path Group:             (none)
  Path Type:              Setup (Max at Slow Process Corner)
  Data Path Delay:        5.735ns  (logic 0.372ns (6.487%)  route 5.363ns (93.513%))
  Logic Levels:           3  (LUT4=1 LUT5=2)
  Clock Uncertainty:      0.025ns  ((TSJ^2 + TIJ^2)^1/2 + DJ) / 2 + PE
    Total System Jitter     (TSJ):    0.050ns
    Total Input Jitter      (TIJ):    0.000ns
    Discrete Jitter          (DJ):    0.000ns
    Phase Error              (PE):    0.000ns

    Location             Delay type                Incr(ns)  Path(ns)    Netlist Resource(s)
  -------------------------------------------------------------------    -------------------
    BSCAN_X0Y0           BSCANE2                      0.000     0.000 f  dbg_hub/inst/BSCANID.u_xsdbm_id/SWITCH_N_EXT_BSCAN.bscan_inst/SERIES7_BSCAN.bscan_inst/SHIFT
                         net (fo=37, routed)          3.157     3.157    dbg_hub/inst/BSCANID.u_xsdbm_id/SWITCH_N_EXT_BSCAN.bscan_switch/s_bscan_shift
    SLICE_X27Y52         LUT5 (Prop_lut5_I4_O)        0.124     3.281 f  dbg_hub/inst/BSCANID.u_xsdbm_id/SWITCH_N_EXT_BSCAN.bscan_switch/m_bscan_shift[0]_INST_0/O
                         net (fo=4, routed)           0.603     3.884    dbg_hub/inst/BSCANID.u_xsdbm_id/CORE_XSDB.U_ICON/U_CMD/icn_cmd_en_reg[7]
    SLICE_X26Y53         LUT4 (Prop_lut4_I1_O)        0.124     4.008 f  dbg_hub/inst/BSCANID.u_xsdbm_id/CORE_XSDB.U_ICON/U_CMD/iSTAT_CNT[5]_i_4/O
                         net (fo=1, routed)           0.496     4.505    dbg_hub/inst/BSCANID.u_xsdbm_id/CORE_XSDB.U_ICON/U_CMD/iSTAT_CNT[5]_i_4_n_0
    SLICE_X25Y53         LUT5 (Prop_lut5_I4_O)        0.124     4.629 r  dbg_hub/inst/BSCANID.u_xsdbm_id/CORE_XSDB.U_ICON/U_CMD/iSTAT_CNT[5]_i_1/O
                         net (fo=6, routed)           1.106     5.735    dbg_hub/inst/BSCANID.u_xsdbm_id/CORE_XSDB.U_ICON/U_STAT/SR[0]
    SLICE_X23Y54         FDRE                                         r  dbg_hub/inst/BSCANID.u_xsdbm_id/CORE_XSDB.U_ICON/U_STAT/iSTAT_CNT_reg[1]/R
  -------------------------------------------------------------------    -------------------

                         (clock dbg_hub/inst/BSCANID.u_xsdbm_id/SWITCH_N_EXT_BSCAN.bscan_inst/SERIES7_BSCAN.bscan_inst/TCK rise edge)
                                                      0.000     0.000 r  
    BSCAN_X0Y0           BSCANE2                      0.000     0.000 r  dbg_hub/inst/BSCANID.u_xsdbm_id/SWITCH_N_EXT_BSCAN.bscan_inst/SERIES7_BSCAN.bscan_inst/TCK
                         net (fo=1, routed)           1.596     1.596    dbg_hub/inst/BSCANID.u_xsdbm_id/tck_bs
    BUFGCTRL_X0Y1        BUFG (Prop_bufg_I_O)         0.091     1.687 r  dbg_hub/inst/BSCANID.u_xsdbm_id/SWITCH_N_EXT_BSCAN.u_bufg_icon_tck/O
                         net (fo=482, routed)         1.485     3.171    dbg_hub/inst/BSCANID.u_xsdbm_id/CORE_XSDB.U_ICON/U_STAT/m_bscan_tck[0]
    SLICE_X23Y54         FDRE                                         r  dbg_hub/inst/BSCANID.u_xsdbm_id/CORE_XSDB.U_ICON/U_STAT/iSTAT_CNT_reg[1]/C





Min Delay Paths
--------------------------------------------------------------------------------------
Slack:                    inf
  Source:                 dbg_hub/inst/BSCANID.u_xsdbm_id/SWITCH_N_EXT_BSCAN.bscan_inst/SERIES7_BSCAN.bscan_inst/RESET
                            (internal pin)
  Destination:            dbg_hub/inst/BSCANID.u_xsdbm_id/SWITCH_N_EXT_BSCAN.bscanid_reg[10]/R
                            (rising edge-triggered cell FDRE clocked by dbg_hub/inst/BSCANID.u_xsdbm_id/SWITCH_N_EXT_BSCAN.bscan_inst/SERIES7_BSCAN.bscan_inst/TCK  {rise@0.000ns fall@16.500ns period=33.000ns})
  Path Group:             (none)
  Path Type:              Hold (Min at Fast Process Corner)
  Data Path Delay:        0.625ns  (logic 0.000ns (0.000%)  route 0.625ns (100.000%))
  Logic Levels:           0  
  Clock Uncertainty:      0.025ns  ((TSJ^2 + TIJ^2)^1/2 + DJ) / 2 + PE
    Total System Jitter     (TSJ):    0.050ns
    Total Input Jitter      (TIJ):    0.000ns
    Discrete Jitter          (DJ):    0.000ns
    Phase Error              (PE):    0.000ns

    Location             Delay type                Incr(ns)  Path(ns)    Netlist Resource(s)
  -------------------------------------------------------------------    -------------------
    BSCAN_X0Y0           BSCANE2                      0.000     0.000 r  dbg_hub/inst/BSCANID.u_xsdbm_id/SWITCH_N_EXT_BSCAN.bscan_inst/SERIES7_BSCAN.bscan_inst/RESET
                         net (fo=79, routed)          0.625     0.625    dbg_hub/inst/BSCANID.u_xsdbm_id/RESET
    SLICE_X17Y54         FDRE                                         r  dbg_hub/inst/BSCANID.u_xsdbm_id/SWITCH_N_EXT_BSCAN.bscanid_reg[10]/R
  -------------------------------------------------------------------    -------------------

                         (clock dbg_hub/inst/BSCANID.u_xsdbm_id/SWITCH_N_EXT_BSCAN.bscan_inst/SERIES7_BSCAN.bscan_inst/TCK rise edge)
                                                      0.000     0.000 r  
    BSCAN_X0Y0           BSCANE2                      0.000     0.000 r  dbg_hub/inst/BSCANID.u_xsdbm_id/SWITCH_N_EXT_BSCAN.bscan_inst/SERIES7_BSCAN.bscan_inst/TCK
                         net (fo=1, routed)           0.861     0.861    dbg_hub/inst/BSCANID.u_xsdbm_id/tck_bs
    BUFGCTRL_X0Y1        BUFG (Prop_bufg_I_O)         0.029     0.890 r  dbg_hub/inst/BSCANID.u_xsdbm_id/SWITCH_N_EXT_BSCAN.u_bufg_icon_tck/O
                         net (fo=482, routed)         0.830     1.720    dbg_hub/inst/BSCANID.u_xsdbm_id/itck_i
    SLICE_X17Y54         FDRE                                         r  dbg_hub/inst/BSCANID.u_xsdbm_id/SWITCH_N_EXT_BSCAN.bscanid_reg[10]/C





--------------------------------------------------------------------------------------
Path Group:  (none)
From Clock:  
  To Clock:  g_hw.mmcm_clk

Max Delay             5 Endpoints
Min Delay             5 Endpoints
--------------------------------------------------------------------------------------


Max Delay Paths
--------------------------------------------------------------------------------------
Slack:                    inf
  Source:                 core/core/clocks/g_hw.mmcm/LOCKED
                            (internal pin)
  Destination:            ebaz_slave_serializer_prepcb/serializer_prepcb_core/ila_prepcb/<hidden>/<hidden>/<hidden>/<hidden>/<hidden>/<hidden>
                            (rising edge-triggered cell FDRE clocked by g_hw.mmcm_clk  {rise@0.000ns fall@10.000ns period=20.000ns})
  Path Group:             (none)
  Path Type:              Setup (Max at Slow Process Corner)
  Data Path Delay:        3.530ns  (logic 0.152ns (4.306%)  route 3.378ns (95.694%))
  Logic Levels:           1  (LUT2=1)
  Clock Uncertainty:      0.458ns  ((TSJ^2 + DJ^2)^1/2) / 2 + PE + UU
    Total System Jitter     (TSJ):    0.050ns
    Discrete Jitter          (DJ):    0.179ns
    Phase Error              (PE):    0.165ns
    User Uncertainty         (UU):    0.200ns

    Location             Delay type                Incr(ns)  Path(ns)    Netlist Resource(s)
  -------------------------------------------------------------------    -------------------
    MMCME2_ADV_X0Y0      MMCME2_ADV                   0.000     0.000 r  core/core/clocks/g_hw.mmcm/LOCKED
                         net (fo=7, routed)           3.378     3.378    ebaz_slave_serializer_prepcb/serializer_prepcb_core/ila_prepcb/<hidden>/<hidden>/<hidden>/<hidden>
    SLICE_X39Y70         LUT2 (Prop_lut2_I0_O)        0.152     3.530 r  ebaz_slave_serializer_prepcb/serializer_prepcb_core/ila_prepcb/<hidden>/<hidden>/<hidden>/<hidden>
                         net (fo=1, routed)           0.000     3.530    ebaz_slave_serializer_prepcb/serializer_prepcb_core/ila_prepcb/<hidden>/<hidden>/<hidden>/<hidden>/<hidden>/<hidden>
    SLICE_X39Y70         FDRE                                         r  ebaz_slave_serializer_prepcb/serializer_prepcb_core/ila_prepcb/<hidden>/<hidden>/<hidden>/<hidden>/<hidden>/<hidden>
  -------------------------------------------------------------------    -------------------

                         (clock g_hw.mmcm_clk rise edge)
                                                      0.000     0.000 r  
    N20                                               0.000     0.000 r  sync_clk (IN)
                         net (fo=0)                   0.000     0.000    core/core/clocks/sync_clk
    N20                  IBUF (Prop_ibuf_I_O)         1.423     1.423 r  core/core/clocks/g_hw.input_buffer/O
                         net (fo=1, routed)           1.162     2.585    core/core/clocks/g_hw.ibuf_clk
    MMCME2_ADV_X0Y0      MMCME2_ADV (Prop_mmcme2_adv_CLKIN1_CLKOUT0)
                                                     -7.118    -4.533 r  core/core/clocks/g_hw.mmcm/CLKOUT0
                         net (fo=1, routed)           1.599    -2.934    core/core/clocks/g_hw.mmcm_clk
    BUFGCTRL_X0Y0        BUFG (Prop_bufg_I_O)         0.091    -2.843 r  core/core/clocks/g_hw.output_buffer/O
                         net (fo=2518, routed)        1.554    -1.289    ebaz_slave_serializer_prepcb/serializer_prepcb_core/ila_prepcb/<hidden>/<hidden>/<hidden>/<hidden>/<hidden>/<hidden>
    SLICE_X39Y70         FDRE                                         r  ebaz_slave_serializer_prepcb/serializer_prepcb_core/ila_prepcb/<hidden>/<hidden>/<hidden>/<hidden>/<hidden>/<hidden>





Min Delay Paths
--------------------------------------------------------------------------------------
Slack:                    inf
  Source:                 core/core/clocks/g_hw.mmcm/LOCKED
                            (internal pin)
  Destination:            ebaz_slave_serializer_prepcb/serializer_prepcb_core/ila_prepcb/<hidden>/<hidden>
                            (rising edge-triggered cell SRL16E clocked by g_hw.mmcm_clk  {rise@0.000ns fall@10.000ns period=20.000ns})
  Path Group:             (none)
  Path Type:              Hold (Min at Fast Process Corner)
  Data Path Delay:        1.034ns  (logic 0.000ns (0.000%)  route 1.034ns (100.000%))
  Logic Levels:           0  
  Clock Uncertainty:      0.458ns  ((TSJ^2 + DJ^2)^1/2) / 2 + PE + UU
    Total System Jitter     (TSJ):    0.050ns
    Discrete Jitter          (DJ):    0.179ns
    Phase Error              (PE):    0.165ns
    User Uncertainty         (UU):    0.200ns

    Location             Delay type                Incr(ns)  Path(ns)    Netlist Resource(s)
  -------------------------------------------------------------------    -------------------
    MMCME2_ADV_X0Y0      MMCME2_ADV                   0.000     0.000 r  core/core/clocks/g_hw.mmcm/LOCKED
                         net (fo=7, routed)           1.034     1.034    ebaz_slave_serializer_prepcb/serializer_prepcb_core/ila_prepcb/<hidden>/<hidden>
    SLICE_X38Y74         SRL16E                                       r  ebaz_slave_serializer_prepcb/serializer_prepcb_core/ila_prepcb/<hidden>/<hidden>
  -------------------------------------------------------------------    -------------------

                         (clock g_hw.mmcm_clk rise edge)
                                                      0.000     0.000 r  
    N20                                               0.000     0.000 r  sync_clk (IN)
                         net (fo=0)                   0.000     0.000    core/core/clocks/sync_clk
    N20                  IBUF (Prop_ibuf_I_O)         0.450     0.450 r  core/core/clocks/g_hw.input_buffer/O
                         net (fo=1, routed)           0.480     0.930    core/core/clocks/g_hw.ibuf_clk
    MMCME2_ADV_X0Y0      MMCME2_ADV (Prop_mmcme2_adv_CLKIN1_CLKOUT0)
                                                     -3.050    -2.120 r  core/core/clocks/g_hw.mmcm/CLKOUT0
                         net (fo=1, routed)           0.528    -1.592    core/core/clocks/g_hw.mmcm_clk
    BUFGCTRL_X0Y0        BUFG (Prop_bufg_I_O)         0.029    -1.563 r  core/core/clocks/g_hw.output_buffer/O
                         net (fo=2518, routed)        0.842    -0.721    ebaz_slave_serializer_prepcb/serializer_prepcb_core/ila_prepcb/<hidden>/<hidden>
    SLICE_X38Y74         SRL16E                                       r  ebaz_slave_serializer_prepcb/serializer_prepcb_core/ila_prepcb/<hidden>/<hidden>





