Copyright 1986-2022 Xilinx, Inc. All Rights Reserved. Copyright 2022-2025 Advanced Micro Devices, Inc. All Rights Reserved.
--------------------------------------------------------------------------------------------------------------------------------------------------------------------------------------------------------------------------------
| Tool Version : Vivado v.2025.2 (win64) Build 6299465 Fri Nov 14 19:35:11 GMT 2025
| Date         : Wed Sep 30 22:46:14 2026
| Host         : LAPTOP-V3PP2F49 running 64-bit major release  (build 9200)
| Command      : report_timing -delay_type max -max_paths 10 -file C:/Users/BELYA/Documents/Codex/2026-09-29/https-github-com-loverlike1216-sonofield-fpga/outputs/sonofield-v3/v3/evidence/task001/ebaz_master/setup_paths.rpt
| Design       : ebaz_master
| Device       : 7z010-clg400
| Speed File   : -1  PRODUCTION 1.12 2019-11-22
| Design State : Routed
--------------------------------------------------------------------------------------------------------------------------------------------------------------------------------------------------------------------------------

Timing Report

Slack (MET) :             1.066ns  (required time - arrival time)
  Source:                 core/g_master.timer/timestamp_reg[0]/C
                            (rising edge-triggered cell FDRE clocked by g_hw.mmcm_clk  {rise@0.000ns fall@10.000ns period=20.000ns})
  Destination:            core/g_master.tx/index_reg[4]/R
                            (falling edge-triggered cell FDRE clocked by g_hw.mmcm_clk  {rise@0.000ns fall@10.000ns period=20.000ns})
  Path Group:             g_hw.mmcm_clk
  Path Type:              Setup (Max at Slow Process Corner)
  Requirement:            10.000ns  (g_hw.mmcm_clk fall@10.000ns - g_hw.mmcm_clk rise@0.000ns)
  Data Path Delay:        8.117ns  (logic 3.971ns (48.921%)  route 4.146ns (51.079%))
  Logic Levels:           21  (CARRY4=17 LUT2=2 LUT3=1 LUT6=1)
  Clock Path Skew:        0.007ns (DCD - SCD + CPR)
    Destination Clock Delay (DCD):    -1.296ns = ( 8.704 - 10.000 ) 
    Source Clock Delay      (SCD):    -0.716ns
    Clock Pessimism Removal (CPR):    0.587ns
  Clock Uncertainty:      0.096ns  ((TSJ^2 + DJ^2)^1/2) / 2 + PE
    Total System Jitter     (TSJ):    0.071ns
    Discrete Jitter          (DJ):    0.179ns
    Phase Error              (PE):    0.000ns

    Location             Delay type                Incr(ns)  Path(ns)    Netlist Resource(s)
  -------------------------------------------------------------------    -------------------
                         (clock g_hw.mmcm_clk rise edge)
                                                      0.000     0.000 r  
    N18                                               0.000     0.000 r  clk50 (IN)
                         net (fo=0)                   0.000     0.000    core/clocks/clk50
    N18                  IBUF (Prop_ibuf_I_O)         1.492     1.492 r  core/clocks/g_hw.input_buffer/O
                         net (fo=1, routed)           1.285     2.777    core/clocks/g_hw.ibuf_clk
    MMCME2_ADV_X0Y0      MMCME2_ADV (Prop_mmcme2_adv_CLKIN1_CLKOUT0)
                                                     -7.010    -4.233 r  core/clocks/g_hw.mmcm/CLKOUT0
                         net (fo=1, routed)           1.760    -2.473    core/clocks/g_hw.mmcm_clk
    BUFGCTRL_X0Y0        BUFG (Prop_bufg_I_O)         0.101    -2.372 r  core/clocks/g_hw.output_buffer/O
                         net (fo=617, routed)         1.656    -0.716    core/g_master.timer/CLK
    SLICE_X23Y59         FDRE                                         r  core/g_master.timer/timestamp_reg[0]/C
  -------------------------------------------------------------------    -------------------
    SLICE_X23Y59         FDRE (Prop_fdre_C_Q)         0.456    -0.260 r  core/g_master.timer/timestamp_reg[0]/Q
                         net (fo=11, routed)          0.826     0.566    core/g_master.timer/out[0]
    SLICE_X31Y59         LUT2 (Prop_lut2_I1_O)        0.124     0.690 r  core/g_master.timer/lead_carry_i_4/O
                         net (fo=1, routed)           0.000     0.690    core/g_master.tx/sync_valid7_carry_i_4_0[0]
    SLICE_X31Y59         CARRY4 (Prop_carry4_S[0]_CO[3])
                                                      0.532     1.222 r  core/g_master.tx/lead_carry/CO[3]
                         net (fo=1, routed)           0.000     1.222    core/g_master.tx/lead_carry_n_0
    SLICE_X31Y60         CARRY4 (Prop_carry4_CI_CO[3])
                                                      0.114     1.336 r  core/g_master.tx/lead_carry__0/CO[3]
                         net (fo=1, routed)           0.000     1.336    core/g_master.tx/lead_carry__0_n_0
    SLICE_X31Y61         CARRY4 (Prop_carry4_CI_CO[3])
                                                      0.114     1.450 r  core/g_master.tx/lead_carry__1/CO[3]
                         net (fo=1, routed)           0.000     1.450    core/g_master.tx/lead_carry__1_n_0
    SLICE_X31Y62         CARRY4 (Prop_carry4_CI_CO[3])
                                                      0.114     1.564 r  core/g_master.tx/lead_carry__2/CO[3]
                         net (fo=1, routed)           0.000     1.564    core/g_master.tx/lead_carry__2_n_0
    SLICE_X31Y63         CARRY4 (Prop_carry4_CI_CO[3])
                                                      0.114     1.678 r  core/g_master.tx/lead_carry__3/CO[3]
                         net (fo=1, routed)           0.000     1.678    core/g_master.tx/lead_carry__3_n_0
    SLICE_X31Y64         CARRY4 (Prop_carry4_CI_CO[3])
                                                      0.114     1.792 r  core/g_master.tx/lead_carry__4/CO[3]
                         net (fo=1, routed)           0.000     1.792    core/g_master.tx/lead_carry__4_n_0
    SLICE_X31Y65         CARRY4 (Prop_carry4_CI_CO[3])
                                                      0.114     1.906 r  core/g_master.tx/lead_carry__5/CO[3]
                         net (fo=1, routed)           0.000     1.906    core/g_master.tx/lead_carry__5_n_0
    SLICE_X31Y66         CARRY4 (Prop_carry4_CI_CO[3])
                                                      0.114     2.020 r  core/g_master.tx/lead_carry__6/CO[3]
                         net (fo=1, routed)           0.000     2.020    core/g_master.tx/lead_carry__6_n_0
    SLICE_X31Y67         CARRY4 (Prop_carry4_CI_CO[3])
                                                      0.114     2.134 r  core/g_master.tx/lead_carry__7/CO[3]
                         net (fo=1, routed)           0.000     2.134    core/g_master.tx/lead_carry__7_n_0
    SLICE_X31Y68         CARRY4 (Prop_carry4_CI_CO[3])
                                                      0.114     2.248 r  core/g_master.tx/lead_carry__8/CO[3]
                         net (fo=1, routed)           0.000     2.248    core/g_master.tx/lead_carry__8_n_0
    SLICE_X31Y69         CARRY4 (Prop_carry4_CI_CO[3])
                                                      0.114     2.362 r  core/g_master.tx/lead_carry__9/CO[3]
                         net (fo=1, routed)           0.000     2.362    core/g_master.tx/lead_carry__9_n_0
    SLICE_X31Y70         CARRY4 (Prop_carry4_CI_CO[3])
                                                      0.114     2.476 r  core/g_master.tx/lead_carry__10/CO[3]
                         net (fo=1, routed)           0.000     2.476    core/g_master.tx/lead_carry__10_n_0
    SLICE_X31Y71         CARRY4 (Prop_carry4_CI_CO[3])
                                                      0.114     2.590 r  core/g_master.tx/lead_carry__11/CO[3]
                         net (fo=1, routed)           0.000     2.590    core/g_master.tx/lead_carry__11_n_0
    SLICE_X31Y72         CARRY4 (Prop_carry4_CI_CO[3])
                                                      0.114     2.704 r  core/g_master.tx/lead_carry__12/CO[3]
                         net (fo=1, routed)           0.000     2.704    core/g_master.tx/lead_carry__12_n_0
    SLICE_X31Y73         CARRY4 (Prop_carry4_CI_CO[3])
                                                      0.114     2.818 r  core/g_master.tx/lead_carry__13/CO[3]
                         net (fo=1, routed)           0.000     2.818    core/g_master.tx/lead_carry__13_n_0
    SLICE_X31Y74         CARRY4 (Prop_carry4_CI_O[3])
                                                      0.313     3.131 f  core/g_master.tx/lead_carry__14/O[3]
                         net (fo=4, routed)           0.901     4.032    core/g_master.timer/O[3]
    SLICE_X29Y71         LUT2 (Prop_lut2_I0_O)        0.306     4.338 r  core/g_master.timer/sync_valid7_carry__6_i_5/O
                         net (fo=1, routed)           0.000     4.338    core/g_master.tx/sequence_id_reg[0]_1[1]
    SLICE_X29Y71         CARRY4 (Prop_carry4_S[3]_CO[3])
                                                      0.401     4.739 f  core/g_master.tx/sync_valid7_carry__6/CO[3]
                         net (fo=1, routed)           0.895     5.634    core/g_master.tx/sync_valid7
    SLICE_X33Y73         LUT6 (Prop_lut6_I2_O)        0.124     5.758 r  core/g_master.tx/sequence_id[0]_i_1/O
                         net (fo=42, routed)          0.873     6.631    core/g_master.tx/sequence_id[0]_i_1_n_0
    SLICE_X41Y73         LUT3 (Prop_lut3_I0_O)        0.119     6.750 r  core/g_master.tx/index[7]_i_1/O
                         net (fo=7, routed)           0.652     7.401    core/g_master.tx/index[7]_i_1_n_0
    SLICE_X42Y75         FDRE                                         r  core/g_master.tx/index_reg[4]/R
  -------------------------------------------------------------------    -------------------

                         (clock g_hw.mmcm_clk fall edge)
                                                     10.000    10.000 f  
    N18                                               0.000    10.000 f  clk50 (IN)
                         net (fo=0)                   0.000    10.000    core/clocks/clk50
    N18                  IBUF (Prop_ibuf_I_O)         1.421    11.421 f  core/clocks/g_hw.input_buffer/O
                         net (fo=1, routed)           1.162    12.583    core/clocks/g_hw.ibuf_clk
    MMCME2_ADV_X0Y0      MMCME2_ADV (Prop_mmcme2_adv_CLKIN1_CLKOUT0)
                                                     -7.118     5.465 f  core/clocks/g_hw.mmcm/CLKOUT0
                         net (fo=1, routed)           1.599     7.064    core/clocks/g_hw.mmcm_clk
    BUFGCTRL_X0Y0        BUFG (Prop_bufg_I_O)         0.091     7.155 f  core/clocks/g_hw.output_buffer/O
                         net (fo=617, routed)         1.549     8.704    core/g_master.tx/CLK
    SLICE_X42Y75         FDRE                                         r  core/g_master.tx/index_reg[4]/C  (IS_INVERTED)
                         clock pessimism              0.587     9.291    
                         clock uncertainty           -0.096     9.195    
    SLICE_X42Y75         FDRE (Setup_fdre_C_R)       -0.727     8.468    core/g_master.tx/index_reg[4]
  -------------------------------------------------------------------
                         required time                          8.468    
                         arrival time                          -7.401    
  -------------------------------------------------------------------
                         slack                                  1.066    

Slack (MET) :             1.066ns  (required time - arrival time)
  Source:                 core/g_master.timer/timestamp_reg[0]/C
                            (rising edge-triggered cell FDRE clocked by g_hw.mmcm_clk  {rise@0.000ns fall@10.000ns period=20.000ns})
  Destination:            core/g_master.tx/index_reg[5]/R
                            (falling edge-triggered cell FDRE clocked by g_hw.mmcm_clk  {rise@0.000ns fall@10.000ns period=20.000ns})
  Path Group:             g_hw.mmcm_clk
  Path Type:              Setup (Max at Slow Process Corner)
  Requirement:            10.000ns  (g_hw.mmcm_clk fall@10.000ns - g_hw.mmcm_clk rise@0.000ns)
  Data Path Delay:        8.117ns  (logic 3.971ns (48.921%)  route 4.146ns (51.079%))
  Logic Levels:           21  (CARRY4=17 LUT2=2 LUT3=1 LUT6=1)
  Clock Path Skew:        0.007ns (DCD - SCD + CPR)
    Destination Clock Delay (DCD):    -1.296ns = ( 8.704 - 10.000 ) 
    Source Clock Delay      (SCD):    -0.716ns
    Clock Pessimism Removal (CPR):    0.587ns
  Clock Uncertainty:      0.096ns  ((TSJ^2 + DJ^2)^1/2) / 2 + PE
    Total System Jitter     (TSJ):    0.071ns
    Discrete Jitter          (DJ):    0.179ns
    Phase Error              (PE):    0.000ns

    Location             Delay type                Incr(ns)  Path(ns)    Netlist Resource(s)
  -------------------------------------------------------------------    -------------------
                         (clock g_hw.mmcm_clk rise edge)
                                                      0.000     0.000 r  
    N18                                               0.000     0.000 r  clk50 (IN)
                         net (fo=0)                   0.000     0.000    core/clocks/clk50
    N18                  IBUF (Prop_ibuf_I_O)         1.492     1.492 r  core/clocks/g_hw.input_buffer/O
                         net (fo=1, routed)           1.285     2.777    core/clocks/g_hw.ibuf_clk
    MMCME2_ADV_X0Y0      MMCME2_ADV (Prop_mmcme2_adv_CLKIN1_CLKOUT0)
                                                     -7.010    -4.233 r  core/clocks/g_hw.mmcm/CLKOUT0
                         net (fo=1, routed)           1.760    -2.473    core/clocks/g_hw.mmcm_clk
    BUFGCTRL_X0Y0        BUFG (Prop_bufg_I_O)         0.101    -2.372 r  core/clocks/g_hw.output_buffer/O
                         net (fo=617, routed)         1.656    -0.716    core/g_master.timer/CLK
    SLICE_X23Y59         FDRE                                         r  core/g_master.timer/timestamp_reg[0]/C
  -------------------------------------------------------------------    -------------------
    SLICE_X23Y59         FDRE (Prop_fdre_C_Q)         0.456    -0.260 r  core/g_master.timer/timestamp_reg[0]/Q
                         net (fo=11, routed)          0.826     0.566    core/g_master.timer/out[0]
    SLICE_X31Y59         LUT2 (Prop_lut2_I1_O)        0.124     0.690 r  core/g_master.timer/lead_carry_i_4/O
                         net (fo=1, routed)           0.000     0.690    core/g_master.tx/sync_valid7_carry_i_4_0[0]
    SLICE_X31Y59         CARRY4 (Prop_carry4_S[0]_CO[3])
                                                      0.532     1.222 r  core/g_master.tx/lead_carry/CO[3]
                         net (fo=1, routed)           0.000     1.222    core/g_master.tx/lead_carry_n_0
    SLICE_X31Y60         CARRY4 (Prop_carry4_CI_CO[3])
                                                      0.114     1.336 r  core/g_master.tx/lead_carry__0/CO[3]
                         net (fo=1, routed)           0.000     1.336    core/g_master.tx/lead_carry__0_n_0
    SLICE_X31Y61         CARRY4 (Prop_carry4_CI_CO[3])
                                                      0.114     1.450 r  core/g_master.tx/lead_carry__1/CO[3]
                         net (fo=1, routed)           0.000     1.450    core/g_master.tx/lead_carry__1_n_0
    SLICE_X31Y62         CARRY4 (Prop_carry4_CI_CO[3])
                                                      0.114     1.564 r  core/g_master.tx/lead_carry__2/CO[3]
                         net (fo=1, routed)           0.000     1.564    core/g_master.tx/lead_carry__2_n_0
    SLICE_X31Y63         CARRY4 (Prop_carry4_CI_CO[3])
                                                      0.114     1.678 r  core/g_master.tx/lead_carry__3/CO[3]
                         net (fo=1, routed)           0.000     1.678    core/g_master.tx/lead_carry__3_n_0
    SLICE_X31Y64         CARRY4 (Prop_carry4_CI_CO[3])
                                                      0.114     1.792 r  core/g_master.tx/lead_carry__4/CO[3]
                         net (fo=1, routed)           0.000     1.792    core/g_master.tx/lead_carry__4_n_0
    SLICE_X31Y65         CARRY4 (Prop_carry4_CI_CO[3])
                                                      0.114     1.906 r  core/g_master.tx/lead_carry__5/CO[3]
                         net (fo=1, routed)           0.000     1.906    core/g_master.tx/lead_carry__5_n_0
    SLICE_X31Y66         CARRY4 (Prop_carry4_CI_CO[3])
                                                      0.114     2.020 r  core/g_master.tx/lead_carry__6/CO[3]
                         net (fo=1, routed)           0.000     2.020    core/g_master.tx/lead_carry__6_n_0
    SLICE_X31Y67         CARRY4 (Prop_carry4_CI_CO[3])
                                                      0.114     2.134 r  core/g_master.tx/lead_carry__7/CO[3]
                         net (fo=1, routed)           0.000     2.134    core/g_master.tx/lead_carry__7_n_0
    SLICE_X31Y68         CARRY4 (Prop_carry4_CI_CO[3])
                                                      0.114     2.248 r  core/g_master.tx/lead_carry__8/CO[3]
                         net (fo=1, routed)           0.000     2.248    core/g_master.tx/lead_carry__8_n_0
    SLICE_X31Y69         CARRY4 (Prop_carry4_CI_CO[3])
                                                      0.114     2.362 r  core/g_master.tx/lead_carry__9/CO[3]
                         net (fo=1, routed)           0.000     2.362    core/g_master.tx/lead_carry__9_n_0
    SLICE_X31Y70         CARRY4 (Prop_carry4_CI_CO[3])
                                                      0.114     2.476 r  core/g_master.tx/lead_carry__10/CO[3]
                         net (fo=1, routed)           0.000     2.476    core/g_master.tx/lead_carry__10_n_0
    SLICE_X31Y71         CARRY4 (Prop_carry4_CI_CO[3])
                                                      0.114     2.590 r  core/g_master.tx/lead_carry__11/CO[3]
                         net (fo=1, routed)           0.000     2.590    core/g_master.tx/lead_carry__11_n_0
    SLICE_X31Y72         CARRY4 (Prop_carry4_CI_CO[3])
                                                      0.114     2.704 r  core/g_master.tx/lead_carry__12/CO[3]
                         net (fo=1, routed)           0.000     2.704    core/g_master.tx/lead_carry__12_n_0
    SLICE_X31Y73         CARRY4 (Prop_carry4_CI_CO[3])
                                                      0.114     2.818 r  core/g_master.tx/lead_carry__13/CO[3]
                         net (fo=1, routed)           0.000     2.818    core/g_master.tx/lead_carry__13_n_0
    SLICE_X31Y74         CARRY4 (Prop_carry4_CI_O[3])
                                                      0.313     3.131 f  core/g_master.tx/lead_carry__14/O[3]
                         net (fo=4, routed)           0.901     4.032    core/g_master.timer/O[3]
    SLICE_X29Y71         LUT2 (Prop_lut2_I0_O)        0.306     4.338 r  core/g_master.timer/sync_valid7_carry__6_i_5/O
                         net (fo=1, routed)           0.000     4.338    core/g_master.tx/sequence_id_reg[0]_1[1]
    SLICE_X29Y71         CARRY4 (Prop_carry4_S[3]_CO[3])
                                                      0.401     4.739 f  core/g_master.tx/sync_valid7_carry__6/CO[3]
                         net (fo=1, routed)           0.895     5.634    core/g_master.tx/sync_valid7
    SLICE_X33Y73         LUT6 (Prop_lut6_I2_O)        0.124     5.758 r  core/g_master.tx/sequence_id[0]_i_1/O
                         net (fo=42, routed)          0.873     6.631    core/g_master.tx/sequence_id[0]_i_1_n_0
    SLICE_X41Y73         LUT3 (Prop_lut3_I0_O)        0.119     6.750 r  core/g_master.tx/index[7]_i_1/O
                         net (fo=7, routed)           0.652     7.401    core/g_master.tx/index[7]_i_1_n_0
    SLICE_X42Y75         FDRE                                         r  core/g_master.tx/index_reg[5]/R
  -------------------------------------------------------------------    -------------------

                         (clock g_hw.mmcm_clk fall edge)
                                                     10.000    10.000 f  
    N18                                               0.000    10.000 f  clk50 (IN)
                         net (fo=0)                   0.000    10.000    core/clocks/clk50
    N18                  IBUF (Prop_ibuf_I_O)         1.421    11.421 f  core/clocks/g_hw.input_buffer/O
                         net (fo=1, routed)           1.162    12.583    core/clocks/g_hw.ibuf_clk
    MMCME2_ADV_X0Y0      MMCME2_ADV (Prop_mmcme2_adv_CLKIN1_CLKOUT0)
                                                     -7.118     5.465 f  core/clocks/g_hw.mmcm/CLKOUT0
                         net (fo=1, routed)           1.599     7.064    core/clocks/g_hw.mmcm_clk
    BUFGCTRL_X0Y0        BUFG (Prop_bufg_I_O)         0.091     7.155 f  core/clocks/g_hw.output_buffer/O
                         net (fo=617, routed)         1.549     8.704    core/g_master.tx/CLK
    SLICE_X42Y75         FDRE                                         r  core/g_master.tx/index_reg[5]/C  (IS_INVERTED)
                         clock pessimism              0.587     9.291    
                         clock uncertainty           -0.096     9.195    
    SLICE_X42Y75         FDRE (Setup_fdre_C_R)       -0.727     8.468    core/g_master.tx/index_reg[5]
  -------------------------------------------------------------------
                         required time                          8.468    
                         arrival time                          -7.401    
  -------------------------------------------------------------------
                         slack                                  1.066    

Slack (MET) :             1.066ns  (required time - arrival time)
  Source:                 core/g_master.timer/timestamp_reg[0]/C
                            (rising edge-triggered cell FDRE clocked by g_hw.mmcm_clk  {rise@0.000ns fall@10.000ns period=20.000ns})
  Destination:            core/g_master.tx/index_reg[6]/R
                            (falling edge-triggered cell FDRE clocked by g_hw.mmcm_clk  {rise@0.000ns fall@10.000ns period=20.000ns})
  Path Group:             g_hw.mmcm_clk
  Path Type:              Setup (Max at Slow Process Corner)
  Requirement:            10.000ns  (g_hw.mmcm_clk fall@10.000ns - g_hw.mmcm_clk rise@0.000ns)
  Data Path Delay:        8.117ns  (logic 3.971ns (48.921%)  route 4.146ns (51.079%))
  Logic Levels:           21  (CARRY4=17 LUT2=2 LUT3=1 LUT6=1)
  Clock Path Skew:        0.007ns (DCD - SCD + CPR)
    Destination Clock Delay (DCD):    -1.296ns = ( 8.704 - 10.000 ) 
    Source Clock Delay      (SCD):    -0.716ns
    Clock Pessimism Removal (CPR):    0.587ns
  Clock Uncertainty:      0.096ns  ((TSJ^2 + DJ^2)^1/2) / 2 + PE
    Total System Jitter     (TSJ):    0.071ns
    Discrete Jitter          (DJ):    0.179ns
    Phase Error              (PE):    0.000ns

    Location             Delay type                Incr(ns)  Path(ns)    Netlist Resource(s)
  -------------------------------------------------------------------    -------------------
                         (clock g_hw.mmcm_clk rise edge)
                                                      0.000     0.000 r  
    N18                                               0.000     0.000 r  clk50 (IN)
                         net (fo=0)                   0.000     0.000    core/clocks/clk50
    N18                  IBUF (Prop_ibuf_I_O)         1.492     1.492 r  core/clocks/g_hw.input_buffer/O
                         net (fo=1, routed)           1.285     2.777    core/clocks/g_hw.ibuf_clk
    MMCME2_ADV_X0Y0      MMCME2_ADV (Prop_mmcme2_adv_CLKIN1_CLKOUT0)
                                                     -7.010    -4.233 r  core/clocks/g_hw.mmcm/CLKOUT0
                         net (fo=1, routed)           1.760    -2.473    core/clocks/g_hw.mmcm_clk
    BUFGCTRL_X0Y0        BUFG (Prop_bufg_I_O)         0.101    -2.372 r  core/clocks/g_hw.output_buffer/O
                         net (fo=617, routed)         1.656    -0.716    core/g_master.timer/CLK
    SLICE_X23Y59         FDRE                                         r  core/g_master.timer/timestamp_reg[0]/C
  -------------------------------------------------------------------    -------------------
    SLICE_X23Y59         FDRE (Prop_fdre_C_Q)         0.456    -0.260 r  core/g_master.timer/timestamp_reg[0]/Q
                         net (fo=11, routed)          0.826     0.566    core/g_master.timer/out[0]
    SLICE_X31Y59         LUT2 (Prop_lut2_I1_O)        0.124     0.690 r  core/g_master.timer/lead_carry_i_4/O
                         net (fo=1, routed)           0.000     0.690    core/g_master.tx/sync_valid7_carry_i_4_0[0]
    SLICE_X31Y59         CARRY4 (Prop_carry4_S[0]_CO[3])
                                                      0.532     1.222 r  core/g_master.tx/lead_carry/CO[3]
                         net (fo=1, routed)           0.000     1.222    core/g_master.tx/lead_carry_n_0
    SLICE_X31Y60         CARRY4 (Prop_carry4_CI_CO[3])
                                                      0.114     1.336 r  core/g_master.tx/lead_carry__0/CO[3]
                         net (fo=1, routed)           0.000     1.336    core/g_master.tx/lead_carry__0_n_0
    SLICE_X31Y61         CARRY4 (Prop_carry4_CI_CO[3])
                                                      0.114     1.450 r  core/g_master.tx/lead_carry__1/CO[3]
                         net (fo=1, routed)           0.000     1.450    core/g_master.tx/lead_carry__1_n_0
    SLICE_X31Y62         CARRY4 (Prop_carry4_CI_CO[3])
                                                      0.114     1.564 r  core/g_master.tx/lead_carry__2/CO[3]
                         net (fo=1, routed)           0.000     1.564    core/g_master.tx/lead_carry__2_n_0
    SLICE_X31Y63         CARRY4 (Prop_carry4_CI_CO[3])
                                                      0.114     1.678 r  core/g_master.tx/lead_carry__3/CO[3]
                         net (fo=1, routed)           0.000     1.678    core/g_master.tx/lead_carry__3_n_0
    SLICE_X31Y64         CARRY4 (Prop_carry4_CI_CO[3])
                                                      0.114     1.792 r  core/g_master.tx/lead_carry__4/CO[3]
                         net (fo=1, routed)           0.000     1.792    core/g_master.tx/lead_carry__4_n_0
    SLICE_X31Y65         CARRY4 (Prop_carry4_CI_CO[3])
                                                      0.114     1.906 r  core/g_master.tx/lead_carry__5/CO[3]
                         net (fo=1, routed)           0.000     1.906    core/g_master.tx/lead_carry__5_n_0
    SLICE_X31Y66         CARRY4 (Prop_carry4_CI_CO[3])
                                                      0.114     2.020 r  core/g_master.tx/lead_carry__6/CO[3]
                         net (fo=1, routed)           0.000     2.020    core/g_master.tx/lead_carry__6_n_0
    SLICE_X31Y67         CARRY4 (Prop_carry4_CI_CO[3])
                                                      0.114     2.134 r  core/g_master.tx/lead_carry__7/CO[3]
                         net (fo=1, routed)           0.000     2.134    core/g_master.tx/lead_carry__7_n_0
    SLICE_X31Y68         CARRY4 (Prop_carry4_CI_CO[3])
                                                      0.114     2.248 r  core/g_master.tx/lead_carry__8/CO[3]
                         net (fo=1, routed)           0.000     2.248    core/g_master.tx/lead_carry__8_n_0
    SLICE_X31Y69         CARRY4 (Prop_carry4_CI_CO[3])
                                                      0.114     2.362 r  core/g_master.tx/lead_carry__9/CO[3]
                         net (fo=1, routed)           0.000     2.362    core/g_master.tx/lead_carry__9_n_0
    SLICE_X31Y70         CARRY4 (Prop_carry4_CI_CO[3])
                                                      0.114     2.476 r  core/g_master.tx/lead_carry__10/CO[3]
                         net (fo=1, routed)           0.000     2.476    core/g_master.tx/lead_carry__10_n_0
    SLICE_X31Y71         CARRY4 (Prop_carry4_CI_CO[3])
                                                      0.114     2.590 r  core/g_master.tx/lead_carry__11/CO[3]
                         net (fo=1, routed)           0.000     2.590    core/g_master.tx/lead_carry__11_n_0
    SLICE_X31Y72         CARRY4 (Prop_carry4_CI_CO[3])
                                                      0.114     2.704 r  core/g_master.tx/lead_carry__12/CO[3]
                         net (fo=1, routed)           0.000     2.704    core/g_master.tx/lead_carry__12_n_0
    SLICE_X31Y73         CARRY4 (Prop_carry4_CI_CO[3])
                                                      0.114     2.818 r  core/g_master.tx/lead_carry__13/CO[3]
                         net (fo=1, routed)           0.000     2.818    core/g_master.tx/lead_carry__13_n_0
    SLICE_X31Y74         CARRY4 (Prop_carry4_CI_O[3])
                                                      0.313     3.131 f  core/g_master.tx/lead_carry__14/O[3]
                         net (fo=4, routed)           0.901     4.032    core/g_master.timer/O[3]
    SLICE_X29Y71         LUT2 (Prop_lut2_I0_O)        0.306     4.338 r  core/g_master.timer/sync_valid7_carry__6_i_5/O
                         net (fo=1, routed)           0.000     4.338    core/g_master.tx/sequence_id_reg[0]_1[1]
    SLICE_X29Y71         CARRY4 (Prop_carry4_S[3]_CO[3])
                                                      0.401     4.739 f  core/g_master.tx/sync_valid7_carry__6/CO[3]
                         net (fo=1, routed)           0.895     5.634    core/g_master.tx/sync_valid7
    SLICE_X33Y73         LUT6 (Prop_lut6_I2_O)        0.124     5.758 r  core/g_master.tx/sequence_id[0]_i_1/O
                         net (fo=42, routed)          0.873     6.631    core/g_master.tx/sequence_id[0]_i_1_n_0
    SLICE_X41Y73         LUT3 (Prop_lut3_I0_O)        0.119     6.750 r  core/g_master.tx/index[7]_i_1/O
                         net (fo=7, routed)           0.652     7.401    core/g_master.tx/index[7]_i_1_n_0
    SLICE_X42Y75         FDRE                                         r  core/g_master.tx/index_reg[6]/R
  -------------------------------------------------------------------    -------------------

                         (clock g_hw.mmcm_clk fall edge)
                                                     10.000    10.000 f  
    N18                                               0.000    10.000 f  clk50 (IN)
                         net (fo=0)                   0.000    10.000    core/clocks/clk50
    N18                  IBUF (Prop_ibuf_I_O)         1.421    11.421 f  core/clocks/g_hw.input_buffer/O
                         net (fo=1, routed)           1.162    12.583    core/clocks/g_hw.ibuf_clk
    MMCME2_ADV_X0Y0      MMCME2_ADV (Prop_mmcme2_adv_CLKIN1_CLKOUT0)
                                                     -7.118     5.465 f  core/clocks/g_hw.mmcm/CLKOUT0
                         net (fo=1, routed)           1.599     7.064    core/clocks/g_hw.mmcm_clk
    BUFGCTRL_X0Y0        BUFG (Prop_bufg_I_O)         0.091     7.155 f  core/clocks/g_hw.output_buffer/O
                         net (fo=617, routed)         1.549     8.704    core/g_master.tx/CLK
    SLICE_X42Y75         FDRE                                         r  core/g_master.tx/index_reg[6]/C  (IS_INVERTED)
                         clock pessimism              0.587     9.291    
                         clock uncertainty           -0.096     9.195    
    SLICE_X42Y75         FDRE (Setup_fdre_C_R)       -0.727     8.468    core/g_master.tx/index_reg[6]
  -------------------------------------------------------------------
                         required time                          8.468    
                         arrival time                          -7.401    
  -------------------------------------------------------------------
                         slack                                  1.066    

Slack (MET) :             1.066ns  (required time - arrival time)
  Source:                 core/g_master.timer/timestamp_reg[0]/C
                            (rising edge-triggered cell FDRE clocked by g_hw.mmcm_clk  {rise@0.000ns fall@10.000ns period=20.000ns})
  Destination:            core/g_master.tx/index_reg[7]/R
                            (falling edge-triggered cell FDRE clocked by g_hw.mmcm_clk  {rise@0.000ns fall@10.000ns period=20.000ns})
  Path Group:             g_hw.mmcm_clk
  Path Type:              Setup (Max at Slow Process Corner)
  Requirement:            10.000ns  (g_hw.mmcm_clk fall@10.000ns - g_hw.mmcm_clk rise@0.000ns)
  Data Path Delay:        8.117ns  (logic 3.971ns (48.921%)  route 4.146ns (51.079%))
  Logic Levels:           21  (CARRY4=17 LUT2=2 LUT3=1 LUT6=1)
  Clock Path Skew:        0.007ns (DCD - SCD + CPR)
    Destination Clock Delay (DCD):    -1.296ns = ( 8.704 - 10.000 ) 
    Source Clock Delay      (SCD):    -0.716ns
    Clock Pessimism Removal (CPR):    0.587ns
  Clock Uncertainty:      0.096ns  ((TSJ^2 + DJ^2)^1/2) / 2 + PE
    Total System Jitter     (TSJ):    0.071ns
    Discrete Jitter          (DJ):    0.179ns
    Phase Error              (PE):    0.000ns

    Location             Delay type                Incr(ns)  Path(ns)    Netlist Resource(s)
  -------------------------------------------------------------------    -------------------
                         (clock g_hw.mmcm_clk rise edge)
                                                      0.000     0.000 r  
    N18                                               0.000     0.000 r  clk50 (IN)
                         net (fo=0)                   0.000     0.000    core/clocks/clk50
    N18                  IBUF (Prop_ibuf_I_O)         1.492     1.492 r  core/clocks/g_hw.input_buffer/O
                         net (fo=1, routed)           1.285     2.777    core/clocks/g_hw.ibuf_clk
    MMCME2_ADV_X0Y0      MMCME2_ADV (Prop_mmcme2_adv_CLKIN1_CLKOUT0)
                                                     -7.010    -4.233 r  core/clocks/g_hw.mmcm/CLKOUT0
                         net (fo=1, routed)           1.760    -2.473    core/clocks/g_hw.mmcm_clk
    BUFGCTRL_X0Y0        BUFG (Prop_bufg_I_O)         0.101    -2.372 r  core/clocks/g_hw.output_buffer/O
                         net (fo=617, routed)         1.656    -0.716    core/g_master.timer/CLK
    SLICE_X23Y59         FDRE                                         r  core/g_master.timer/timestamp_reg[0]/C
  -------------------------------------------------------------------    -------------------
    SLICE_X23Y59         FDRE (Prop_fdre_C_Q)         0.456    -0.260 r  core/g_master.timer/timestamp_reg[0]/Q
                         net (fo=11, routed)          0.826     0.566    core/g_master.timer/out[0]
    SLICE_X31Y59         LUT2 (Prop_lut2_I1_O)        0.124     0.690 r  core/g_master.timer/lead_carry_i_4/O
                         net (fo=1, routed)           0.000     0.690    core/g_master.tx/sync_valid7_carry_i_4_0[0]
    SLICE_X31Y59         CARRY4 (Prop_carry4_S[0]_CO[3])
                                                      0.532     1.222 r  core/g_master.tx/lead_carry/CO[3]
                         net (fo=1, routed)           0.000     1.222    core/g_master.tx/lead_carry_n_0
    SLICE_X31Y60         CARRY4 (Prop_carry4_CI_CO[3])
                                                      0.114     1.336 r  core/g_master.tx/lead_carry__0/CO[3]
                         net (fo=1, routed)           0.000     1.336    core/g_master.tx/lead_carry__0_n_0
    SLICE_X31Y61         CARRY4 (Prop_carry4_CI_CO[3])
                                                      0.114     1.450 r  core/g_master.tx/lead_carry__1/CO[3]
                         net (fo=1, routed)           0.000     1.450    core/g_master.tx/lead_carry__1_n_0
    SLICE_X31Y62         CARRY4 (Prop_carry4_CI_CO[3])
                                                      0.114     1.564 r  core/g_master.tx/lead_carry__2/CO[3]
                         net (fo=1, routed)           0.000     1.564    core/g_master.tx/lead_carry__2_n_0
    SLICE_X31Y63         CARRY4 (Prop_carry4_CI_CO[3])
                                                      0.114     1.678 r  core/g_master.tx/lead_carry__3/CO[3]
                         net (fo=1, routed)           0.000     1.678    core/g_master.tx/lead_carry__3_n_0
    SLICE_X31Y64         CARRY4 (Prop_carry4_CI_CO[3])
                                                      0.114     1.792 r  core/g_master.tx/lead_carry__4/CO[3]
                         net (fo=1, routed)           0.000     1.792    core/g_master.tx/lead_carry__4_n_0
    SLICE_X31Y65         CARRY4 (Prop_carry4_CI_CO[3])
                                                      0.114     1.906 r  core/g_master.tx/lead_carry__5/CO[3]
                         net (fo=1, routed)           0.000     1.906    core/g_master.tx/lead_carry__5_n_0
    SLICE_X31Y66         CARRY4 (Prop_carry4_CI_CO[3])
                                                      0.114     2.020 r  core/g_master.tx/lead_carry__6/CO[3]
                         net (fo=1, routed)           0.000     2.020    core/g_master.tx/lead_carry__6_n_0
    SLICE_X31Y67         CARRY4 (Prop_carry4_CI_CO[3])
                                                      0.114     2.134 r  core/g_master.tx/lead_carry__7/CO[3]
                         net (fo=1, routed)           0.000     2.134    core/g_master.tx/lead_carry__7_n_0
    SLICE_X31Y68         CARRY4 (Prop_carry4_CI_CO[3])
                                                      0.114     2.248 r  core/g_master.tx/lead_carry__8/CO[3]
                         net (fo=1, routed)           0.000     2.248    core/g_master.tx/lead_carry__8_n_0
    SLICE_X31Y69         CARRY4 (Prop_carry4_CI_CO[3])
                                                      0.114     2.362 r  core/g_master.tx/lead_carry__9/CO[3]
                         net (fo=1, routed)           0.000     2.362    core/g_master.tx/lead_carry__9_n_0
    SLICE_X31Y70         CARRY4 (Prop_carry4_CI_CO[3])
                                                      0.114     2.476 r  core/g_master.tx/lead_carry__10/CO[3]
                         net (fo=1, routed)           0.000     2.476    core/g_master.tx/lead_carry__10_n_0
    SLICE_X31Y71         CARRY4 (Prop_carry4_CI_CO[3])
                                                      0.114     2.590 r  core/g_master.tx/lead_carry__11/CO[3]
                         net (fo=1, routed)           0.000     2.590    core/g_master.tx/lead_carry__11_n_0
    SLICE_X31Y72         CARRY4 (Prop_carry4_CI_CO[3])
                                                      0.114     2.704 r  core/g_master.tx/lead_carry__12/CO[3]
                         net (fo=1, routed)           0.000     2.704    core/g_master.tx/lead_carry__12_n_0
    SLICE_X31Y73         CARRY4 (Prop_carry4_CI_CO[3])
                                                      0.114     2.818 r  core/g_master.tx/lead_carry__13/CO[3]
                         net (fo=1, routed)           0.000     2.818    core/g_master.tx/lead_carry__13_n_0
    SLICE_X31Y74         CARRY4 (Prop_carry4_CI_O[3])
                                                      0.313     3.131 f  core/g_master.tx/lead_carry__14/O[3]
                         net (fo=4, routed)           0.901     4.032    core/g_master.timer/O[3]
    SLICE_X29Y71         LUT2 (Prop_lut2_I0_O)        0.306     4.338 r  core/g_master.timer/sync_valid7_carry__6_i_5/O
                         net (fo=1, routed)           0.000     4.338    core/g_master.tx/sequence_id_reg[0]_1[1]
    SLICE_X29Y71         CARRY4 (Prop_carry4_S[3]_CO[3])
                                                      0.401     4.739 f  core/g_master.tx/sync_valid7_carry__6/CO[3]
                         net (fo=1, routed)           0.895     5.634    core/g_master.tx/sync_valid7
    SLICE_X33Y73         LUT6 (Prop_lut6_I2_O)        0.124     5.758 r  core/g_master.tx/sequence_id[0]_i_1/O
                         net (fo=42, routed)          0.873     6.631    core/g_master.tx/sequence_id[0]_i_1_n_0
    SLICE_X41Y73         LUT3 (Prop_lut3_I0_O)        0.119     6.750 r  core/g_master.tx/index[7]_i_1/O
                         net (fo=7, routed)           0.652     7.401    core/g_master.tx/index[7]_i_1_n_0
    SLICE_X42Y75         FDRE                                         r  core/g_master.tx/index_reg[7]/R
  -------------------------------------------------------------------    -------------------

                         (clock g_hw.mmcm_clk fall edge)
                                                     10.000    10.000 f  
    N18                                               0.000    10.000 f  clk50 (IN)
                         net (fo=0)                   0.000    10.000    core/clocks/clk50
    N18                  IBUF (Prop_ibuf_I_O)         1.421    11.421 f  core/clocks/g_hw.input_buffer/O
                         net (fo=1, routed)           1.162    12.583    core/clocks/g_hw.ibuf_clk
    MMCME2_ADV_X0Y0      MMCME2_ADV (Prop_mmcme2_adv_CLKIN1_CLKOUT0)
                                                     -7.118     5.465 f  core/clocks/g_hw.mmcm/CLKOUT0
                         net (fo=1, routed)           1.599     7.064    core/clocks/g_hw.mmcm_clk
    BUFGCTRL_X0Y0        BUFG (Prop_bufg_I_O)         0.091     7.155 f  core/clocks/g_hw.output_buffer/O
                         net (fo=617, routed)         1.549     8.704    core/g_master.tx/CLK
    SLICE_X42Y75         FDRE                                         r  core/g_master.tx/index_reg[7]/C  (IS_INVERTED)
                         clock pessimism              0.587     9.291    
                         clock uncertainty           -0.096     9.195    
    SLICE_X42Y75         FDRE (Setup_fdre_C_R)       -0.727     8.468    core/g_master.tx/index_reg[7]
  -------------------------------------------------------------------
                         required time                          8.468    
                         arrival time                          -7.401    
  -------------------------------------------------------------------
                         slack                                  1.066    

Slack (MET) :             1.091ns  (required time - arrival time)
  Source:                 core/g_master.timer/timestamp_reg[0]/C
                            (rising edge-triggered cell FDRE clocked by g_hw.mmcm_clk  {rise@0.000ns fall@10.000ns period=20.000ns})
  Destination:            core/g_master.tx/payload_reg[106]/CE
                            (falling edge-triggered cell FDRE clocked by g_hw.mmcm_clk  {rise@0.000ns fall@10.000ns period=20.000ns})
  Path Group:             g_hw.mmcm_clk
  Path Type:              Setup (Max at Slow Process Corner)
  Requirement:            10.000ns  (g_hw.mmcm_clk fall@10.000ns - g_hw.mmcm_clk rise@0.000ns)
  Data Path Delay:        8.588ns  (logic 3.976ns (46.295%)  route 4.612ns (53.705%))
  Logic Levels:           21  (CARRY4=17 LUT2=2 LUT3=1 LUT6=1)
  Clock Path Skew:        -0.060ns (DCD - SCD + CPR)
    Destination Clock Delay (DCD):    -1.363ns = ( 8.637 - 10.000 ) 
    Source Clock Delay      (SCD):    -0.716ns
    Clock Pessimism Removal (CPR):    0.587ns
  Clock Uncertainty:      0.096ns  ((TSJ^2 + DJ^2)^1/2) / 2 + PE
    Total System Jitter     (TSJ):    0.071ns
    Discrete Jitter          (DJ):    0.179ns
    Phase Error              (PE):    0.000ns

    Location             Delay type                Incr(ns)  Path(ns)    Netlist Resource(s)
  -------------------------------------------------------------------    -------------------
                         (clock g_hw.mmcm_clk rise edge)
                                                      0.000     0.000 r  
    N18                                               0.000     0.000 r  clk50 (IN)
                         net (fo=0)                   0.000     0.000    core/clocks/clk50
    N18                  IBUF (Prop_ibuf_I_O)         1.492     1.492 r  core/clocks/g_hw.input_buffer/O
                         net (fo=1, routed)           1.285     2.777    core/clocks/g_hw.ibuf_clk
    MMCME2_ADV_X0Y0      MMCME2_ADV (Prop_mmcme2_adv_CLKIN1_CLKOUT0)
                                                     -7.010    -4.233 r  core/clocks/g_hw.mmcm/CLKOUT0
                         net (fo=1, routed)           1.760    -2.473    core/clocks/g_hw.mmcm_clk
    BUFGCTRL_X0Y0        BUFG (Prop_bufg_I_O)         0.101    -2.372 r  core/clocks/g_hw.output_buffer/O
                         net (fo=617, routed)         1.656    -0.716    core/g_master.timer/CLK
    SLICE_X23Y59         FDRE                                         r  core/g_master.timer/timestamp_reg[0]/C
  -------------------------------------------------------------------    -------------------
    SLICE_X23Y59         FDRE (Prop_fdre_C_Q)         0.456    -0.260 r  core/g_master.timer/timestamp_reg[0]/Q
                         net (fo=11, routed)          0.826     0.566    core/g_master.timer/out[0]
    SLICE_X31Y59         LUT2 (Prop_lut2_I1_O)        0.124     0.690 r  core/g_master.timer/lead_carry_i_4/O
                         net (fo=1, routed)           0.000     0.690    core/g_master.tx/sync_valid7_carry_i_4_0[0]
    SLICE_X31Y59         CARRY4 (Prop_carry4_S[0]_CO[3])
                                                      0.532     1.222 r  core/g_master.tx/lead_carry/CO[3]
                         net (fo=1, routed)           0.000     1.222    core/g_master.tx/lead_carry_n_0
    SLICE_X31Y60         CARRY4 (Prop_carry4_CI_CO[3])
                                                      0.114     1.336 r  core/g_master.tx/lead_carry__0/CO[3]
                         net (fo=1, routed)           0.000     1.336    core/g_master.tx/lead_carry__0_n_0
    SLICE_X31Y61         CARRY4 (Prop_carry4_CI_CO[3])
                                                      0.114     1.450 r  core/g_master.tx/lead_carry__1/CO[3]
                         net (fo=1, routed)           0.000     1.450    core/g_master.tx/lead_carry__1_n_0
    SLICE_X31Y62         CARRY4 (Prop_carry4_CI_CO[3])
                                                      0.114     1.564 r  core/g_master.tx/lead_carry__2/CO[3]
                         net (fo=1, routed)           0.000     1.564    core/g_master.tx/lead_carry__2_n_0
    SLICE_X31Y63         CARRY4 (Prop_carry4_CI_CO[3])
                                                      0.114     1.678 r  core/g_master.tx/lead_carry__3/CO[3]
                         net (fo=1, routed)           0.000     1.678    core/g_master.tx/lead_carry__3_n_0
    SLICE_X31Y64         CARRY4 (Prop_carry4_CI_CO[3])
                                                      0.114     1.792 r  core/g_master.tx/lead_carry__4/CO[3]
                         net (fo=1, routed)           0.000     1.792    core/g_master.tx/lead_carry__4_n_0
    SLICE_X31Y65         CARRY4 (Prop_carry4_CI_CO[3])
                                                      0.114     1.906 r  core/g_master.tx/lead_carry__5/CO[3]
                         net (fo=1, routed)           0.000     1.906    core/g_master.tx/lead_carry__5_n_0
    SLICE_X31Y66         CARRY4 (Prop_carry4_CI_CO[3])
                                                      0.114     2.020 r  core/g_master.tx/lead_carry__6/CO[3]
                         net (fo=1, routed)           0.000     2.020    core/g_master.tx/lead_carry__6_n_0
    SLICE_X31Y67         CARRY4 (Prop_carry4_CI_CO[3])
                                                      0.114     2.134 r  core/g_master.tx/lead_carry__7/CO[3]
                         net (fo=1, routed)           0.000     2.134    core/g_master.tx/lead_carry__7_n_0
    SLICE_X31Y68         CARRY4 (Prop_carry4_CI_CO[3])
                                                      0.114     2.248 r  core/g_master.tx/lead_carry__8/CO[3]
                         net (fo=1, routed)           0.000     2.248    core/g_master.tx/lead_carry__8_n_0
    SLICE_X31Y69         CARRY4 (Prop_carry4_CI_CO[3])
                                                      0.114     2.362 r  core/g_master.tx/lead_carry__9/CO[3]
                         net (fo=1, routed)           0.000     2.362    core/g_master.tx/lead_carry__9_n_0
    SLICE_X31Y70         CARRY4 (Prop_carry4_CI_CO[3])
                                                      0.114     2.476 r  core/g_master.tx/lead_carry__10/CO[3]
                         net (fo=1, routed)           0.000     2.476    core/g_master.tx/lead_carry__10_n_0
    SLICE_X31Y71         CARRY4 (Prop_carry4_CI_CO[3])
                                                      0.114     2.590 r  core/g_master.tx/lead_carry__11/CO[3]
                         net (fo=1, routed)           0.000     2.590    core/g_master.tx/lead_carry__11_n_0
    SLICE_X31Y72         CARRY4 (Prop_carry4_CI_CO[3])
                                                      0.114     2.704 r  core/g_master.tx/lead_carry__12/CO[3]
                         net (fo=1, routed)           0.000     2.704    core/g_master.tx/lead_carry__12_n_0
    SLICE_X31Y73         CARRY4 (Prop_carry4_CI_CO[3])
                                                      0.114     2.818 r  core/g_master.tx/lead_carry__13/CO[3]
                         net (fo=1, routed)           0.000     2.818    core/g_master.tx/lead_carry__13_n_0
    SLICE_X31Y74         CARRY4 (Prop_carry4_CI_O[3])
                                                      0.313     3.131 f  core/g_master.tx/lead_carry__14/O[3]
                         net (fo=4, routed)           0.901     4.032    core/g_master.timer/O[3]
    SLICE_X29Y71         LUT2 (Prop_lut2_I0_O)        0.306     4.338 r  core/g_master.timer/sync_valid7_carry__6_i_5/O
                         net (fo=1, routed)           0.000     4.338    core/g_master.tx/sequence_id_reg[0]_1[1]
    SLICE_X29Y71         CARRY4 (Prop_carry4_S[3]_CO[3])
                                                      0.401     4.739 f  core/g_master.tx/sync_valid7_carry__6/CO[3]
                         net (fo=1, routed)           0.895     5.634    core/g_master.tx/sync_valid7
    SLICE_X33Y73         LUT6 (Prop_lut6_I2_O)        0.124     5.758 r  core/g_master.tx/sequence_id[0]_i_1/O
                         net (fo=42, routed)          0.873     6.631    core/g_master.tx/sequence_id[0]_i_1_n_0
    SLICE_X41Y73         LUT3 (Prop_lut3_I0_O)        0.124     6.755 r  core/g_master.tx/payload[127]_i_1/O
                         net (fo=127, routed)         1.118     7.873    core/g_master.tx/payload[127]_i_1_n_0
    SLICE_X28Y66         FDRE                                         r  core/g_master.tx/payload_reg[106]/CE
  -------------------------------------------------------------------    -------------------

                         (clock g_hw.mmcm_clk fall edge)
                                                     10.000    10.000 f  
    N18                                               0.000    10.000 f  clk50 (IN)
                         net (fo=0)                   0.000    10.000    core/clocks/clk50
    N18                  IBUF (Prop_ibuf_I_O)         1.421    11.421 f  core/clocks/g_hw.input_buffer/O
                         net (fo=1, routed)           1.162    12.583    core/clocks/g_hw.ibuf_clk
    MMCME2_ADV_X0Y0      MMCME2_ADV (Prop_mmcme2_adv_CLKIN1_CLKOUT0)
                                                     -7.118     5.465 f  core/clocks/g_hw.mmcm/CLKOUT0
                         net (fo=1, routed)           1.599     7.064    core/clocks/g_hw.mmcm_clk
    BUFGCTRL_X0Y0        BUFG (Prop_bufg_I_O)         0.091     7.155 f  core/clocks/g_hw.output_buffer/O
                         net (fo=617, routed)         1.482     8.637    core/g_master.tx/CLK
    SLICE_X28Y66         FDRE                                         r  core/g_master.tx/payload_reg[106]/C  (IS_INVERTED)
                         clock pessimism              0.587     9.224    
                         clock uncertainty           -0.096     9.128    
    SLICE_X28Y66         FDRE (Setup_fdre_C_CE)      -0.164     8.964    core/g_master.tx/payload_reg[106]
  -------------------------------------------------------------------
                         required time                          8.964    
                         arrival time                          -7.873    
  -------------------------------------------------------------------
                         slack                                  1.091    

Slack (MET) :             1.091ns  (required time - arrival time)
  Source:                 core/g_master.timer/timestamp_reg[0]/C
                            (rising edge-triggered cell FDRE clocked by g_hw.mmcm_clk  {rise@0.000ns fall@10.000ns period=20.000ns})
  Destination:            core/g_master.tx/payload_reg[76]/CE
                            (falling edge-triggered cell FDRE clocked by g_hw.mmcm_clk  {rise@0.000ns fall@10.000ns period=20.000ns})
  Path Group:             g_hw.mmcm_clk
  Path Type:              Setup (Max at Slow Process Corner)
  Requirement:            10.000ns  (g_hw.mmcm_clk fall@10.000ns - g_hw.mmcm_clk rise@0.000ns)
  Data Path Delay:        8.588ns  (logic 3.976ns (46.295%)  route 4.612ns (53.705%))
  Logic Levels:           21  (CARRY4=17 LUT2=2 LUT3=1 LUT6=1)
  Clock Path Skew:        -0.060ns (DCD - SCD + CPR)
    Destination Clock Delay (DCD):    -1.363ns = ( 8.637 - 10.000 ) 
    Source Clock Delay      (SCD):    -0.716ns
    Clock Pessimism Removal (CPR):    0.587ns
  Clock Uncertainty:      0.096ns  ((TSJ^2 + DJ^2)^1/2) / 2 + PE
    Total System Jitter     (TSJ):    0.071ns
    Discrete Jitter          (DJ):    0.179ns
    Phase Error              (PE):    0.000ns

    Location             Delay type                Incr(ns)  Path(ns)    Netlist Resource(s)
  -------------------------------------------------------------------    -------------------
                         (clock g_hw.mmcm_clk rise edge)
                                                      0.000     0.000 r  
    N18                                               0.000     0.000 r  clk50 (IN)
                         net (fo=0)                   0.000     0.000    core/clocks/clk50
    N18                  IBUF (Prop_ibuf_I_O)         1.492     1.492 r  core/clocks/g_hw.input_buffer/O
                         net (fo=1, routed)           1.285     2.777    core/clocks/g_hw.ibuf_clk
    MMCME2_ADV_X0Y0      MMCME2_ADV (Prop_mmcme2_adv_CLKIN1_CLKOUT0)
                                                     -7.010    -4.233 r  core/clocks/g_hw.mmcm/CLKOUT0
                         net (fo=1, routed)           1.760    -2.473    core/clocks/g_hw.mmcm_clk
    BUFGCTRL_X0Y0        BUFG (Prop_bufg_I_O)         0.101    -2.372 r  core/clocks/g_hw.output_buffer/O
                         net (fo=617, routed)         1.656    -0.716    core/g_master.timer/CLK
    SLICE_X23Y59         FDRE                                         r  core/g_master.timer/timestamp_reg[0]/C
  -------------------------------------------------------------------    -------------------
    SLICE_X23Y59         FDRE (Prop_fdre_C_Q)         0.456    -0.260 r  core/g_master.timer/timestamp_reg[0]/Q
                         net (fo=11, routed)          0.826     0.566    core/g_master.timer/out[0]
    SLICE_X31Y59         LUT2 (Prop_lut2_I1_O)        0.124     0.690 r  core/g_master.timer/lead_carry_i_4/O
                         net (fo=1, routed)           0.000     0.690    core/g_master.tx/sync_valid7_carry_i_4_0[0]
    SLICE_X31Y59         CARRY4 (Prop_carry4_S[0]_CO[3])
                                                      0.532     1.222 r  core/g_master.tx/lead_carry/CO[3]
                         net (fo=1, routed)           0.000     1.222    core/g_master.tx/lead_carry_n_0
    SLICE_X31Y60         CARRY4 (Prop_carry4_CI_CO[3])
                                                      0.114     1.336 r  core/g_master.tx/lead_carry__0/CO[3]
                         net (fo=1, routed)           0.000     1.336    core/g_master.tx/lead_carry__0_n_0
    SLICE_X31Y61         CARRY4 (Prop_carry4_CI_CO[3])
                                                      0.114     1.450 r  core/g_master.tx/lead_carry__1/CO[3]
                         net (fo=1, routed)           0.000     1.450    core/g_master.tx/lead_carry__1_n_0
    SLICE_X31Y62         CARRY4 (Prop_carry4_CI_CO[3])
                                                      0.114     1.564 r  core/g_master.tx/lead_carry__2/CO[3]
                         net (fo=1, routed)           0.000     1.564    core/g_master.tx/lead_carry__2_n_0
    SLICE_X31Y63         CARRY4 (Prop_carry4_CI_CO[3])
                                                      0.114     1.678 r  core/g_master.tx/lead_carry__3/CO[3]
                         net (fo=1, routed)           0.000     1.678    core/g_master.tx/lead_carry__3_n_0
    SLICE_X31Y64         CARRY4 (Prop_carry4_CI_CO[3])
                                                      0.114     1.792 r  core/g_master.tx/lead_carry__4/CO[3]
                         net (fo=1, routed)           0.000     1.792    core/g_master.tx/lead_carry__4_n_0
    SLICE_X31Y65         CARRY4 (Prop_carry4_CI_CO[3])
                                                      0.114     1.906 r  core/g_master.tx/lead_carry__5/CO[3]
                         net (fo=1, routed)           0.000     1.906    core/g_master.tx/lead_carry__5_n_0
    SLICE_X31Y66         CARRY4 (Prop_carry4_CI_CO[3])
                                                      0.114     2.020 r  core/g_master.tx/lead_carry__6/CO[3]
                         net (fo=1, routed)           0.000     2.020    core/g_master.tx/lead_carry__6_n_0
    SLICE_X31Y67         CARRY4 (Prop_carry4_CI_CO[3])
                                                      0.114     2.134 r  core/g_master.tx/lead_carry__7/CO[3]
                         net (fo=1, routed)           0.000     2.134    core/g_master.tx/lead_carry__7_n_0
    SLICE_X31Y68         CARRY4 (Prop_carry4_CI_CO[3])
                                                      0.114     2.248 r  core/g_master.tx/lead_carry__8/CO[3]
                         net (fo=1, routed)           0.000     2.248    core/g_master.tx/lead_carry__8_n_0
    SLICE_X31Y69         CARRY4 (Prop_carry4_CI_CO[3])
                                                      0.114     2.362 r  core/g_master.tx/lead_carry__9/CO[3]
                         net (fo=1, routed)           0.000     2.362    core/g_master.tx/lead_carry__9_n_0
    SLICE_X31Y70         CARRY4 (Prop_carry4_CI_CO[3])
                                                      0.114     2.476 r  core/g_master.tx/lead_carry__10/CO[3]
                         net (fo=1, routed)           0.000     2.476    core/g_master.tx/lead_carry__10_n_0
    SLICE_X31Y71         CARRY4 (Prop_carry4_CI_CO[3])
                                                      0.114     2.590 r  core/g_master.tx/lead_carry__11/CO[3]
                         net (fo=1, routed)           0.000     2.590    core/g_master.tx/lead_carry__11_n_0
    SLICE_X31Y72         CARRY4 (Prop_carry4_CI_CO[3])
                                                      0.114     2.704 r  core/g_master.tx/lead_carry__12/CO[3]
                         net (fo=1, routed)           0.000     2.704    core/g_master.tx/lead_carry__12_n_0
    SLICE_X31Y73         CARRY4 (Prop_carry4_CI_CO[3])
                                                      0.114     2.818 r  core/g_master.tx/lead_carry__13/CO[3]
                         net (fo=1, routed)           0.000     2.818    core/g_master.tx/lead_carry__13_n_0
    SLICE_X31Y74         CARRY4 (Prop_carry4_CI_O[3])
                                                      0.313     3.131 f  core/g_master.tx/lead_carry__14/O[3]
                         net (fo=4, routed)           0.901     4.032    core/g_master.timer/O[3]
    SLICE_X29Y71         LUT2 (Prop_lut2_I0_O)        0.306     4.338 r  core/g_master.timer/sync_valid7_carry__6_i_5/O
                         net (fo=1, routed)           0.000     4.338    core/g_master.tx/sequence_id_reg[0]_1[1]
    SLICE_X29Y71         CARRY4 (Prop_carry4_S[3]_CO[3])
                                                      0.401     4.739 f  core/g_master.tx/sync_valid7_carry__6/CO[3]
                         net (fo=1, routed)           0.895     5.634    core/g_master.tx/sync_valid7
    SLICE_X33Y73         LUT6 (Prop_lut6_I2_O)        0.124     5.758 r  core/g_master.tx/sequence_id[0]_i_1/O
                         net (fo=42, routed)          0.873     6.631    core/g_master.tx/sequence_id[0]_i_1_n_0
    SLICE_X41Y73         LUT3 (Prop_lut3_I0_O)        0.124     6.755 r  core/g_master.tx/payload[127]_i_1/O
                         net (fo=127, routed)         1.118     7.873    core/g_master.tx/payload[127]_i_1_n_0
    SLICE_X28Y66         FDRE                                         r  core/g_master.tx/payload_reg[76]/CE
  -------------------------------------------------------------------    -------------------

                         (clock g_hw.mmcm_clk fall edge)
                                                     10.000    10.000 f  
    N18                                               0.000    10.000 f  clk50 (IN)
                         net (fo=0)                   0.000    10.000    core/clocks/clk50
    N18                  IBUF (Prop_ibuf_I_O)         1.421    11.421 f  core/clocks/g_hw.input_buffer/O
                         net (fo=1, routed)           1.162    12.583    core/clocks/g_hw.ibuf_clk
    MMCME2_ADV_X0Y0      MMCME2_ADV (Prop_mmcme2_adv_CLKIN1_CLKOUT0)
                                                     -7.118     5.465 f  core/clocks/g_hw.mmcm/CLKOUT0
                         net (fo=1, routed)           1.599     7.064    core/clocks/g_hw.mmcm_clk
    BUFGCTRL_X0Y0        BUFG (Prop_bufg_I_O)         0.091     7.155 f  core/clocks/g_hw.output_buffer/O
                         net (fo=617, routed)         1.482     8.637    core/g_master.tx/CLK
    SLICE_X28Y66         FDRE                                         r  core/g_master.tx/payload_reg[76]/C  (IS_INVERTED)
                         clock pessimism              0.587     9.224    
                         clock uncertainty           -0.096     9.128    
    SLICE_X28Y66         FDRE (Setup_fdre_C_CE)      -0.164     8.964    core/g_master.tx/payload_reg[76]
  -------------------------------------------------------------------
                         required time                          8.964    
                         arrival time                          -7.873    
  -------------------------------------------------------------------
                         slack                                  1.091    

Slack (MET) :             1.103ns  (required time - arrival time)
  Source:                 core/g_master.timer/timestamp_reg[0]/C
                            (rising edge-triggered cell FDRE clocked by g_hw.mmcm_clk  {rise@0.000ns fall@10.000ns period=20.000ns})
  Destination:            core/g_master.tx/payload_reg[103]/CE
                            (falling edge-triggered cell FDRE clocked by g_hw.mmcm_clk  {rise@0.000ns fall@10.000ns period=20.000ns})
  Path Group:             g_hw.mmcm_clk
  Path Type:              Setup (Max at Slow Process Corner)
  Requirement:            10.000ns  (g_hw.mmcm_clk fall@10.000ns - g_hw.mmcm_clk rise@0.000ns)
  Data Path Delay:        8.542ns  (logic 3.976ns (46.545%)  route 4.566ns (53.455%))
  Logic Levels:           21  (CARRY4=17 LUT2=2 LUT3=1 LUT6=1)
  Clock Path Skew:        -0.056ns (DCD - SCD + CPR)
    Destination Clock Delay (DCD):    -1.359ns = ( 8.641 - 10.000 ) 
    Source Clock Delay      (SCD):    -0.716ns
    Clock Pessimism Removal (CPR):    0.587ns
  Clock Uncertainty:      0.096ns  ((TSJ^2 + DJ^2)^1/2) / 2 + PE
    Total System Jitter     (TSJ):    0.071ns
    Discrete Jitter          (DJ):    0.179ns
    Phase Error              (PE):    0.000ns

    Location             Delay type                Incr(ns)  Path(ns)    Netlist Resource(s)
  -------------------------------------------------------------------    -------------------
                         (clock g_hw.mmcm_clk rise edge)
                                                      0.000     0.000 r  
    N18                                               0.000     0.000 r  clk50 (IN)
                         net (fo=0)                   0.000     0.000    core/clocks/clk50
    N18                  IBUF (Prop_ibuf_I_O)         1.492     1.492 r  core/clocks/g_hw.input_buffer/O
                         net (fo=1, routed)           1.285     2.777    core/clocks/g_hw.ibuf_clk
    MMCME2_ADV_X0Y0      MMCME2_ADV (Prop_mmcme2_adv_CLKIN1_CLKOUT0)
                                                     -7.010    -4.233 r  core/clocks/g_hw.mmcm/CLKOUT0
                         net (fo=1, routed)           1.760    -2.473    core/clocks/g_hw.mmcm_clk
    BUFGCTRL_X0Y0        BUFG (Prop_bufg_I_O)         0.101    -2.372 r  core/clocks/g_hw.output_buffer/O
                         net (fo=617, routed)         1.656    -0.716    core/g_master.timer/CLK
    SLICE_X23Y59         FDRE                                         r  core/g_master.timer/timestamp_reg[0]/C
  -------------------------------------------------------------------    -------------------
    SLICE_X23Y59         FDRE (Prop_fdre_C_Q)         0.456    -0.260 r  core/g_master.timer/timestamp_reg[0]/Q
                         net (fo=11, routed)          0.826     0.566    core/g_master.timer/out[0]
    SLICE_X31Y59         LUT2 (Prop_lut2_I1_O)        0.124     0.690 r  core/g_master.timer/lead_carry_i_4/O
                         net (fo=1, routed)           0.000     0.690    core/g_master.tx/sync_valid7_carry_i_4_0[0]
    SLICE_X31Y59         CARRY4 (Prop_carry4_S[0]_CO[3])
                                                      0.532     1.222 r  core/g_master.tx/lead_carry/CO[3]
                         net (fo=1, routed)           0.000     1.222    core/g_master.tx/lead_carry_n_0
    SLICE_X31Y60         CARRY4 (Prop_carry4_CI_CO[3])
                                                      0.114     1.336 r  core/g_master.tx/lead_carry__0/CO[3]
                         net (fo=1, routed)           0.000     1.336    core/g_master.tx/lead_carry__0_n_0
    SLICE_X31Y61         CARRY4 (Prop_carry4_CI_CO[3])
                                                      0.114     1.450 r  core/g_master.tx/lead_carry__1/CO[3]
                         net (fo=1, routed)           0.000     1.450    core/g_master.tx/lead_carry__1_n_0
    SLICE_X31Y62         CARRY4 (Prop_carry4_CI_CO[3])
                                                      0.114     1.564 r  core/g_master.tx/lead_carry__2/CO[3]
                         net (fo=1, routed)           0.000     1.564    core/g_master.tx/lead_carry__2_n_0
    SLICE_X31Y63         CARRY4 (Prop_carry4_CI_CO[3])
                                                      0.114     1.678 r  core/g_master.tx/lead_carry__3/CO[3]
                         net (fo=1, routed)           0.000     1.678    core/g_master.tx/lead_carry__3_n_0
    SLICE_X31Y64         CARRY4 (Prop_carry4_CI_CO[3])
                                                      0.114     1.792 r  core/g_master.tx/lead_carry__4/CO[3]
                         net (fo=1, routed)           0.000     1.792    core/g_master.tx/lead_carry__4_n_0
    SLICE_X31Y65         CARRY4 (Prop_carry4_CI_CO[3])
                                                      0.114     1.906 r  core/g_master.tx/lead_carry__5/CO[3]
                         net (fo=1, routed)           0.000     1.906    core/g_master.tx/lead_carry__5_n_0
    SLICE_X31Y66         CARRY4 (Prop_carry4_CI_CO[3])
                                                      0.114     2.020 r  core/g_master.tx/lead_carry__6/CO[3]
                         net (fo=1, routed)           0.000     2.020    core/g_master.tx/lead_carry__6_n_0
    SLICE_X31Y67         CARRY4 (Prop_carry4_CI_CO[3])
                                                      0.114     2.134 r  core/g_master.tx/lead_carry__7/CO[3]
                         net (fo=1, routed)           0.000     2.134    core/g_master.tx/lead_carry__7_n_0
    SLICE_X31Y68         CARRY4 (Prop_carry4_CI_CO[3])
                                                      0.114     2.248 r  core/g_master.tx/lead_carry__8/CO[3]
                         net (fo=1, routed)           0.000     2.248    core/g_master.tx/lead_carry__8_n_0
    SLICE_X31Y69         CARRY4 (Prop_carry4_CI_CO[3])
                                                      0.114     2.362 r  core/g_master.tx/lead_carry__9/CO[3]
                         net (fo=1, routed)           0.000     2.362    core/g_master.tx/lead_carry__9_n_0
    SLICE_X31Y70         CARRY4 (Prop_carry4_CI_CO[3])
                                                      0.114     2.476 r  core/g_master.tx/lead_carry__10/CO[3]
                         net (fo=1, routed)           0.000     2.476    core/g_master.tx/lead_carry__10_n_0
    SLICE_X31Y71         CARRY4 (Prop_carry4_CI_CO[3])
                                                      0.114     2.590 r  core/g_master.tx/lead_carry__11/CO[3]
                         net (fo=1, routed)           0.000     2.590    core/g_master.tx/lead_carry__11_n_0
    SLICE_X31Y72         CARRY4 (Prop_carry4_CI_CO[3])
                                                      0.114     2.704 r  core/g_master.tx/lead_carry__12/CO[3]
                         net (fo=1, routed)           0.000     2.704    core/g_master.tx/lead_carry__12_n_0
    SLICE_X31Y73         CARRY4 (Prop_carry4_CI_CO[3])
                                                      0.114     2.818 r  core/g_master.tx/lead_carry__13/CO[3]
                         net (fo=1, routed)           0.000     2.818    core/g_master.tx/lead_carry__13_n_0
    SLICE_X31Y74         CARRY4 (Prop_carry4_CI_O[3])
                                                      0.313     3.131 f  core/g_master.tx/lead_carry__14/O[3]
                         net (fo=4, routed)           0.901     4.032    core/g_master.timer/O[3]
    SLICE_X29Y71         LUT2 (Prop_lut2_I0_O)        0.306     4.338 r  core/g_master.timer/sync_valid7_carry__6_i_5/O
                         net (fo=1, routed)           0.000     4.338    core/g_master.tx/sequence_id_reg[0]_1[1]
    SLICE_X29Y71         CARRY4 (Prop_carry4_S[3]_CO[3])
                                                      0.401     4.739 f  core/g_master.tx/sync_valid7_carry__6/CO[3]
                         net (fo=1, routed)           0.895     5.634    core/g_master.tx/sync_valid7
    SLICE_X33Y73         LUT6 (Prop_lut6_I2_O)        0.124     5.758 r  core/g_master.tx/sequence_id[0]_i_1/O
                         net (fo=42, routed)          0.873     6.631    core/g_master.tx/sequence_id[0]_i_1_n_0
    SLICE_X41Y73         LUT3 (Prop_lut3_I0_O)        0.124     6.755 r  core/g_master.tx/payload[127]_i_1/O
                         net (fo=127, routed)         1.072     7.826    core/g_master.tx/payload[127]_i_1_n_0
    SLICE_X33Y62         FDRE                                         r  core/g_master.tx/payload_reg[103]/CE
  -------------------------------------------------------------------    -------------------

                         (clock g_hw.mmcm_clk fall edge)
                                                     10.000    10.000 f  
    N18                                               0.000    10.000 f  clk50 (IN)
                         net (fo=0)                   0.000    10.000    core/clocks/clk50
    N18                  IBUF (Prop_ibuf_I_O)         1.421    11.421 f  core/clocks/g_hw.input_buffer/O
                         net (fo=1, routed)           1.162    12.583    core/clocks/g_hw.ibuf_clk
    MMCME2_ADV_X0Y0      MMCME2_ADV (Prop_mmcme2_adv_CLKIN1_CLKOUT0)
                                                     -7.118     5.465 f  core/clocks/g_hw.mmcm/CLKOUT0
                         net (fo=1, routed)           1.599     7.064    core/clocks/g_hw.mmcm_clk
    BUFGCTRL_X0Y0        BUFG (Prop_bufg_I_O)         0.091     7.155 f  core/clocks/g_hw.output_buffer/O
                         net (fo=617, routed)         1.486     8.641    core/g_master.tx/CLK
    SLICE_X33Y62         FDRE                                         r  core/g_master.tx/payload_reg[103]/C  (IS_INVERTED)
                         clock pessimism              0.587     9.228    
                         clock uncertainty           -0.096     9.132    
    SLICE_X33Y62         FDRE (Setup_fdre_C_CE)      -0.202     8.930    core/g_master.tx/payload_reg[103]
  -------------------------------------------------------------------
                         required time                          8.930    
                         arrival time                          -7.826    
  -------------------------------------------------------------------
                         slack                                  1.103    

Slack (MET) :             1.103ns  (required time - arrival time)
  Source:                 core/g_master.timer/timestamp_reg[0]/C
                            (rising edge-triggered cell FDRE clocked by g_hw.mmcm_clk  {rise@0.000ns fall@10.000ns period=20.000ns})
  Destination:            core/g_master.tx/payload_reg[104]/CE
                            (falling edge-triggered cell FDRE clocked by g_hw.mmcm_clk  {rise@0.000ns fall@10.000ns period=20.000ns})
  Path Group:             g_hw.mmcm_clk
  Path Type:              Setup (Max at Slow Process Corner)
  Requirement:            10.000ns  (g_hw.mmcm_clk fall@10.000ns - g_hw.mmcm_clk rise@0.000ns)
  Data Path Delay:        8.542ns  (logic 3.976ns (46.545%)  route 4.566ns (53.455%))
  Logic Levels:           21  (CARRY4=17 LUT2=2 LUT3=1 LUT6=1)
  Clock Path Skew:        -0.056ns (DCD - SCD + CPR)
    Destination Clock Delay (DCD):    -1.359ns = ( 8.641 - 10.000 ) 
    Source Clock Delay      (SCD):    -0.716ns
    Clock Pessimism Removal (CPR):    0.587ns
  Clock Uncertainty:      0.096ns  ((TSJ^2 + DJ^2)^1/2) / 2 + PE
    Total System Jitter     (TSJ):    0.071ns
    Discrete Jitter          (DJ):    0.179ns
    Phase Error              (PE):    0.000ns

    Location             Delay type                Incr(ns)  Path(ns)    Netlist Resource(s)
  -------------------------------------------------------------------    -------------------
                         (clock g_hw.mmcm_clk rise edge)
                                                      0.000     0.000 r  
    N18                                               0.000     0.000 r  clk50 (IN)
                         net (fo=0)                   0.000     0.000    core/clocks/clk50
    N18                  IBUF (Prop_ibuf_I_O)         1.492     1.492 r  core/clocks/g_hw.input_buffer/O
                         net (fo=1, routed)           1.285     2.777    core/clocks/g_hw.ibuf_clk
    MMCME2_ADV_X0Y0      MMCME2_ADV (Prop_mmcme2_adv_CLKIN1_CLKOUT0)
                                                     -7.010    -4.233 r  core/clocks/g_hw.mmcm/CLKOUT0
                         net (fo=1, routed)           1.760    -2.473    core/clocks/g_hw.mmcm_clk
    BUFGCTRL_X0Y0        BUFG (Prop_bufg_I_O)         0.101    -2.372 r  core/clocks/g_hw.output_buffer/O
                         net (fo=617, routed)         1.656    -0.716    core/g_master.timer/CLK
    SLICE_X23Y59         FDRE                                         r  core/g_master.timer/timestamp_reg[0]/C
  -------------------------------------------------------------------    -------------------
    SLICE_X23Y59         FDRE (Prop_fdre_C_Q)         0.456    -0.260 r  core/g_master.timer/timestamp_reg[0]/Q
                         net (fo=11, routed)          0.826     0.566    core/g_master.timer/out[0]
    SLICE_X31Y59         LUT2 (Prop_lut2_I1_O)        0.124     0.690 r  core/g_master.timer/lead_carry_i_4/O
                         net (fo=1, routed)           0.000     0.690    core/g_master.tx/sync_valid7_carry_i_4_0[0]
    SLICE_X31Y59         CARRY4 (Prop_carry4_S[0]_CO[3])
                                                      0.532     1.222 r  core/g_master.tx/lead_carry/CO[3]
                         net (fo=1, routed)           0.000     1.222    core/g_master.tx/lead_carry_n_0
    SLICE_X31Y60         CARRY4 (Prop_carry4_CI_CO[3])
                                                      0.114     1.336 r  core/g_master.tx/lead_carry__0/CO[3]
                         net (fo=1, routed)           0.000     1.336    core/g_master.tx/lead_carry__0_n_0
    SLICE_X31Y61         CARRY4 (Prop_carry4_CI_CO[3])
                                                      0.114     1.450 r  core/g_master.tx/lead_carry__1/CO[3]
                         net (fo=1, routed)           0.000     1.450    core/g_master.tx/lead_carry__1_n_0
    SLICE_X31Y62         CARRY4 (Prop_carry4_CI_CO[3])
                                                      0.114     1.564 r  core/g_master.tx/lead_carry__2/CO[3]
                         net (fo=1, routed)           0.000     1.564    core/g_master.tx/lead_carry__2_n_0
    SLICE_X31Y63         CARRY4 (Prop_carry4_CI_CO[3])
                                                      0.114     1.678 r  core/g_master.tx/lead_carry__3/CO[3]
                         net (fo=1, routed)           0.000     1.678    core/g_master.tx/lead_carry__3_n_0
    SLICE_X31Y64         CARRY4 (Prop_carry4_CI_CO[3])
                                                      0.114     1.792 r  core/g_master.tx/lead_carry__4/CO[3]
                         net (fo=1, routed)           0.000     1.792    core/g_master.tx/lead_carry__4_n_0
    SLICE_X31Y65         CARRY4 (Prop_carry4_CI_CO[3])
                                                      0.114     1.906 r  core/g_master.tx/lead_carry__5/CO[3]
                         net (fo=1, routed)           0.000     1.906    core/g_master.tx/lead_carry__5_n_0
    SLICE_X31Y66         CARRY4 (Prop_carry4_CI_CO[3])
                                                      0.114     2.020 r  core/g_master.tx/lead_carry__6/CO[3]
                         net (fo=1, routed)           0.000     2.020    core/g_master.tx/lead_carry__6_n_0
    SLICE_X31Y67         CARRY4 (Prop_carry4_CI_CO[3])
                                                      0.114     2.134 r  core/g_master.tx/lead_carry__7/CO[3]
                         net (fo=1, routed)           0.000     2.134    core/g_master.tx/lead_carry__7_n_0
    SLICE_X31Y68         CARRY4 (Prop_carry4_CI_CO[3])
                                                      0.114     2.248 r  core/g_master.tx/lead_carry__8/CO[3]
                         net (fo=1, routed)           0.000     2.248    core/g_master.tx/lead_carry__8_n_0
    SLICE_X31Y69         CARRY4 (Prop_carry4_CI_CO[3])
                                                      0.114     2.362 r  core/g_master.tx/lead_carry__9/CO[3]
                         net (fo=1, routed)           0.000     2.362    core/g_master.tx/lead_carry__9_n_0
    SLICE_X31Y70         CARRY4 (Prop_carry4_CI_CO[3])
                                                      0.114     2.476 r  core/g_master.tx/lead_carry__10/CO[3]
                         net (fo=1, routed)           0.000     2.476    core/g_master.tx/lead_carry__10_n_0
    SLICE_X31Y71         CARRY4 (Prop_carry4_CI_CO[3])
                                                      0.114     2.590 r  core/g_master.tx/lead_carry__11/CO[3]
                         net (fo=1, routed)           0.000     2.590    core/g_master.tx/lead_carry__11_n_0
    SLICE_X31Y72         CARRY4 (Prop_carry4_CI_CO[3])
                                                      0.114     2.704 r  core/g_master.tx/lead_carry__12/CO[3]
                         net (fo=1, routed)           0.000     2.704    core/g_master.tx/lead_carry__12_n_0
    SLICE_X31Y73         CARRY4 (Prop_carry4_CI_CO[3])
                                                      0.114     2.818 r  core/g_master.tx/lead_carry__13/CO[3]
                         net (fo=1, routed)           0.000     2.818    core/g_master.tx/lead_carry__13_n_0
    SLICE_X31Y74         CARRY4 (Prop_carry4_CI_O[3])
                                                      0.313     3.131 f  core/g_master.tx/lead_carry__14/O[3]
                         net (fo=4, routed)           0.901     4.032    core/g_master.timer/O[3]
    SLICE_X29Y71         LUT2 (Prop_lut2_I0_O)        0.306     4.338 r  core/g_master.timer/sync_valid7_carry__6_i_5/O
                         net (fo=1, routed)           0.000     4.338    core/g_master.tx/sequence_id_reg[0]_1[1]
    SLICE_X29Y71         CARRY4 (Prop_carry4_S[3]_CO[3])
                                                      0.401     4.739 f  core/g_master.tx/sync_valid7_carry__6/CO[3]
                         net (fo=1, routed)           0.895     5.634    core/g_master.tx/sync_valid7
    SLICE_X33Y73         LUT6 (Prop_lut6_I2_O)        0.124     5.758 r  core/g_master.tx/sequence_id[0]_i_1/O
                         net (fo=42, routed)          0.873     6.631    core/g_master.tx/sequence_id[0]_i_1_n_0
    SLICE_X41Y73         LUT3 (Prop_lut3_I0_O)        0.124     6.755 r  core/g_master.tx/payload[127]_i_1/O
                         net (fo=127, routed)         1.072     7.826    core/g_master.tx/payload[127]_i_1_n_0
    SLICE_X33Y62         FDRE                                         r  core/g_master.tx/payload_reg[104]/CE
  -------------------------------------------------------------------    -------------------

                         (clock g_hw.mmcm_clk fall edge)
                                                     10.000    10.000 f  
    N18                                               0.000    10.000 f  clk50 (IN)
                         net (fo=0)                   0.000    10.000    core/clocks/clk50
    N18                  IBUF (Prop_ibuf_I_O)         1.421    11.421 f  core/clocks/g_hw.input_buffer/O
                         net (fo=1, routed)           1.162    12.583    core/clocks/g_hw.ibuf_clk
    MMCME2_ADV_X0Y0      MMCME2_ADV (Prop_mmcme2_adv_CLKIN1_CLKOUT0)
                                                     -7.118     5.465 f  core/clocks/g_hw.mmcm/CLKOUT0
                         net (fo=1, routed)           1.599     7.064    core/clocks/g_hw.mmcm_clk
    BUFGCTRL_X0Y0        BUFG (Prop_bufg_I_O)         0.091     7.155 f  core/clocks/g_hw.output_buffer/O
                         net (fo=617, routed)         1.486     8.641    core/g_master.tx/CLK
    SLICE_X33Y62         FDRE                                         r  core/g_master.tx/payload_reg[104]/C  (IS_INVERTED)
                         clock pessimism              0.587     9.228    
                         clock uncertainty           -0.096     9.132    
    SLICE_X33Y62         FDRE (Setup_fdre_C_CE)      -0.202     8.930    core/g_master.tx/payload_reg[104]
  -------------------------------------------------------------------
                         required time                          8.930    
                         arrival time                          -7.826    
  -------------------------------------------------------------------
                         slack                                  1.103    

Slack (MET) :             1.103ns  (required time - arrival time)
  Source:                 core/g_master.timer/timestamp_reg[0]/C
                            (rising edge-triggered cell FDRE clocked by g_hw.mmcm_clk  {rise@0.000ns fall@10.000ns period=20.000ns})
  Destination:            core/g_master.tx/payload_reg[73]/CE
                            (falling edge-triggered cell FDRE clocked by g_hw.mmcm_clk  {rise@0.000ns fall@10.000ns period=20.000ns})
  Path Group:             g_hw.mmcm_clk
  Path Type:              Setup (Max at Slow Process Corner)
  Requirement:            10.000ns  (g_hw.mmcm_clk fall@10.000ns - g_hw.mmcm_clk rise@0.000ns)
  Data Path Delay:        8.542ns  (logic 3.976ns (46.545%)  route 4.566ns (53.455%))
  Logic Levels:           21  (CARRY4=17 LUT2=2 LUT3=1 LUT6=1)
  Clock Path Skew:        -0.056ns (DCD - SCD + CPR)
    Destination Clock Delay (DCD):    -1.359ns = ( 8.641 - 10.000 ) 
    Source Clock Delay      (SCD):    -0.716ns
    Clock Pessimism Removal (CPR):    0.587ns
  Clock Uncertainty:      0.096ns  ((TSJ^2 + DJ^2)^1/2) / 2 + PE
    Total System Jitter     (TSJ):    0.071ns
    Discrete Jitter          (DJ):    0.179ns
    Phase Error              (PE):    0.000ns

    Location             Delay type                Incr(ns)  Path(ns)    Netlist Resource(s)
  -------------------------------------------------------------------    -------------------
                         (clock g_hw.mmcm_clk rise edge)
                                                      0.000     0.000 r  
    N18                                               0.000     0.000 r  clk50 (IN)
                         net (fo=0)                   0.000     0.000    core/clocks/clk50
    N18                  IBUF (Prop_ibuf_I_O)         1.492     1.492 r  core/clocks/g_hw.input_buffer/O
                         net (fo=1, routed)           1.285     2.777    core/clocks/g_hw.ibuf_clk
    MMCME2_ADV_X0Y0      MMCME2_ADV (Prop_mmcme2_adv_CLKIN1_CLKOUT0)
                                                     -7.010    -4.233 r  core/clocks/g_hw.mmcm/CLKOUT0
                         net (fo=1, routed)           1.760    -2.473    core/clocks/g_hw.mmcm_clk
    BUFGCTRL_X0Y0        BUFG (Prop_bufg_I_O)         0.101    -2.372 r  core/clocks/g_hw.output_buffer/O
                         net (fo=617, routed)         1.656    -0.716    core/g_master.timer/CLK
    SLICE_X23Y59         FDRE                                         r  core/g_master.timer/timestamp_reg[0]/C
  -------------------------------------------------------------------    -------------------
    SLICE_X23Y59         FDRE (Prop_fdre_C_Q)         0.456    -0.260 r  core/g_master.timer/timestamp_reg[0]/Q
                         net (fo=11, routed)          0.826     0.566    core/g_master.timer/out[0]
    SLICE_X31Y59         LUT2 (Prop_lut2_I1_O)        0.124     0.690 r  core/g_master.timer/lead_carry_i_4/O
                         net (fo=1, routed)           0.000     0.690    core/g_master.tx/sync_valid7_carry_i_4_0[0]
    SLICE_X31Y59         CARRY4 (Prop_carry4_S[0]_CO[3])
                                                      0.532     1.222 r  core/g_master.tx/lead_carry/CO[3]
                         net (fo=1, routed)           0.000     1.222    core/g_master.tx/lead_carry_n_0
    SLICE_X31Y60         CARRY4 (Prop_carry4_CI_CO[3])
                                                      0.114     1.336 r  core/g_master.tx/lead_carry__0/CO[3]
                         net (fo=1, routed)           0.000     1.336    core/g_master.tx/lead_carry__0_n_0
    SLICE_X31Y61         CARRY4 (Prop_carry4_CI_CO[3])
                                                      0.114     1.450 r  core/g_master.tx/lead_carry__1/CO[3]
                         net (fo=1, routed)           0.000     1.450    core/g_master.tx/lead_carry__1_n_0
    SLICE_X31Y62         CARRY4 (Prop_carry4_CI_CO[3])
                                                      0.114     1.564 r  core/g_master.tx/lead_carry__2/CO[3]
                         net (fo=1, routed)           0.000     1.564    core/g_master.tx/lead_carry__2_n_0
    SLICE_X31Y63         CARRY4 (Prop_carry4_CI_CO[3])
                                                      0.114     1.678 r  core/g_master.tx/lead_carry__3/CO[3]
                         net (fo=1, routed)           0.000     1.678    core/g_master.tx/lead_carry__3_n_0
    SLICE_X31Y64         CARRY4 (Prop_carry4_CI_CO[3])
                                                      0.114     1.792 r  core/g_master.tx/lead_carry__4/CO[3]
                         net (fo=1, routed)           0.000     1.792    core/g_master.tx/lead_carry__4_n_0
    SLICE_X31Y65         CARRY4 (Prop_carry4_CI_CO[3])
                                                      0.114     1.906 r  core/g_master.tx/lead_carry__5/CO[3]
                         net (fo=1, routed)           0.000     1.906    core/g_master.tx/lead_carry__5_n_0
    SLICE_X31Y66         CARRY4 (Prop_carry4_CI_CO[3])
                                                      0.114     2.020 r  core/g_master.tx/lead_carry__6/CO[3]
                         net (fo=1, routed)           0.000     2.020    core/g_master.tx/lead_carry__6_n_0
    SLICE_X31Y67         CARRY4 (Prop_carry4_CI_CO[3])
                                                      0.114     2.134 r  core/g_master.tx/lead_carry__7/CO[3]
                         net (fo=1, routed)           0.000     2.134    core/g_master.tx/lead_carry__7_n_0
    SLICE_X31Y68         CARRY4 (Prop_carry4_CI_CO[3])
                                                      0.114     2.248 r  core/g_master.tx/lead_carry__8/CO[3]
                         net (fo=1, routed)           0.000     2.248    core/g_master.tx/lead_carry__8_n_0
    SLICE_X31Y69         CARRY4 (Prop_carry4_CI_CO[3])
                                                      0.114     2.362 r  core/g_master.tx/lead_carry__9/CO[3]
                         net (fo=1, routed)           0.000     2.362    core/g_master.tx/lead_carry__9_n_0
    SLICE_X31Y70         CARRY4 (Prop_carry4_CI_CO[3])
                                                      0.114     2.476 r  core/g_master.tx/lead_carry__10/CO[3]
                         net (fo=1, routed)           0.000     2.476    core/g_master.tx/lead_carry__10_n_0
    SLICE_X31Y71         CARRY4 (Prop_carry4_CI_CO[3])
                                                      0.114     2.590 r  core/g_master.tx/lead_carry__11/CO[3]
                         net (fo=1, routed)           0.000     2.590    core/g_master.tx/lead_carry__11_n_0
    SLICE_X31Y72         CARRY4 (Prop_carry4_CI_CO[3])
                                                      0.114     2.704 r  core/g_master.tx/lead_carry__12/CO[3]
                         net (fo=1, routed)           0.000     2.704    core/g_master.tx/lead_carry__12_n_0
    SLICE_X31Y73         CARRY4 (Prop_carry4_CI_CO[3])
                                                      0.114     2.818 r  core/g_master.tx/lead_carry__13/CO[3]
                         net (fo=1, routed)           0.000     2.818    core/g_master.tx/lead_carry__13_n_0
    SLICE_X31Y74         CARRY4 (Prop_carry4_CI_O[3])
                                                      0.313     3.131 f  core/g_master.tx/lead_carry__14/O[3]
                         net (fo=4, routed)           0.901     4.032    core/g_master.timer/O[3]
    SLICE_X29Y71         LUT2 (Prop_lut2_I0_O)        0.306     4.338 r  core/g_master.timer/sync_valid7_carry__6_i_5/O
                         net (fo=1, routed)           0.000     4.338    core/g_master.tx/sequence_id_reg[0]_1[1]
    SLICE_X29Y71         CARRY4 (Prop_carry4_S[3]_CO[3])
                                                      0.401     4.739 f  core/g_master.tx/sync_valid7_carry__6/CO[3]
                         net (fo=1, routed)           0.895     5.634    core/g_master.tx/sync_valid7
    SLICE_X33Y73         LUT6 (Prop_lut6_I2_O)        0.124     5.758 r  core/g_master.tx/sequence_id[0]_i_1/O
                         net (fo=42, routed)          0.873     6.631    core/g_master.tx/sequence_id[0]_i_1_n_0
    SLICE_X41Y73         LUT3 (Prop_lut3_I0_O)        0.124     6.755 r  core/g_master.tx/payload[127]_i_1/O
                         net (fo=127, routed)         1.072     7.826    core/g_master.tx/payload[127]_i_1_n_0
    SLICE_X33Y62         FDRE                                         r  core/g_master.tx/payload_reg[73]/CE
  -------------------------------------------------------------------    -------------------

                         (clock g_hw.mmcm_clk fall edge)
                                                     10.000    10.000 f  
    N18                                               0.000    10.000 f  clk50 (IN)
                         net (fo=0)                   0.000    10.000    core/clocks/clk50
    N18                  IBUF (Prop_ibuf_I_O)         1.421    11.421 f  core/clocks/g_hw.input_buffer/O
                         net (fo=1, routed)           1.162    12.583    core/clocks/g_hw.ibuf_clk
    MMCME2_ADV_X0Y0      MMCME2_ADV (Prop_mmcme2_adv_CLKIN1_CLKOUT0)
                                                     -7.118     5.465 f  core/clocks/g_hw.mmcm/CLKOUT0
                         net (fo=1, routed)           1.599     7.064    core/clocks/g_hw.mmcm_clk
    BUFGCTRL_X0Y0        BUFG (Prop_bufg_I_O)         0.091     7.155 f  core/clocks/g_hw.output_buffer/O
                         net (fo=617, routed)         1.486     8.641    core/g_master.tx/CLK
    SLICE_X33Y62         FDRE                                         r  core/g_master.tx/payload_reg[73]/C  (IS_INVERTED)
                         clock pessimism              0.587     9.228    
                         clock uncertainty           -0.096     9.132    
    SLICE_X33Y62         FDRE (Setup_fdre_C_CE)      -0.202     8.930    core/g_master.tx/payload_reg[73]
  -------------------------------------------------------------------
                         required time                          8.930    
                         arrival time                          -7.826    
  -------------------------------------------------------------------
                         slack                                  1.103    

Slack (MET) :             1.103ns  (required time - arrival time)
  Source:                 core/g_master.timer/timestamp_reg[0]/C
                            (rising edge-triggered cell FDRE clocked by g_hw.mmcm_clk  {rise@0.000ns fall@10.000ns period=20.000ns})
  Destination:            core/g_master.tx/payload_reg[74]/CE
                            (falling edge-triggered cell FDRE clocked by g_hw.mmcm_clk  {rise@0.000ns fall@10.000ns period=20.000ns})
  Path Group:             g_hw.mmcm_clk
  Path Type:              Setup (Max at Slow Process Corner)
  Requirement:            10.000ns  (g_hw.mmcm_clk fall@10.000ns - g_hw.mmcm_clk rise@0.000ns)
  Data Path Delay:        8.542ns  (logic 3.976ns (46.545%)  route 4.566ns (53.455%))
  Logic Levels:           21  (CARRY4=17 LUT2=2 LUT3=1 LUT6=1)
  Clock Path Skew:        -0.056ns (DCD - SCD + CPR)
    Destination Clock Delay (DCD):    -1.359ns = ( 8.641 - 10.000 ) 
    Source Clock Delay      (SCD):    -0.716ns
    Clock Pessimism Removal (CPR):    0.587ns
  Clock Uncertainty:      0.096ns  ((TSJ^2 + DJ^2)^1/2) / 2 + PE
    Total System Jitter     (TSJ):    0.071ns
    Discrete Jitter          (DJ):    0.179ns
    Phase Error              (PE):    0.000ns

    Location             Delay type                Incr(ns)  Path(ns)    Netlist Resource(s)
  -------------------------------------------------------------------    -------------------
                         (clock g_hw.mmcm_clk rise edge)
                                                      0.000     0.000 r  
    N18                                               0.000     0.000 r  clk50 (IN)
                         net (fo=0)                   0.000     0.000    core/clocks/clk50
    N18                  IBUF (Prop_ibuf_I_O)         1.492     1.492 r  core/clocks/g_hw.input_buffer/O
                         net (fo=1, routed)           1.285     2.777    core/clocks/g_hw.ibuf_clk
    MMCME2_ADV_X0Y0      MMCME2_ADV (Prop_mmcme2_adv_CLKIN1_CLKOUT0)
                                                     -7.010    -4.233 r  core/clocks/g_hw.mmcm/CLKOUT0
                         net (fo=1, routed)           1.760    -2.473    core/clocks/g_hw.mmcm_clk
    BUFGCTRL_X0Y0        BUFG (Prop_bufg_I_O)         0.101    -2.372 r  core/clocks/g_hw.output_buffer/O
                         net (fo=617, routed)         1.656    -0.716    core/g_master.timer/CLK
    SLICE_X23Y59         FDRE                                         r  core/g_master.timer/timestamp_reg[0]/C
  -------------------------------------------------------------------    -------------------
    SLICE_X23Y59         FDRE (Prop_fdre_C_Q)         0.456    -0.260 r  core/g_master.timer/timestamp_reg[0]/Q
                         net (fo=11, routed)          0.826     0.566    core/g_master.timer/out[0]
    SLICE_X31Y59         LUT2 (Prop_lut2_I1_O)        0.124     0.690 r  core/g_master.timer/lead_carry_i_4/O
                         net (fo=1, routed)           0.000     0.690    core/g_master.tx/sync_valid7_carry_i_4_0[0]
    SLICE_X31Y59         CARRY4 (Prop_carry4_S[0]_CO[3])
                                                      0.532     1.222 r  core/g_master.tx/lead_carry/CO[3]
                         net (fo=1, routed)           0.000     1.222    core/g_master.tx/lead_carry_n_0
    SLICE_X31Y60         CARRY4 (Prop_carry4_CI_CO[3])
                                                      0.114     1.336 r  core/g_master.tx/lead_carry__0/CO[3]
                         net (fo=1, routed)           0.000     1.336    core/g_master.tx/lead_carry__0_n_0
    SLICE_X31Y61         CARRY4 (Prop_carry4_CI_CO[3])
                                                      0.114     1.450 r  core/g_master.tx/lead_carry__1/CO[3]
                         net (fo=1, routed)           0.000     1.450    core/g_master.tx/lead_carry__1_n_0
    SLICE_X31Y62         CARRY4 (Prop_carry4_CI_CO[3])
                                                      0.114     1.564 r  core/g_master.tx/lead_carry__2/CO[3]
                         net (fo=1, routed)           0.000     1.564    core/g_master.tx/lead_carry__2_n_0
    SLICE_X31Y63         CARRY4 (Prop_carry4_CI_CO[3])
                                                      0.114     1.678 r  core/g_master.tx/lead_carry__3/CO[3]
                         net (fo=1, routed)           0.000     1.678    core/g_master.tx/lead_carry__3_n_0
    SLICE_X31Y64         CARRY4 (Prop_carry4_CI_CO[3])
                                                      0.114     1.792 r  core/g_master.tx/lead_carry__4/CO[3]
                         net (fo=1, routed)           0.000     1.792    core/g_master.tx/lead_carry__4_n_0
    SLICE_X31Y65         CARRY4 (Prop_carry4_CI_CO[3])
                                                      0.114     1.906 r  core/g_master.tx/lead_carry__5/CO[3]
                         net (fo=1, routed)           0.000     1.906    core/g_master.tx/lead_carry__5_n_0
    SLICE_X31Y66         CARRY4 (Prop_carry4_CI_CO[3])
                                                      0.114     2.020 r  core/g_master.tx/lead_carry__6/CO[3]
                         net (fo=1, routed)           0.000     2.020    core/g_master.tx/lead_carry__6_n_0
    SLICE_X31Y67         CARRY4 (Prop_carry4_CI_CO[3])
                                                      0.114     2.134 r  core/g_master.tx/lead_carry__7/CO[3]
                         net (fo=1, routed)           0.000     2.134    core/g_master.tx/lead_carry__7_n_0
    SLICE_X31Y68         CARRY4 (Prop_carry4_CI_CO[3])
                                                      0.114     2.248 r  core/g_master.tx/lead_carry__8/CO[3]
                         net (fo=1, routed)           0.000     2.248    core/g_master.tx/lead_carry__8_n_0
    SLICE_X31Y69         CARRY4 (Prop_carry4_CI_CO[3])
                                                      0.114     2.362 r  core/g_master.tx/lead_carry__9/CO[3]
                         net (fo=1, routed)           0.000     2.362    core/g_master.tx/lead_carry__9_n_0
    SLICE_X31Y70         CARRY4 (Prop_carry4_CI_CO[3])
                                                      0.114     2.476 r  core/g_master.tx/lead_carry__10/CO[3]
                         net (fo=1, routed)           0.000     2.476    core/g_master.tx/lead_carry__10_n_0
    SLICE_X31Y71         CARRY4 (Prop_carry4_CI_CO[3])
                                                      0.114     2.590 r  core/g_master.tx/lead_carry__11/CO[3]
                         net (fo=1, routed)           0.000     2.590    core/g_master.tx/lead_carry__11_n_0
    SLICE_X31Y72         CARRY4 (Prop_carry4_CI_CO[3])
                                                      0.114     2.704 r  core/g_master.tx/lead_carry__12/CO[3]
                         net (fo=1, routed)           0.000     2.704    core/g_master.tx/lead_carry__12_n_0
    SLICE_X31Y73         CARRY4 (Prop_carry4_CI_CO[3])
                                                      0.114     2.818 r  core/g_master.tx/lead_carry__13/CO[3]
                         net (fo=1, routed)           0.000     2.818    core/g_master.tx/lead_carry__13_n_0
    SLICE_X31Y74         CARRY4 (Prop_carry4_CI_O[3])
                                                      0.313     3.131 f  core/g_master.tx/lead_carry__14/O[3]
                         net (fo=4, routed)           0.901     4.032    core/g_master.timer/O[3]
    SLICE_X29Y71         LUT2 (Prop_lut2_I0_O)        0.306     4.338 r  core/g_master.timer/sync_valid7_carry__6_i_5/O
                         net (fo=1, routed)           0.000     4.338    core/g_master.tx/sequence_id_reg[0]_1[1]
    SLICE_X29Y71         CARRY4 (Prop_carry4_S[3]_CO[3])
                                                      0.401     4.739 f  core/g_master.tx/sync_valid7_carry__6/CO[3]
                         net (fo=1, routed)           0.895     5.634    core/g_master.tx/sync_valid7
    SLICE_X33Y73         LUT6 (Prop_lut6_I2_O)        0.124     5.758 r  core/g_master.tx/sequence_id[0]_i_1/O
                         net (fo=42, routed)          0.873     6.631    core/g_master.tx/sequence_id[0]_i_1_n_0
    SLICE_X41Y73         LUT3 (Prop_lut3_I0_O)        0.124     6.755 r  core/g_master.tx/payload[127]_i_1/O
                         net (fo=127, routed)         1.072     7.826    core/g_master.tx/payload[127]_i_1_n_0
    SLICE_X33Y62         FDRE                                         r  core/g_master.tx/payload_reg[74]/CE
  -------------------------------------------------------------------    -------------------

                         (clock g_hw.mmcm_clk fall edge)
                                                     10.000    10.000 f  
    N18                                               0.000    10.000 f  clk50 (IN)
                         net (fo=0)                   0.000    10.000    core/clocks/clk50
    N18                  IBUF (Prop_ibuf_I_O)         1.421    11.421 f  core/clocks/g_hw.input_buffer/O
                         net (fo=1, routed)           1.162    12.583    core/clocks/g_hw.ibuf_clk
    MMCME2_ADV_X0Y0      MMCME2_ADV (Prop_mmcme2_adv_CLKIN1_CLKOUT0)
                                                     -7.118     5.465 f  core/clocks/g_hw.mmcm/CLKOUT0
                         net (fo=1, routed)           1.599     7.064    core/clocks/g_hw.mmcm_clk
    BUFGCTRL_X0Y0        BUFG (Prop_bufg_I_O)         0.091     7.155 f  core/clocks/g_hw.output_buffer/O
                         net (fo=617, routed)         1.486     8.641    core/g_master.tx/CLK
    SLICE_X33Y62         FDRE                                         r  core/g_master.tx/payload_reg[74]/C  (IS_INVERTED)
                         clock pessimism              0.587     9.228    
                         clock uncertainty           -0.096     9.132    
    SLICE_X33Y62         FDRE (Setup_fdre_C_CE)      -0.202     8.930    core/g_master.tx/payload_reg[74]
  -------------------------------------------------------------------
                         required time                          8.930    
                         arrival time                          -7.826    
  -------------------------------------------------------------------
                         slack                                  1.103    




