Copyright 1986-2022 Xilinx, Inc. All Rights Reserved. Copyright 2022-2025 Advanced Micro Devices, Inc. All Rights Reserved.
--------------------------------------------------------------------------------------------------------------------------------------------------------------------------------------------------------------------------------------------------------------------
| Tool Version : Vivado v.2025.2 (win64) Build 6299465 Fri Nov 14 19:35:11 GMT 2025
| Date         : Wed Sep 30 22:56:10 2026
| Host         : LAPTOP-V3PP2F49 running 64-bit major release  (build 9200)
| Command      : report_timing_summary -delay_type min_max -report_unconstrained -check_timing_verbose -file C:/Users/BELYA/Documents/Codex/2026-09-29/https-github-com-loverlike1216-sonofield-fpga/outputs/sonofield-v3/v3/evidence/task001/ebaz_slave/timing.rpt
| Design       : ebaz_slave
| Device       : 7z010-clg400
| Speed File   : -1  PRODUCTION 1.12 2019-11-22
| Design State : Routed
--------------------------------------------------------------------------------------------------------------------------------------------------------------------------------------------------------------------------------------------------------------------

Timing Summary Report

------------------------------------------------------------------------------------------------
| Timer Settings
| --------------
------------------------------------------------------------------------------------------------

  Enable Multi Corner Analysis               :  Yes
  Enable Pessimism Removal                   :  Yes
  Pessimism Removal Resolution               :  Nearest Common Node
  Enable Input Delay Default Clock           :  No
  Enable Preset / Clear Arcs                 :  No
  Disable Flight Delays                      :  No
  Ignore I/O Paths                           :  No
  Timing Early Launch at Borrowing Latches   :  No
  Borrow Time for Max Delay Exceptions       :  Yes
  Merge Timing Exceptions                    :  Yes
  Inter-SLR Compensation                     :  Conservative

  Corner  Analyze    Analyze    
  Name    Max Paths  Min Paths  
  ------  ---------  ---------  
  Slow    Yes        Yes        
  Fast    Yes        Yes        


------------------------------------------------------------------------------------------------
| Report Methodology
| ------------------
------------------------------------------------------------------------------------------------

No report available as report_methodology has not been run prior. Run report_methodology on the current design for the summary of methodology violations.



check_timing report

Table of Contents
-----------------
1. checking no_clock (0)
2. checking constant_clock (0)
3. checking pulse_width_clock (0)
4. checking unconstrained_internal_endpoints (0)
5. checking no_input_delay (0)
6. checking no_output_delay (0)
7. checking multiple_clock (0)
8. checking generated_clocks (0)
9. checking loops (0)
10. checking partial_input_delay (0)
11. checking partial_output_delay (0)
12. checking latch_loops (0)

1. checking no_clock (0)
------------------------
 There are 0 register/latch pins with no clock.


2. checking constant_clock (0)
------------------------------
 There are 0 register/latch pins with constant_clock.


3. checking pulse_width_clock (0)
---------------------------------
 There are 0 register/latch pins which need pulse_width check


4. checking unconstrained_internal_endpoints (0)
------------------------------------------------
 There are 0 pins that are not constrained for maximum delay.

 There are 0 pins that are not constrained for maximum delay due to constant clock.


5. checking no_input_delay (0)
------------------------------
 There are 0 input ports with no input delay specified.

 There are 0 input ports with no input delay but user has a false path constraint.


6. checking no_output_delay (0)
-------------------------------
 There are 0 ports with no output delay specified.

 There are 0 ports with no output delay but user has a false path constraint

 There are 0 ports with no output delay but with a timing clock defined on it or propagating through it


7. checking multiple_clock (0)
------------------------------
 There are 0 register/latch pins with multiple clocks.


8. checking generated_clocks (0)
--------------------------------
 There are 0 generated clocks that are not connected to a clock source.


9. checking loops (0)
---------------------
 There are 0 combinational loops in the design.


10. checking partial_input_delay (0)
------------------------------------
 There are 0 input ports with partial input delay specified.


11. checking partial_output_delay (0)
-------------------------------------
 There are 0 ports with partial output delay specified.


12. checking latch_loops (0)
----------------------------
 There are 0 combinational latch loops in the design through latch input



------------------------------------------------------------------------------------------------
| Design Timing Summary
| ---------------------
------------------------------------------------------------------------------------------------

    WNS(ns)      TNS(ns)  TNS Failing Endpoints  TNS Total Endpoints      WHS(ns)      THS(ns)  THS Failing Endpoints  THS Total Endpoints     WPWS(ns)     TPWS(ns)  TPWS Failing Endpoints  TPWS Total Endpoints  
    -------      -------  ---------------------  -------------------      -------      -------  ---------------------  -------------------     --------     --------  ----------------------  --------------------  
      0.199        0.000                      0                 1736        0.052        0.000                      0                 1736        7.000        0.000                       0                   622  


All user specified timing constraints are met.


------------------------------------------------------------------------------------------------
| Clock Summary
| -------------
------------------------------------------------------------------------------------------------

Clock            Waveform(ns)       Period(ns)      Frequency(MHz)
-----            ------------       ----------      --------------
local50          {0.000 10.000}     20.000          50.000          
received50       {0.000 10.000}     20.000          50.000          
  g_hw.feedback  {0.000 10.000}     20.000          50.000          
  g_hw.mmcm_clk  {0.000 10.000}     20.000          50.000          


------------------------------------------------------------------------------------------------
| Intra Clock Table
| -----------------
------------------------------------------------------------------------------------------------

Clock                WNS(ns)      TNS(ns)  TNS Failing Endpoints  TNS Total Endpoints      WHS(ns)      THS(ns)  THS Failing Endpoints  THS Total Endpoints     WPWS(ns)     TPWS(ns)  TPWS Failing Endpoints  TPWS Total Endpoints  
-----                -------      -------  ---------------------  -------------------      -------      -------  ---------------------  -------------------     --------     --------  ----------------------  --------------------  
local50               12.289        0.000                      0                   36        0.061        0.000                      0                   36        9.500        0.000                       0                    15  
received50                                                                                                                                                         7.000        0.000                       0                     1  
  g_hw.feedback                                                                                                                                                   17.845        0.000                       0                     3  
  g_hw.mmcm_clk        8.509        0.000                      0                 1682        0.052        0.000                      0                 1682        9.500        0.000                       0                   603  


------------------------------------------------------------------------------------------------
| Inter Clock Table
| -----------------
------------------------------------------------------------------------------------------------

From Clock     To Clock           WNS(ns)      TNS(ns)  TNS Failing Endpoints  TNS Total Endpoints      WHS(ns)      THS(ns)  THS Failing Endpoints  THS Total Endpoints  
----------     --------           -------      -------  ---------------------  -------------------      -------      -------  ---------------------  -------------------  
g_hw.mmcm_clk  local50             14.158        0.000                      0                    1        1.691        0.000                      0                    1  
local50        received50           1.324        0.000                      0                    4        4.551        0.000                      0                    4  
g_hw.mmcm_clk  received50           4.913        0.000                      0                    8        2.186        0.000                      0                    8  
local50        g_hw.mmcm_clk       11.997        0.000                      0                    1        1.942        0.000                      0                    1  
received50     g_hw.mmcm_clk        0.199        0.000                      0                  281       11.414        0.000                      0                  281  


------------------------------------------------------------------------------------------------
| Other Path Groups Table
| -----------------------
------------------------------------------------------------------------------------------------

Path Group         From Clock         To Clock               WNS(ns)      TNS(ns)  TNS Failing Endpoints  TNS Total Endpoints      WHS(ns)      THS(ns)  THS Failing Endpoints  THS Total Endpoints  
----------         ----------         --------               -------      -------  ---------------------  -------------------      -------      -------  ---------------------  -------------------  
**async_default**  local50            g_hw.mmcm_clk            6.167        0.000                      0                    3        3.094        0.000                      0                    3  
**async_default**  received50         g_hw.mmcm_clk           10.648        0.000                      0                    3        1.761        0.000                      0                    3  


------------------------------------------------------------------------------------------------
| User Ignored Path Table
| -----------------------
------------------------------------------------------------------------------------------------

Path Group    From Clock    To Clock    
----------    ----------    --------    


------------------------------------------------------------------------------------------------
| Unconstrained Path Table
| ------------------------
------------------------------------------------------------------------------------------------

Path Group     From Clock     To Clock     
----------     ----------     --------     
(none)                        g_hw.mmcm_clk  


------------------------------------------------------------------------------------------------
| Timing Details
| --------------
------------------------------------------------------------------------------------------------


---------------------------------------------------------------------------------------------------
From Clock:  local50
  To Clock:  local50

Setup :            0  Failing Endpoints,  Worst Slack       12.289ns,  Total Violation        0.000ns
Hold  :            0  Failing Endpoints,  Worst Slack        0.061ns,  Total Violation        0.000ns
PW    :            0  Failing Endpoints,  Worst Slack        9.500ns,  Total Violation        0.000ns
---------------------------------------------------------------------------------------------------


Max Delay Paths
--------------------------------------------------------------------------------------
Slack (MET) :             12.289ns  (required time - arrival time)
  Source:                 rst_n
                            (input port clocked by local50  {rise@0.000ns fall@10.000ns period=20.000ns})
  Destination:            core/g_slave.alive_reg/R
                            (rising edge-triggered cell FDRE clocked by local50  {rise@0.000ns fall@10.000ns period=20.000ns})
  Path Group:             local50
  Path Type:              Setup (Max at Slow Process Corner)
  Requirement:            20.000ns  (local50 rise@20.000ns - local50 rise@0.000ns)
  Data Path Delay:        6.766ns  (logic 1.618ns (23.918%)  route 5.147ns (76.082%))
  Logic Levels:           2  (IBUF=1 LUT1=1)
  Input Delay:            5.000ns
  Clock Path Skew:        4.947ns (DCD - SCD + CPR)
    Destination Clock Delay (DCD):    4.947ns = ( 24.947 - 20.000 ) 
    Source Clock Delay      (SCD):    0.000ns
    Clock Pessimism Removal (CPR):    0.000ns
  Clock Uncertainty:      0.261ns  ((TSJ^2 + TIJ^2)^1/2 + DJ) / 2 + PE + UU
    Total System Jitter     (TSJ):    0.071ns
    Total Input Jitter      (TIJ):    0.100ns
    Discrete Jitter          (DJ):    0.000ns
    Phase Error              (PE):    0.000ns
    User Uncertainty         (UU):    0.200ns

    Location             Delay type                Incr(ns)  Path(ns)    Netlist Resource(s)
  -------------------------------------------------------------------    -------------------
                         (clock local50 rise edge)    0.000     0.000 r  
                         input delay                  5.000     5.000    
    G19                                               0.000     5.000 f  rst_n (IN)
                         net (fo=0)                   0.000     5.000    rst_n
    G19                  IBUF (Prop_ibuf_I_O)         1.468     6.468 f  rst_n_IBUF_inst/O
                         net (fo=3, routed)           3.385     9.854    core/clocks/rst_n_IBUF
    SLICE_X40Y68         LUT1 (Prop_lut1_I0_O)        0.150    10.004 r  core/clocks/g_hw.mmcm_i_1/O
                         net (fo=7, routed)           1.762    11.766    core/clocks_n_1
    SLICE_X40Y69         FDRE                                         r  core/g_slave.alive_reg/R
  -------------------------------------------------------------------    -------------------

                         (clock local50 rise edge)   20.000    20.000 r  
    N18                                               0.000    20.000 r  clk50 (IN)
                         net (fo=0)                   0.000    20.000    clk50
    N18                  IBUF (Prop_ibuf_I_O)         1.421    21.421 r  clk50_IBUF_inst/O
                         net (fo=1, routed)           1.880    23.301    clk50_IBUF
    BUFGCTRL_X0Y1        BUFG (Prop_bufg_I_O)         0.091    23.392 r  clk50_IBUF_BUFG_inst/O
                         net (fo=14, routed)          1.555    24.947    core/CLK
    SLICE_X40Y69         FDRE                                         r  core/g_slave.alive_reg/C
                         clock pessimism              0.000    24.947    
                         clock uncertainty           -0.261    24.686    
    SLICE_X40Y69         FDRE (Setup_fdre_C_R)       -0.631    24.055    core/g_slave.alive_reg
  -------------------------------------------------------------------
                         required time                         24.055    
                         arrival time                         -11.766    
  -------------------------------------------------------------------
                         slack                                 12.289    





Min Delay Paths
--------------------------------------------------------------------------------------
Slack (MET) :             0.061ns  (arrival time - required time)
  Source:                 core/g_slave.silence_reg[7]/C
                            (rising edge-triggered cell FDRE clocked by local50  {rise@0.000ns fall@10.000ns period=20.000ns})
  Destination:            core/g_slave.silence_reg[8]/D
                            (rising edge-triggered cell FDRE clocked by local50  {rise@0.000ns fall@10.000ns period=20.000ns})
  Path Group:             local50
  Path Type:              Hold (Min at Fast Process Corner)
  Requirement:            0.000ns  (local50 rise@0.000ns - local50 rise@0.000ns)
  Data Path Delay:        0.392ns  (logic 0.207ns (52.792%)  route 0.185ns (47.208%))
  Logic Levels:           1  (LUT4=1)
  Clock Path Skew:        0.000ns (DCD - SCD - CPR)
    Destination Clock Delay (DCD):    2.008ns
    Source Clock Delay      (SCD):    1.493ns
    Clock Pessimism Removal (CPR):    0.515ns
  Clock Uncertainty:      0.200ns  ((TSJ^2 + TIJ^2)^1/2 + DJ) / 2 + PE + UU
    Total System Jitter     (TSJ):    0.000ns
    Total Input Jitter      (TIJ):    0.000ns
    Discrete Jitter          (DJ):    0.000ns
    Phase Error              (PE):    0.000ns
    User Uncertainty         (UU):    0.200ns

    Location             Delay type                Incr(ns)  Path(ns)    Netlist Resource(s)
  -------------------------------------------------------------------    -------------------
                         (clock local50 rise edge)    0.000     0.000 r  
    N18                                               0.000     0.000 r  clk50 (IN)
                         net (fo=0)                   0.000     0.000    clk50
    N18                  IBUF (Prop_ibuf_I_O)         0.260     0.260 r  clk50_IBUF_inst/O
                         net (fo=1, routed)           0.627     0.887    clk50_IBUF
    BUFGCTRL_X0Y1        BUFG (Prop_bufg_I_O)         0.026     0.913 r  clk50_IBUF_BUFG_inst/O
                         net (fo=14, routed)          0.580     1.493    core/CLK
    SLICE_X38Y69         FDRE                                         r  core/g_slave.silence_reg[7]/C
  -------------------------------------------------------------------    -------------------
    SLICE_X38Y69         FDRE (Prop_fdre_C_Q)         0.164     1.657 r  core/g_slave.silence_reg[7]/Q
                         net (fo=5, routed)           0.185     1.842    core/g_slave.silence_reg[7]
    SLICE_X38Y69         LUT4 (Prop_lut4_I0_O)        0.043     1.885 r  core/g_slave.silence[8]_i_3/O
                         net (fo=1, routed)           0.000     1.885    core/p_0_in__1[8]
    SLICE_X38Y69         FDRE                                         r  core/g_slave.silence_reg[8]/D
  -------------------------------------------------------------------    -------------------

                         (clock local50 rise edge)    0.000     0.000 r  
    N18                                               0.000     0.000 r  clk50 (IN)
                         net (fo=0)                   0.000     0.000    clk50
    N18                  IBUF (Prop_ibuf_I_O)         0.448     0.448 r  clk50_IBUF_inst/O
                         net (fo=1, routed)           0.683     1.131    clk50_IBUF
    BUFGCTRL_X0Y1        BUFG (Prop_bufg_I_O)         0.029     1.160 r  clk50_IBUF_BUFG_inst/O
                         net (fo=14, routed)          0.848     2.008    core/CLK
    SLICE_X38Y69         FDRE                                         r  core/g_slave.silence_reg[8]/C
                         clock pessimism             -0.515     1.493    
                         clock uncertainty            0.200     1.693    
    SLICE_X38Y69         FDRE (Hold_fdre_C_D)         0.131     1.824    core/g_slave.silence_reg[8]
  -------------------------------------------------------------------
                         required time                         -1.824    
                         arrival time                           1.885    
  -------------------------------------------------------------------
                         slack                                  0.061    





Pulse Width Checks
--------------------------------------------------------------------------------------
Clock Name:         local50
Waveform(ns):       { 0.000 10.000 }
Period(ns):         20.000
Sources:            { clk50 }

Check Type        Corner  Lib Pin  Reference Pin  Required(ns)  Actual(ns)  Slack(ns)  Location       Pin
Min Period        n/a     BUFG/I   n/a            2.155         20.000      17.845     BUFGCTRL_X0Y1  clk50_IBUF_BUFG_inst/I
Low Pulse Width   Slow    FDRE/C   n/a            0.500         10.000      9.500      SLICE_X40Y69   core/g_slave.alive_reg/C
High Pulse Width  Slow    FDRE/C   n/a            0.500         10.000      9.500      SLICE_X40Y69   core/g_slave.alive_reg/C



---------------------------------------------------------------------------------------------------
From Clock:  received50
  To Clock:  received50

Setup :           NA  Failing Endpoints,  Worst Slack           NA  ,  Total Violation           NA
Hold  :           NA  Failing Endpoints,  Worst Slack           NA  ,  Total Violation           NA
PW    :            0  Failing Endpoints,  Worst Slack        7.000ns,  Total Violation        0.000ns
---------------------------------------------------------------------------------------------------


Pulse Width Checks
--------------------------------------------------------------------------------------
Clock Name:         received50
Waveform(ns):       { 0.000 10.000 }
Period(ns):         20.000
Sources:            { sync_clk }

Check Type        Corner  Lib Pin            Reference Pin  Required(ns)  Actual(ns)  Slack(ns)  Location         Pin
Min Period        n/a     MMCME2_ADV/CLKIN1  n/a            1.249         20.000      18.751     MMCME2_ADV_X0Y0  core/clocks/g_hw.mmcm/CLKIN1
Max Period        n/a     MMCME2_ADV/CLKIN1  n/a            100.000       20.000      80.000     MMCME2_ADV_X0Y0  core/clocks/g_hw.mmcm/CLKIN1
Low Pulse Width   Slow    MMCME2_ADV/CLKIN1  n/a            3.000         10.000      7.000      MMCME2_ADV_X0Y0  core/clocks/g_hw.mmcm/CLKIN1
High Pulse Width  Slow    MMCME2_ADV/CLKIN1  n/a            3.000         10.000      7.000      MMCME2_ADV_X0Y0  core/clocks/g_hw.mmcm/CLKIN1



---------------------------------------------------------------------------------------------------
From Clock:  g_hw.feedback
  To Clock:  g_hw.feedback

Setup :           NA  Failing Endpoints,  Worst Slack           NA  ,  Total Violation           NA
Hold  :           NA  Failing Endpoints,  Worst Slack           NA  ,  Total Violation           NA
PW    :            0  Failing Endpoints,  Worst Slack       17.845ns,  Total Violation        0.000ns
---------------------------------------------------------------------------------------------------


Pulse Width Checks
--------------------------------------------------------------------------------------
Clock Name:         g_hw.feedback
Waveform(ns):       { 0.000 10.000 }
Period(ns):         20.000
Sources:            { core/clocks/g_hw.mmcm/CLKFBOUT }

Check Type  Corner  Lib Pin             Reference Pin  Required(ns)  Actual(ns)  Slack(ns)  Location         Pin
Min Period  n/a     BUFG/I              n/a            2.155         20.000      17.845     BUFGCTRL_X0Y2    core/clocks/g_hw.feedback_buffer/I
Max Period  n/a     MMCME2_ADV/CLKFBIN  n/a            100.000       20.000      80.000     MMCME2_ADV_X0Y0  core/clocks/g_hw.mmcm/CLKFBIN



---------------------------------------------------------------------------------------------------
From Clock:  g_hw.mmcm_clk
  To Clock:  g_hw.mmcm_clk

Setup :            0  Failing Endpoints,  Worst Slack        8.509ns,  Total Violation        0.000ns
Hold  :            0  Failing Endpoints,  Worst Slack        0.052ns,  Total Violation        0.000ns
PW    :            0  Failing Endpoints,  Worst Slack        9.500ns,  Total Violation        0.000ns
---------------------------------------------------------------------------------------------------


Max Delay Paths
--------------------------------------------------------------------------------------
Slack (MET) :             8.509ns  (required time - arrival time)
  Source:                 core/g_slave.receiver/decoder/payload_reg[5]/C
                            (rising edge-triggered cell FDRE clocked by g_hw.mmcm_clk  {rise@0.000ns fall@10.000ns period=20.000ns})
  Destination:            core/g_slave.receiver/reset_at_reg[1]/CE
                            (rising edge-triggered cell FDRE clocked by g_hw.mmcm_clk  {rise@0.000ns fall@10.000ns period=20.000ns})
  Path Group:             g_hw.mmcm_clk
  Path Type:              Setup (Max at Slow Process Corner)
  Requirement:            20.000ns  (g_hw.mmcm_clk rise@20.000ns - g_hw.mmcm_clk rise@0.000ns)
  Data Path Delay:        10.639ns  (logic 4.017ns (37.756%)  route 6.622ns (62.244%))
  Logic Levels:           20  (CARRY4=16 LUT2=2 LUT3=1 LUT6=1)
  Clock Path Skew:        -0.146ns (DCD - SCD + CPR)
    Destination Clock Delay (DCD):    -1.368ns = ( 18.632 - 20.000 ) 
    Source Clock Delay      (SCD):    -0.635ns
    Clock Pessimism Removal (CPR):    0.587ns
  Clock Uncertainty:      0.296ns  ((TSJ^2 + DJ^2)^1/2) / 2 + PE + UU
    Total System Jitter     (TSJ):    0.071ns
    Discrete Jitter          (DJ):    0.179ns
    Phase Error              (PE):    0.000ns
    User Uncertainty         (UU):    0.200ns

    Location             Delay type                Incr(ns)  Path(ns)    Netlist Resource(s)
  -------------------------------------------------------------------    -------------------
                         (clock g_hw.mmcm_clk rise edge)
                                                      0.000     0.000 r  
    N20                                               0.000     0.000 r  sync_clk (IN)
                         net (fo=0)                   0.000     0.000    core/clocks/sync_clk
    N20                  IBUF (Prop_ibuf_I_O)         1.494     1.494 r  core/clocks/g_hw.input_buffer/O
                         net (fo=1, routed)           1.285     2.779    core/clocks/g_hw.ibuf_clk
    MMCME2_ADV_X0Y0      MMCME2_ADV (Prop_mmcme2_adv_CLKIN1_CLKOUT0)
                                                     -7.010    -4.231 r  core/clocks/g_hw.mmcm/CLKOUT0
                         net (fo=1, routed)           1.760    -2.471    core/clocks/g_hw.mmcm_clk
    BUFGCTRL_X0Y0        BUFG (Prop_bufg_I_O)         0.101    -2.370 r  core/clocks/g_hw.output_buffer/O
                         net (fo=601, routed)         1.735    -0.635    core/g_slave.receiver/decoder/clk
    SLICE_X41Y83         FDRE                                         r  core/g_slave.receiver/decoder/payload_reg[5]/C
  -------------------------------------------------------------------    -------------------
    SLICE_X41Y83         FDRE (Prop_fdre_C_Q)         0.419    -0.216 r  core/g_slave.receiver/decoder/payload_reg[5]/Q
                         net (fo=8, routed)           1.795     1.579    core/g_slave.receiver/decoder/Q[5]
    SLICE_X33Y75         LUT2 (Prop_lut2_I0_O)        0.297     1.876 r  core/g_slave.receiver/decoder/sync_locked5_carry_i_13/O
                         net (fo=1, routed)           0.000     1.876    core/g_slave.receiver/decoder/sync_locked5_carry_i_13_n_0
    SLICE_X33Y75         CARRY4 (Prop_carry4_S[1]_CO[3])
                                                      0.550     2.426 r  core/g_slave.receiver/decoder/sync_locked5_carry_i_9/CO[3]
                         net (fo=1, routed)           0.000     2.426    core/g_slave.receiver/decoder/sync_locked5_carry_i_9_n_0
    SLICE_X33Y76         CARRY4 (Prop_carry4_CI_CO[3])
                                                      0.114     2.540 r  core/g_slave.receiver/decoder/sync_locked5_carry__0_i_10/CO[3]
                         net (fo=1, routed)           0.000     2.540    core/g_slave.receiver/decoder/sync_locked5_carry__0_i_10_n_0
    SLICE_X33Y77         CARRY4 (Prop_carry4_CI_CO[3])
                                                      0.114     2.654 r  core/g_slave.receiver/decoder/sync_locked5_carry__0_i_9/CO[3]
                         net (fo=1, routed)           0.000     2.654    core/g_slave.receiver/decoder/sync_locked5_carry__0_i_9_n_0
    SLICE_X33Y78         CARRY4 (Prop_carry4_CI_CO[3])
                                                      0.114     2.768 r  core/g_slave.receiver/decoder/sync_locked5_carry__1_i_10/CO[3]
                         net (fo=1, routed)           0.000     2.768    core/g_slave.receiver/decoder/sync_locked5_carry__1_i_10_n_0
    SLICE_X33Y79         CARRY4 (Prop_carry4_CI_CO[3])
                                                      0.114     2.882 r  core/g_slave.receiver/decoder/sync_locked5_carry__1_i_9/CO[3]
                         net (fo=1, routed)           0.000     2.882    core/g_slave.receiver/decoder/sync_locked5_carry__1_i_9_n_0
    SLICE_X33Y80         CARRY4 (Prop_carry4_CI_CO[3])
                                                      0.114     2.996 r  core/g_slave.receiver/decoder/sync_locked5_carry__2_i_10/CO[3]
                         net (fo=1, routed)           0.000     2.996    core/g_slave.receiver/decoder/sync_locked5_carry__2_i_10_n_0
    SLICE_X33Y81         CARRY4 (Prop_carry4_CI_CO[3])
                                                      0.114     3.110 r  core/g_slave.receiver/decoder/sync_locked5_carry__2_i_9/CO[3]
                         net (fo=1, routed)           0.000     3.110    core/g_slave.receiver/decoder/sync_locked5_carry__2_i_9_n_0
    SLICE_X33Y82         CARRY4 (Prop_carry4_CI_CO[3])
                                                      0.114     3.224 r  core/g_slave.receiver/decoder/sync_locked5_carry__3_i_10/CO[3]
                         net (fo=1, routed)           0.000     3.224    core/g_slave.receiver/decoder/sync_locked5_carry__3_i_10_n_0
    SLICE_X33Y83         CARRY4 (Prop_carry4_CI_CO[3])
                                                      0.114     3.338 r  core/g_slave.receiver/decoder/sync_locked5_carry__3_i_9/CO[3]
                         net (fo=1, routed)           0.000     3.338    core/g_slave.receiver/decoder/sync_locked5_carry__3_i_9_n_0
    SLICE_X33Y84         CARRY4 (Prop_carry4_CI_CO[3])
                                                      0.114     3.452 r  core/g_slave.receiver/decoder/sync_locked5_carry__4_i_10/CO[3]
                         net (fo=1, routed)           0.000     3.452    core/g_slave.receiver/decoder/sync_locked5_carry__4_i_10_n_0
    SLICE_X33Y85         CARRY4 (Prop_carry4_CI_CO[3])
                                                      0.114     3.566 r  core/g_slave.receiver/decoder/sync_locked5_carry__4_i_9/CO[3]
                         net (fo=1, routed)           0.000     3.566    core/g_slave.receiver/decoder/sync_locked5_carry__4_i_9_n_0
    SLICE_X33Y86         CARRY4 (Prop_carry4_CI_CO[3])
                                                      0.114     3.680 r  core/g_slave.receiver/decoder/sync_locked5_carry__5_i_10/CO[3]
                         net (fo=1, routed)           0.000     3.680    core/g_slave.receiver/decoder/sync_locked5_carry__5_i_10_n_0
    SLICE_X33Y87         CARRY4 (Prop_carry4_CI_CO[3])
                                                      0.114     3.794 r  core/g_slave.receiver/decoder/sync_locked5_carry__5_i_9/CO[3]
                         net (fo=1, routed)           0.000     3.794    core/g_slave.receiver/decoder/sync_locked5_carry__5_i_9_n_0
    SLICE_X33Y88         CARRY4 (Prop_carry4_CI_CO[3])
                                                      0.114     3.908 r  core/g_slave.receiver/decoder/sync_locked5_carry__6_i_10/CO[3]
                         net (fo=1, routed)           0.000     3.908    core/g_slave.receiver/decoder/sync_locked5_carry__6_i_10_n_0
    SLICE_X33Y89         CARRY4 (Prop_carry4_CI_O[3])
                                                      0.313     4.221 f  core/g_slave.receiver/decoder/sync_locked5_carry__6_i_9/O[3]
                         net (fo=4, routed)           1.207     5.428    core/g_slave.receiver/decoder/event_lead[63]
    SLICE_X32Y83         LUT2 (Prop_lut2_I1_O)        0.306     5.734 r  core/g_slave.receiver/decoder/sync_locked5_carry__6_i_5/O
                         net (fo=1, routed)           0.000     5.734    core/g_slave.receiver/decoder_n_125
    SLICE_X32Y83         CARRY4 (Prop_carry4_S[3]_CO[3])
                                                      0.376     6.110 r  core/g_slave.receiver/sync_locked5_carry__6/CO[3]
                         net (fo=2, routed)           1.145     7.255    core/g_slave.receiver/decoder/trigger_at_reg[0]_0[0]
    SLICE_X38Y83         LUT6 (Prop_lut6_I5_O)        0.124     7.379 r  core/g_slave.receiver/decoder/reset_at[63]_i_2/O
                         net (fo=4, routed)           0.464     7.843    core/g_slave.receiver/decoder/reset_at[63]_i_2_n_0
    SLICE_X38Y83         LUT3 (Prop_lut3_I2_O)        0.150     7.993 r  core/g_slave.receiver/decoder/reset_at[63]_i_1/O
                         net (fo=64, routed)          2.012    10.004    core/g_slave.receiver/reset_at_1[0]
    SLICE_X31Y72         FDRE                                         r  core/g_slave.receiver/reset_at_reg[1]/CE
  -------------------------------------------------------------------    -------------------

                         (clock g_hw.mmcm_clk rise edge)
                                                     20.000    20.000 r  
    N20                                               0.000    20.000 r  sync_clk (IN)
                         net (fo=0)                   0.000    20.000    core/clocks/sync_clk
    N20                  IBUF (Prop_ibuf_I_O)         1.423    21.423 r  core/clocks/g_hw.input_buffer/O
                         net (fo=1, routed)           1.162    22.585    core/clocks/g_hw.ibuf_clk
    MMCME2_ADV_X0Y0      MMCME2_ADV (Prop_mmcme2_adv_CLKIN1_CLKOUT0)
                                                     -7.118    15.467 r  core/clocks/g_hw.mmcm/CLKOUT0
                         net (fo=1, routed)           1.599    17.066    core/clocks/g_hw.mmcm_clk
    BUFGCTRL_X0Y0        BUFG (Prop_bufg_I_O)         0.091    17.157 r  core/clocks/g_hw.output_buffer/O
                         net (fo=601, routed)         1.475    18.632    core/g_slave.receiver/clk
    SLICE_X31Y72         FDRE                                         r  core/g_slave.receiver/reset_at_reg[1]/C
                         clock pessimism              0.587    19.219    
                         clock uncertainty           -0.296    18.923    
    SLICE_X31Y72         FDRE (Setup_fdre_C_CE)      -0.409    18.514    core/g_slave.receiver/reset_at_reg[1]
  -------------------------------------------------------------------
                         required time                         18.514    
                         arrival time                         -10.004    
  -------------------------------------------------------------------
                         slack                                  8.509    





Min Delay Paths
--------------------------------------------------------------------------------------
Slack (MET) :             0.052ns  (arrival time - required time)
  Source:                 core/g_slave.receiver/good_frames_reg[1]/C
                            (rising edge-triggered cell FDRE clocked by g_hw.mmcm_clk  {rise@0.000ns fall@10.000ns period=20.000ns})
  Destination:            core/g_slave.receiver/sync_locked_reg/D
                            (rising edge-triggered cell FDRE clocked by g_hw.mmcm_clk  {rise@0.000ns fall@10.000ns period=20.000ns})
  Path Group:             g_hw.mmcm_clk
  Path Type:              Hold (Min at Fast Process Corner)
  Requirement:            0.000ns  (g_hw.mmcm_clk rise@0.000ns - g_hw.mmcm_clk rise@0.000ns)
  Data Path Delay:        0.356ns  (logic 0.186ns (52.212%)  route 0.170ns (47.788%))
  Logic Levels:           1  (LUT6=1)
  Clock Path Skew:        0.013ns (DCD - SCD - CPR)
    Destination Clock Delay (DCD):    -0.741ns
    Source Clock Delay      (SCD):    -0.507ns
    Clock Pessimism Removal (CPR):    -0.247ns
  Clock Uncertainty:      0.200ns  ((TSJ^2 + DJ^2)^1/2) / 2 + PE + UU
    Total System Jitter     (TSJ):    0.000ns
    Discrete Jitter          (DJ):    0.000ns
    Phase Error              (PE):    0.000ns
    User Uncertainty         (UU):    0.200ns

    Location             Delay type                Incr(ns)  Path(ns)    Netlist Resource(s)
  -------------------------------------------------------------------    -------------------
                         (clock g_hw.mmcm_clk rise edge)
                                                      0.000     0.000 r  
    N20                                               0.000     0.000 r  sync_clk (IN)
                         net (fo=0)                   0.000     0.000    core/clocks/sync_clk
    N20                  IBUF (Prop_ibuf_I_O)         0.262     0.262 r  core/clocks/g_hw.input_buffer/O
                         net (fo=1, routed)           0.440     0.702    core/clocks/g_hw.ibuf_clk
    MMCME2_ADV_X0Y0      MMCME2_ADV (Prop_mmcme2_adv_CLKIN1_CLKOUT0)
                                                     -2.271    -1.570 r  core/clocks/g_hw.mmcm/CLKOUT0
                         net (fo=1, routed)           0.482    -1.088    core/clocks/g_hw.mmcm_clk
    BUFGCTRL_X0Y0        BUFG (Prop_bufg_I_O)         0.026    -1.062 r  core/clocks/g_hw.output_buffer/O
                         net (fo=601, routed)         0.555    -0.507    core/g_slave.receiver/clk
    SLICE_X26Y82         FDRE                                         r  core/g_slave.receiver/good_frames_reg[1]/C
  -------------------------------------------------------------------    -------------------
    SLICE_X26Y82         FDRE (Prop_fdre_C_Q)         0.141    -0.366 r  core/g_slave.receiver/good_frames_reg[1]/Q
                         net (fo=4, routed)           0.170    -0.196    core/g_slave.receiver/decoder/sync_locked0
    SLICE_X27Y82         LUT6 (Prop_lut6_I2_O)        0.045    -0.151 r  core/g_slave.receiver/decoder/sync_locked_i_1/O
                         net (fo=1, routed)           0.000    -0.151    core/g_slave.receiver/decoder_n_283
    SLICE_X27Y82         FDRE                                         r  core/g_slave.receiver/sync_locked_reg/D
  -------------------------------------------------------------------    -------------------

                         (clock g_hw.mmcm_clk rise edge)
                                                      0.000     0.000 r  
    N20                                               0.000     0.000 r  sync_clk (IN)
                         net (fo=0)                   0.000     0.000    core/clocks/sync_clk
    N20                  IBUF (Prop_ibuf_I_O)         0.450     0.450 r  core/clocks/g_hw.input_buffer/O
                         net (fo=1, routed)           0.480     0.930    core/clocks/g_hw.ibuf_clk
    MMCME2_ADV_X0Y0      MMCME2_ADV (Prop_mmcme2_adv_CLKIN1_CLKOUT0)
                                                     -3.050    -2.120 r  core/clocks/g_hw.mmcm/CLKOUT0
                         net (fo=1, routed)           0.528    -1.592    core/clocks/g_hw.mmcm_clk
    BUFGCTRL_X0Y0        BUFG (Prop_bufg_I_O)         0.029    -1.563 r  core/clocks/g_hw.output_buffer/O
                         net (fo=601, routed)         0.822    -0.741    core/g_slave.receiver/clk
    SLICE_X27Y82         FDRE                                         r  core/g_slave.receiver/sync_locked_reg/C
                         clock pessimism              0.247    -0.494    
                         clock uncertainty            0.200    -0.294    
    SLICE_X27Y82         FDRE (Hold_fdre_C_D)         0.091    -0.203    core/g_slave.receiver/sync_locked_reg
  -------------------------------------------------------------------
                         required time                          0.203    
                         arrival time                          -0.151    
  -------------------------------------------------------------------
                         slack                                  0.052    





Pulse Width Checks
--------------------------------------------------------------------------------------
Clock Name:         g_hw.mmcm_clk
Waveform(ns):       { 0.000 10.000 }
Period(ns):         20.000
Sources:            { core/clocks/g_hw.mmcm/CLKOUT0 }

Check Type        Corner  Lib Pin             Reference Pin  Required(ns)  Actual(ns)  Slack(ns)  Location         Pin
Min Period        n/a     BUFG/I              n/a            2.155         20.000      17.845     BUFGCTRL_X0Y0    core/clocks/g_hw.output_buffer/I
Max Period        n/a     MMCME2_ADV/CLKOUT0  n/a            213.360       20.000      193.360    MMCME2_ADV_X0Y0  core/clocks/g_hw.mmcm/CLKOUT0
Low Pulse Width   Slow    FDCE/C              n/a            0.500         10.000      9.500      SLICE_X42Y75     core/g_link_reset.release_pipe_reg[0]/C
High Pulse Width  Slow    FDCE/C              n/a            0.500         10.000      9.500      SLICE_X42Y75     core/g_link_reset.release_pipe_reg[0]/C



---------------------------------------------------------------------------------------------------
From Clock:  g_hw.mmcm_clk
  To Clock:  local50

Setup :            0  Failing Endpoints,  Worst Slack       14.158ns,  Total Violation        0.000ns
Hold  :            0  Failing Endpoints,  Worst Slack        1.691ns,  Total Violation        0.000ns
---------------------------------------------------------------------------------------------------


Max Delay Paths
--------------------------------------------------------------------------------------
Slack (MET) :             14.158ns  (required time - arrival time)
  Source:                 core/g_slave.clock_heartbeat_reg[4]/C
                            (rising edge-triggered cell FDRE clocked by g_hw.mmcm_clk  {rise@0.000ns fall@10.000ns period=20.000ns})
  Destination:            core/g_slave.heartbeat_pipe_reg[0]/D
                            (rising edge-triggered cell FDRE clocked by local50  {rise@0.000ns fall@10.000ns period=20.000ns})
  Path Group:             local50
  Path Type:              Setup (Max at Slow Process Corner)
  Requirement:            20.000ns  (local50 rise@20.000ns - g_hw.mmcm_clk rise@0.000ns)
  Data Path Delay:        10.682ns  (logic 0.478ns (4.475%)  route 10.204ns (95.525%))
  Logic Levels:           0  
  Clock Path Skew:        5.586ns (DCD - SCD + CPR)
    Destination Clock Delay (DCD):    4.948ns = ( 24.948 - 20.000 ) 
    Source Clock Delay      (SCD):    -0.638ns
    Clock Pessimism Removal (CPR):    0.000ns
  Clock Uncertainty:      0.474ns  ((TSJ^2 + TIJ^2 + DJ^2)^1/2) / 2 + PE + UU
    Total System Jitter     (TSJ):    0.071ns
    Total Input Jitter      (TIJ):    0.100ns
    Discrete Jitter          (DJ):    0.179ns
    Phase Error              (PE):    0.165ns
    User Uncertainty         (UU):    0.200ns
  Clock Domain Crossing:  Inter clock paths are considered valid unless explicitly excluded by timing constraints such as set_clock_groups or set_false_path.

    Location             Delay type                Incr(ns)  Path(ns)    Netlist Resource(s)
  -------------------------------------------------------------------    -------------------
                         (clock g_hw.mmcm_clk rise edge)
                                                      0.000     0.000 r  
    N20                                               0.000     0.000 r  sync_clk (IN)
                         net (fo=0)                   0.000     0.000    core/clocks/sync_clk
    N20                  IBUF (Prop_ibuf_I_O)         1.494     1.494 r  core/clocks/g_hw.input_buffer/O
                         net (fo=1, routed)           1.285     2.779    core/clocks/g_hw.ibuf_clk
    MMCME2_ADV_X0Y0      MMCME2_ADV (Prop_mmcme2_adv_CLKIN1_CLKOUT0)
                                                     -7.010    -4.231 r  core/clocks/g_hw.mmcm/CLKOUT0
                         net (fo=1, routed)           1.760    -2.471    core/clocks/g_hw.mmcm_clk
    BUFGCTRL_X0Y0        BUFG (Prop_bufg_I_O)         0.101    -2.370 r  core/clocks/g_hw.output_buffer/O
                         net (fo=601, routed)         1.732    -0.638    core/clk
    SLICE_X42Y68         FDRE                                         r  core/g_slave.clock_heartbeat_reg[4]/C
  -------------------------------------------------------------------    -------------------
    SLICE_X42Y68         FDRE (Prop_fdre_C_Q)         0.478    -0.160 r  core/g_slave.clock_heartbeat_reg[4]/Q
                         net (fo=2, routed)          10.204    10.044    core/g_slave.clock_heartbeat_reg[4]
    SLICE_X41Y68         FDRE                                         r  core/g_slave.heartbeat_pipe_reg[0]/D
  -------------------------------------------------------------------    -------------------

                         (clock local50 rise edge)   20.000    20.000 r  
    N18                                               0.000    20.000 r  clk50 (IN)
                         net (fo=0)                   0.000    20.000    clk50
    N18                  IBUF (Prop_ibuf_I_O)         1.421    21.421 r  clk50_IBUF_inst/O
                         net (fo=1, routed)           1.880    23.301    clk50_IBUF
    BUFGCTRL_X0Y1        BUFG (Prop_bufg_I_O)         0.091    23.392 r  clk50_IBUF_BUFG_inst/O
                         net (fo=14, routed)          1.556    24.948    core/CLK
    SLICE_X41Y68         FDRE                                         r  core/g_slave.heartbeat_pipe_reg[0]/C
                         clock pessimism              0.000    24.948    
                         clock uncertainty           -0.474    24.475    
    SLICE_X41Y68         FDRE (Setup_fdre_C_D)       -0.272    24.203    core/g_slave.heartbeat_pipe_reg[0]
  -------------------------------------------------------------------
                         required time                         24.203    
                         arrival time                         -10.044    
  -------------------------------------------------------------------
                         slack                                 14.158    





Min Delay Paths
--------------------------------------------------------------------------------------
Slack (MET) :             1.691ns  (arrival time - required time)
  Source:                 core/g_slave.clock_heartbeat_reg[4]/C
                            (rising edge-triggered cell FDRE clocked by g_hw.mmcm_clk  {rise@0.000ns fall@10.000ns period=20.000ns})
  Destination:            core/g_slave.heartbeat_pipe_reg[0]/D
                            (rising edge-triggered cell FDRE clocked by local50  {rise@0.000ns fall@10.000ns period=20.000ns})
  Path Group:             local50
  Path Type:              Hold (Min at Fast Process Corner)
  Requirement:            0.000ns  (local50 rise@0.000ns - g_hw.mmcm_clk rise@0.000ns)
  Data Path Delay:        4.646ns  (logic 0.148ns (3.185%)  route 4.498ns (96.815%))
  Logic Levels:           0  
  Clock Path Skew:        2.490ns (DCD - SCD - CPR)
    Destination Clock Delay (DCD):    2.011ns
    Source Clock Delay      (SCD):    -0.479ns
    Clock Pessimism Removal (CPR):    -0.000ns
  Clock Uncertainty:      0.474ns  ((TSJ^2 + TIJ^2 + DJ^2)^1/2) / 2 + PE + UU
    Total System Jitter     (TSJ):    0.071ns
    Total Input Jitter      (TIJ):    0.100ns
    Discrete Jitter          (DJ):    0.179ns
    Phase Error              (PE):    0.165ns
    User Uncertainty         (UU):    0.200ns
  Clock Domain Crossing:  Inter clock paths are considered valid unless explicitly excluded by timing constraints such as set_clock_groups or set_false_path.

    Location             Delay type                Incr(ns)  Path(ns)    Netlist Resource(s)
  -------------------------------------------------------------------    -------------------
                         (clock g_hw.mmcm_clk rise edge)
                                                      0.000     0.000 r  
    N20                                               0.000     0.000 r  sync_clk (IN)
                         net (fo=0)                   0.000     0.000    core/clocks/sync_clk
    N20                  IBUF (Prop_ibuf_I_O)         0.262     0.262 r  core/clocks/g_hw.input_buffer/O
                         net (fo=1, routed)           0.440     0.702    core/clocks/g_hw.ibuf_clk
    MMCME2_ADV_X0Y0      MMCME2_ADV (Prop_mmcme2_adv_CLKIN1_CLKOUT0)
                                                     -2.271    -1.570 r  core/clocks/g_hw.mmcm/CLKOUT0
                         net (fo=1, routed)           0.482    -1.088    core/clocks/g_hw.mmcm_clk
    BUFGCTRL_X0Y0        BUFG (Prop_bufg_I_O)         0.026    -1.062 r  core/clocks/g_hw.output_buffer/O
                         net (fo=601, routed)         0.583    -0.479    core/clk
    SLICE_X42Y68         FDRE                                         r  core/g_slave.clock_heartbeat_reg[4]/C
  -------------------------------------------------------------------    -------------------
    SLICE_X42Y68         FDRE (Prop_fdre_C_Q)         0.148    -0.331 r  core/g_slave.clock_heartbeat_reg[4]/Q
                         net (fo=2, routed)           4.498     4.167    core/g_slave.clock_heartbeat_reg[4]
    SLICE_X41Y68         FDRE                                         r  core/g_slave.heartbeat_pipe_reg[0]/D
  -------------------------------------------------------------------    -------------------

                         (clock local50 rise edge)    0.000     0.000 r  
    N18                                               0.000     0.000 r  clk50 (IN)
                         net (fo=0)                   0.000     0.000    clk50
    N18                  IBUF (Prop_ibuf_I_O)         0.448     0.448 r  clk50_IBUF_inst/O
                         net (fo=1, routed)           0.683     1.131    clk50_IBUF
    BUFGCTRL_X0Y1        BUFG (Prop_bufg_I_O)         0.029     1.160 r  clk50_IBUF_BUFG_inst/O
                         net (fo=14, routed)          0.851     2.011    core/CLK
    SLICE_X41Y68         FDRE                                         r  core/g_slave.heartbeat_pipe_reg[0]/C
                         clock pessimism              0.000     2.011    
                         clock uncertainty            0.474     2.484    
    SLICE_X41Y68         FDRE (Hold_fdre_C_D)        -0.008     2.476    core/g_slave.heartbeat_pipe_reg[0]
  -------------------------------------------------------------------
                         required time                         -2.476    
                         arrival time                           4.167    
  -------------------------------------------------------------------
                         slack                                  1.691    





---------------------------------------------------------------------------------------------------
From Clock:  local50
  To Clock:  received50

Setup :            0  Failing Endpoints,  Worst Slack        1.324ns,  Total Violation        0.000ns
Hold  :            0  Failing Endpoints,  Worst Slack        4.551ns,  Total Violation        0.000ns
---------------------------------------------------------------------------------------------------


Max Delay Paths
--------------------------------------------------------------------------------------
Slack (MET) :             1.324ns  (required time - arrival time)
  Source:                 core/g_slave.alive_reg/C
                            (rising edge-triggered cell FDRE clocked by local50  {rise@0.000ns fall@10.000ns period=20.000ns})
  Destination:            trigger_out
                            (output port clocked by received50  {rise@0.000ns fall@10.000ns period=20.000ns})
  Path Group:             received50
  Path Type:              Max at Slow Process Corner
  Requirement:            20.000ns  (received50 rise@20.000ns - local50 rise@0.000ns)
  Data Path Delay:        7.997ns  (logic 4.566ns (57.097%)  route 3.431ns (42.903%))
  Logic Levels:           2  (LUT5=1 OBUF=1)
  Output Delay:           5.000ns
  Clock Path Skew:        -5.400ns (DCD - SCD + CPR)
    Destination Clock Delay (DCD):    0.000ns = ( 20.000 - 20.000 ) 
    Source Clock Delay      (SCD):    5.400ns
    Clock Pessimism Removal (CPR):    0.000ns
  Clock Uncertainty:      0.279ns  ((TSJ^2 + TIJ^2)^1/2 + DJ) / 2 + PE + UU
    Total System Jitter     (TSJ):    0.071ns
    Total Input Jitter      (TIJ):    0.141ns
    Discrete Jitter          (DJ):    0.000ns
    Phase Error              (PE):    0.000ns
    User Uncertainty         (UU):    0.200ns
  Clock Domain Crossing:  Inter clock paths are considered valid unless explicitly excluded by timing constraints such as set_clock_groups or set_false_path.

    Location             Delay type                Incr(ns)  Path(ns)    Netlist Resource(s)
  -------------------------------------------------------------------    -------------------
                         (clock local50 rise edge)    0.000     0.000 r  
    N18                                               0.000     0.000 r  clk50 (IN)
                         net (fo=0)                   0.000     0.000    clk50
    N18                  IBUF (Prop_ibuf_I_O)         1.492     1.492 r  clk50_IBUF_inst/O
                         net (fo=1, routed)           2.076     3.568    clk50_IBUF
    BUFGCTRL_X0Y1        BUFG (Prop_bufg_I_O)         0.101     3.669 r  clk50_IBUF_BUFG_inst/O
                         net (fo=14, routed)          1.731     5.400    core/CLK
    SLICE_X40Y69         FDRE                                         r  core/g_slave.alive_reg/C
  -------------------------------------------------------------------    -------------------
    SLICE_X40Y69         FDRE (Prop_fdre_C_Q)         0.456     5.856 r  core/g_slave.alive_reg/Q
                         net (fo=6, routed)           0.590     6.446    core/g_slave.receiver/g_slave.alive
    SLICE_X43Y69         LUT5 (Prop_lut5_I4_O)        0.124     6.570 r  core/g_slave.receiver/trigger_out_OBUF_inst_i_1/O
                         net (fo=1, routed)           2.841     9.411    trigger_out_OBUF
    P20                  OBUF (Prop_obuf_I_O)         3.986    13.397 r  trigger_out_OBUF_inst/O
                         net (fo=0)                   0.000    13.397    trigger_out
    P20                                                               r  trigger_out (OUT)
  -------------------------------------------------------------------    -------------------

                         (clock received50 rise edge)
                                                     20.000    20.000 r  
                         clock pessimism              0.000    20.000    
                         clock uncertainty           -0.279    19.721    
                         output delay                -5.000    14.721    
  -------------------------------------------------------------------
                         required time                         14.721    
                         arrival time                         -13.397    
  -------------------------------------------------------------------
                         slack                                  1.324    





Min Delay Paths
--------------------------------------------------------------------------------------
Slack (MET) :             4.551ns  (arrival time - required time)
  Source:                 core/g_slave.alive_reg/C
                            (rising edge-triggered cell FDRE clocked by local50  {rise@0.000ns fall@10.000ns period=20.000ns})
  Destination:            led_n[1]
                            (output port clocked by received50  {rise@0.000ns fall@10.000ns period=20.000ns})
  Path Group:             received50
  Path Type:              Min at Fast Process Corner
  Requirement:            0.000ns  (received50 rise@0.000ns - local50 rise@0.000ns)
  Data Path Delay:        2.836ns  (logic 2.169ns (76.499%)  route 0.666ns (23.501%))
  Logic Levels:           2  (LUT4=1 OBUF=1)
  Output Delay:           0.500ns
  Clock Path Skew:        -1.495ns (DCD - SCD - CPR)
    Destination Clock Delay (DCD):    0.000ns
    Source Clock Delay      (SCD):    1.495ns
    Clock Pessimism Removal (CPR):    -0.000ns
  Clock Uncertainty:      0.279ns  ((TSJ^2 + TIJ^2)^1/2 + DJ) / 2 + PE + UU
    Total System Jitter     (TSJ):    0.071ns
    Total Input Jitter      (TIJ):    0.141ns
    Discrete Jitter          (DJ):    0.000ns
    Phase Error              (PE):    0.000ns
    User Uncertainty         (UU):    0.200ns
  Clock Domain Crossing:  Inter clock paths are considered valid unless explicitly excluded by timing constraints such as set_clock_groups or set_false_path.

    Location             Delay type                Incr(ns)  Path(ns)    Netlist Resource(s)
  -------------------------------------------------------------------    -------------------
                         (clock local50 rise edge)    0.000     0.000 r  
    N18                                               0.000     0.000 r  clk50 (IN)
                         net (fo=0)                   0.000     0.000    clk50
    N18                  IBUF (Prop_ibuf_I_O)         0.260     0.260 r  clk50_IBUF_inst/O
                         net (fo=1, routed)           0.627     0.887    clk50_IBUF
    BUFGCTRL_X0Y1        BUFG (Prop_bufg_I_O)         0.026     0.913 r  clk50_IBUF_BUFG_inst/O
                         net (fo=14, routed)          0.582     1.495    core/CLK
    SLICE_X40Y69         FDRE                                         r  core/g_slave.alive_reg/C
  -------------------------------------------------------------------    -------------------
    SLICE_X40Y69         FDRE (Prop_fdre_C_Q)         0.141     1.636 f  core/g_slave.alive_reg/Q
                         net (fo=6, routed)           0.222     1.858    core/clocks/g_slave.alive
    SLICE_X43Y69         LUT4 (Prop_lut4_I0_O)        0.045     1.903 r  core/clocks/led_n_OBUF[1]_inst_i_1/O
                         net (fo=1, routed)           0.444     2.347    led_n_OBUF[1]
    K18                  OBUF (Prop_obuf_I_O)         1.983     4.330 r  led_n_OBUF[1]_inst/O
                         net (fo=0)                   0.000     4.330    led_n[1]
    K18                                                               r  led_n[1] (OUT)
  -------------------------------------------------------------------    -------------------

                         (clock received50 rise edge)
                                                      0.000     0.000 r  
                         clock pessimism              0.000     0.000    
                         clock uncertainty            0.279     0.279    
                         output delay                -0.500    -0.221    
  -------------------------------------------------------------------
                         required time                          0.221    
                         arrival time                           4.330    
  -------------------------------------------------------------------
                         slack                                  4.551    





---------------------------------------------------------------------------------------------------
From Clock:  g_hw.mmcm_clk
  To Clock:  received50

Setup :            0  Failing Endpoints,  Worst Slack        4.913ns,  Total Violation        0.000ns
Hold  :            0  Failing Endpoints,  Worst Slack        2.186ns,  Total Violation        0.000ns
---------------------------------------------------------------------------------------------------


Max Delay Paths
--------------------------------------------------------------------------------------
Slack (MET) :             4.913ns  (required time - arrival time)
  Source:                 core/g_slave.receiver/sync_locked_reg/C
                            (rising edge-triggered cell FDRE clocked by g_hw.mmcm_clk  {rise@0.000ns fall@10.000ns period=20.000ns})
  Destination:            waveform_out
                            (output port clocked by received50  {rise@0.000ns fall@10.000ns period=20.000ns})
  Path Group:             received50
  Path Type:              Max at Slow Process Corner
  Requirement:            20.000ns  (received50 rise@20.000ns - g_hw.mmcm_clk rise@0.000ns)
  Data Path Delay:        10.330ns  (logic 4.801ns (46.477%)  route 5.529ns (53.523%))
  Logic Levels:           2  (LUT5=1 OBUF=1)
  Output Delay:           5.000ns
  Clock Path Skew:        0.717ns (DCD - SCD + CPR)
    Destination Clock Delay (DCD):    0.000ns = ( 20.000 - 20.000 ) 
    Source Clock Delay      (SCD):    -0.717ns
    Clock Pessimism Removal (CPR):    0.000ns
  Clock Uncertainty:      0.474ns  ((TSJ^2 + TIJ^2 + DJ^2)^1/2) / 2 + PE + UU
    Total System Jitter     (TSJ):    0.071ns
    Total Input Jitter      (TIJ):    0.100ns
    Discrete Jitter          (DJ):    0.179ns
    Phase Error              (PE):    0.165ns
    User Uncertainty         (UU):    0.200ns

    Location             Delay type                Incr(ns)  Path(ns)    Netlist Resource(s)
  -------------------------------------------------------------------    -------------------
                         (clock g_hw.mmcm_clk rise edge)
                                                      0.000     0.000 r  
    N20                                               0.000     0.000 r  sync_clk (IN)
                         net (fo=0)                   0.000     0.000    core/clocks/sync_clk
    N20                  IBUF (Prop_ibuf_I_O)         1.494     1.494 r  core/clocks/g_hw.input_buffer/O
                         net (fo=1, routed)           1.285     2.779    core/clocks/g_hw.ibuf_clk
    MMCME2_ADV_X0Y0      MMCME2_ADV (Prop_mmcme2_adv_CLKIN1_CLKOUT0)
                                                     -7.010    -4.231 r  core/clocks/g_hw.mmcm/CLKOUT0
                         net (fo=1, routed)           1.760    -2.471    core/clocks/g_hw.mmcm_clk
    BUFGCTRL_X0Y0        BUFG (Prop_bufg_I_O)         0.101    -2.370 r  core/clocks/g_hw.output_buffer/O
                         net (fo=601, routed)         1.653    -0.717    core/g_slave.receiver/clk
    SLICE_X27Y82         FDRE                                         r  core/g_slave.receiver/sync_locked_reg/C
  -------------------------------------------------------------------    -------------------
    SLICE_X27Y82         FDRE (Prop_fdre_C_Q)         0.456    -0.261 r  core/g_slave.receiver/sync_locked_reg/Q
                         net (fo=72, routed)          3.206     2.945    core/g_slave.receiver/counter/timestamp_reg[59]_2
    SLICE_X43Y69         LUT5 (Prop_lut5_I2_O)        0.153     3.098 r  core/g_slave.receiver/counter/waveform_out_OBUF_inst_i_1/O
                         net (fo=1, routed)           2.323     5.421    waveform_out_OBUF
    R19                  OBUF (Prop_obuf_I_O)         4.192     9.613 r  waveform_out_OBUF_inst/O
                         net (fo=0)                   0.000     9.613    waveform_out
    R19                                                               r  waveform_out (OUT)
  -------------------------------------------------------------------    -------------------

                         (clock received50 rise edge)
                                                     20.000    20.000 r  
                         clock pessimism              0.000    20.000    
                         clock uncertainty           -0.474    19.526    
                         output delay                -5.000    14.526    
  -------------------------------------------------------------------
                         required time                         14.526    
                         arrival time                          -9.613    
  -------------------------------------------------------------------
                         slack                                  4.913    





Min Delay Paths
--------------------------------------------------------------------------------------
Slack (MET) :             2.186ns  (arrival time - required time)
  Source:                 core/g_slave.receiver/echo_toggle_reg/C
                            (rising edge-triggered cell FDRE clocked by g_hw.mmcm_clk  {rise@0.000ns fall@10.000ns period=20.000ns})
  Destination:            sync_echo
                            (output port clocked by received50  {rise@0.000ns fall@10.000ns period=20.000ns})
  Path Group:             received50
  Path Type:              Min at Fast Process Corner
  Requirement:            0.000ns  (received50 rise@0.000ns - g_hw.mmcm_clk rise@0.000ns)
  Data Path Delay:        2.636ns  (logic 2.181ns (82.754%)  route 0.455ns (17.246%))
  Logic Levels:           1  (OBUF=1)
  Output Delay:           0.500ns
  Clock Path Skew:        0.476ns (DCD - SCD - CPR)
    Destination Clock Delay (DCD):    0.000ns
    Source Clock Delay      (SCD):    -0.476ns
    Clock Pessimism Removal (CPR):    -0.000ns
  Clock Uncertainty:      0.474ns  ((TSJ^2 + TIJ^2 + DJ^2)^1/2) / 2 + PE + UU
    Total System Jitter     (TSJ):    0.071ns
    Total Input Jitter      (TIJ):    0.100ns
    Discrete Jitter          (DJ):    0.179ns
    Phase Error              (PE):    0.165ns
    User Uncertainty         (UU):    0.200ns

    Location             Delay type                Incr(ns)  Path(ns)    Netlist Resource(s)
  -------------------------------------------------------------------    -------------------
                         (clock g_hw.mmcm_clk rise edge)
                                                      0.000     0.000 r  
    N20                                               0.000     0.000 r  sync_clk (IN)
                         net (fo=0)                   0.000     0.000    core/clocks/sync_clk
    N20                  IBUF (Prop_ibuf_I_O)         0.262     0.262 r  core/clocks/g_hw.input_buffer/O
                         net (fo=1, routed)           0.440     0.702    core/clocks/g_hw.ibuf_clk
    MMCME2_ADV_X0Y0      MMCME2_ADV (Prop_mmcme2_adv_CLKIN1_CLKOUT0)
                                                     -2.271    -1.570 r  core/clocks/g_hw.mmcm/CLKOUT0
                         net (fo=1, routed)           0.482    -1.088    core/clocks/g_hw.mmcm_clk
    BUFGCTRL_X0Y0        BUFG (Prop_bufg_I_O)         0.026    -1.062 r  core/clocks/g_hw.output_buffer/O
                         net (fo=601, routed)         0.586    -0.476    core/g_slave.receiver/clk
    SLICE_X43Y86         FDRE                                         r  core/g_slave.receiver/echo_toggle_reg/C
  -------------------------------------------------------------------    -------------------
    SLICE_X43Y86         FDRE (Prop_fdre_C_Q)         0.141    -0.335 r  core/g_slave.receiver/echo_toggle_reg/Q
                         net (fo=2, routed)           0.455     0.120    sync_echo_OBUF
    M19                  OBUF (Prop_obuf_I_O)         2.040     2.160 r  sync_echo_OBUF_inst/O
                         net (fo=0)                   0.000     2.160    sync_echo
    M19                                                               r  sync_echo (OUT)
  -------------------------------------------------------------------    -------------------

                         (clock received50 rise edge)
                                                      0.000     0.000 r  
                         clock pessimism              0.000     0.000    
                         clock uncertainty            0.474     0.474    
                         output delay                -0.500    -0.026    
  -------------------------------------------------------------------
                         required time                          0.026    
                         arrival time                           2.160    
  -------------------------------------------------------------------
                         slack                                  2.186    





---------------------------------------------------------------------------------------------------
From Clock:  local50
  To Clock:  g_hw.mmcm_clk

Setup :            0  Failing Endpoints,  Worst Slack       11.997ns,  Total Violation        0.000ns
Hold  :            0  Failing Endpoints,  Worst Slack        1.942ns,  Total Violation        0.000ns
---------------------------------------------------------------------------------------------------


Max Delay Paths
--------------------------------------------------------------------------------------
Slack (MET) :             11.997ns  (required time - arrival time)
  Source:                 core/g_slave.alive_reg/C
                            (rising edge-triggered cell FDRE clocked by local50  {rise@0.000ns fall@10.000ns period=20.000ns})
  Destination:            core/g_slave.alive_pipe_reg[0]/D
                            (rising edge-triggered cell FDRE clocked by g_hw.mmcm_clk  {rise@0.000ns fall@10.000ns period=20.000ns})
  Path Group:             g_hw.mmcm_clk
  Path Type:              Setup (Max at Slow Process Corner)
  Requirement:            20.000ns  (g_hw.mmcm_clk rise@20.000ns - local50 rise@0.000ns)
  Data Path Delay:        0.794ns  (logic 0.456ns (57.417%)  route 0.338ns (42.583%))
  Logic Levels:           0  
  Clock Path Skew:        -6.689ns (DCD - SCD + CPR)
    Destination Clock Delay (DCD):    -1.288ns = ( 18.712 - 20.000 ) 
    Source Clock Delay      (SCD):    5.400ns
    Clock Pessimism Removal (CPR):    0.000ns
  Clock Uncertainty:      0.474ns  ((TSJ^2 + TIJ^2 + DJ^2)^1/2) / 2 + PE + UU
    Total System Jitter     (TSJ):    0.071ns
    Total Input Jitter      (TIJ):    0.100ns
    Discrete Jitter          (DJ):    0.179ns
    Phase Error              (PE):    0.165ns
    User Uncertainty         (UU):    0.200ns
  Clock Domain Crossing:  Inter clock paths are considered valid unless explicitly excluded by timing constraints such as set_clock_groups or set_false_path.

    Location             Delay type                Incr(ns)  Path(ns)    Netlist Resource(s)
  -------------------------------------------------------------------    -------------------
                         (clock local50 rise edge)    0.000     0.000 r  
    N18                                               0.000     0.000 r  clk50 (IN)
                         net (fo=0)                   0.000     0.000    clk50
    N18                  IBUF (Prop_ibuf_I_O)         1.492     1.492 r  clk50_IBUF_inst/O
                         net (fo=1, routed)           2.076     3.568    clk50_IBUF
    BUFGCTRL_X0Y1        BUFG (Prop_bufg_I_O)         0.101     3.669 r  clk50_IBUF_BUFG_inst/O
                         net (fo=14, routed)          1.731     5.400    core/CLK
    SLICE_X40Y69         FDRE                                         r  core/g_slave.alive_reg/C
  -------------------------------------------------------------------    -------------------
    SLICE_X40Y69         FDRE (Prop_fdre_C_Q)         0.456     5.856 r  core/g_slave.alive_reg/Q
                         net (fo=6, routed)           0.338     6.194    core/g_slave.alive
    SLICE_X42Y69         FDRE                                         r  core/g_slave.alive_pipe_reg[0]/D
  -------------------------------------------------------------------    -------------------

                         (clock g_hw.mmcm_clk rise edge)
                                                     20.000    20.000 r  
    N20                                               0.000    20.000 r  sync_clk (IN)
                         net (fo=0)                   0.000    20.000    core/clocks/sync_clk
    N20                  IBUF (Prop_ibuf_I_O)         1.423    21.423 r  core/clocks/g_hw.input_buffer/O
                         net (fo=1, routed)           1.162    22.585    core/clocks/g_hw.ibuf_clk
    MMCME2_ADV_X0Y0      MMCME2_ADV (Prop_mmcme2_adv_CLKIN1_CLKOUT0)
                                                     -7.118    15.467 r  core/clocks/g_hw.mmcm/CLKOUT0
                         net (fo=1, routed)           1.599    17.066    core/clocks/g_hw.mmcm_clk
    BUFGCTRL_X0Y0        BUFG (Prop_bufg_I_O)         0.091    17.157 r  core/clocks/g_hw.output_buffer/O
                         net (fo=601, routed)         1.555    18.712    core/clk
    SLICE_X42Y69         FDRE                                         r  core/g_slave.alive_pipe_reg[0]/C
                         clock pessimism              0.000    18.712    
                         clock uncertainty           -0.474    18.238    
    SLICE_X42Y69         FDRE (Setup_fdre_C_D)       -0.047    18.191    core/g_slave.alive_pipe_reg[0]
  -------------------------------------------------------------------
                         required time                         18.191    
                         arrival time                          -6.194    
  -------------------------------------------------------------------
                         slack                                 11.997    





Min Delay Paths
--------------------------------------------------------------------------------------
Slack (MET) :             1.942ns  (arrival time - required time)
  Source:                 core/g_slave.alive_reg/C
                            (rising edge-triggered cell FDRE clocked by local50  {rise@0.000ns fall@10.000ns period=20.000ns})
  Destination:            core/g_slave.alive_pipe_reg[0]/D
                            (rising edge-triggered cell FDRE clocked by g_hw.mmcm_clk  {rise@0.000ns fall@10.000ns period=20.000ns})
  Path Group:             g_hw.mmcm_clk
  Path Type:              Hold (Min at Fast Process Corner)
  Requirement:            0.000ns  (g_hw.mmcm_clk rise@0.000ns - local50 rise@0.000ns)
  Data Path Delay:        0.282ns  (logic 0.141ns (49.967%)  route 0.141ns (50.033%))
  Logic Levels:           0  
  Clock Path Skew:        -2.208ns (DCD - SCD - CPR)
    Destination Clock Delay (DCD):    -0.713ns
    Source Clock Delay      (SCD):    1.495ns
    Clock Pessimism Removal (CPR):    -0.000ns
  Clock Uncertainty:      0.474ns  ((TSJ^2 + TIJ^2 + DJ^2)^1/2) / 2 + PE + UU
    Total System Jitter     (TSJ):    0.071ns
    Total Input Jitter      (TIJ):    0.100ns
    Discrete Jitter          (DJ):    0.179ns
    Phase Error              (PE):    0.165ns
    User Uncertainty         (UU):    0.200ns
  Clock Domain Crossing:  Inter clock paths are considered valid unless explicitly excluded by timing constraints such as set_clock_groups or set_false_path.

    Location             Delay type                Incr(ns)  Path(ns)    Netlist Resource(s)
  -------------------------------------------------------------------    -------------------
                         (clock local50 rise edge)    0.000     0.000 r  
    N18                                               0.000     0.000 r  clk50 (IN)
                         net (fo=0)                   0.000     0.000    clk50
    N18                  IBUF (Prop_ibuf_I_O)         0.260     0.260 r  clk50_IBUF_inst/O
                         net (fo=1, routed)           0.627     0.887    clk50_IBUF
    BUFGCTRL_X0Y1        BUFG (Prop_bufg_I_O)         0.026     0.913 r  clk50_IBUF_BUFG_inst/O
                         net (fo=14, routed)          0.582     1.495    core/CLK
    SLICE_X40Y69         FDRE                                         r  core/g_slave.alive_reg/C
  -------------------------------------------------------------------    -------------------
    SLICE_X40Y69         FDRE (Prop_fdre_C_Q)         0.141     1.636 r  core/g_slave.alive_reg/Q
                         net (fo=6, routed)           0.141     1.777    core/g_slave.alive
    SLICE_X42Y69         FDRE                                         r  core/g_slave.alive_pipe_reg[0]/D
  -------------------------------------------------------------------    -------------------

                         (clock g_hw.mmcm_clk rise edge)
                                                      0.000     0.000 r  
    N20                                               0.000     0.000 r  sync_clk (IN)
                         net (fo=0)                   0.000     0.000    core/clocks/sync_clk
    N20                  IBUF (Prop_ibuf_I_O)         0.450     0.450 r  core/clocks/g_hw.input_buffer/O
                         net (fo=1, routed)           0.480     0.930    core/clocks/g_hw.ibuf_clk
    MMCME2_ADV_X0Y0      MMCME2_ADV (Prop_mmcme2_adv_CLKIN1_CLKOUT0)
                                                     -3.050    -2.120 r  core/clocks/g_hw.mmcm/CLKOUT0
                         net (fo=1, routed)           0.528    -1.592    core/clocks/g_hw.mmcm_clk
    BUFGCTRL_X0Y0        BUFG (Prop_bufg_I_O)         0.029    -1.563 r  core/clocks/g_hw.output_buffer/O
                         net (fo=601, routed)         0.850    -0.713    core/clk
    SLICE_X42Y69         FDRE                                         r  core/g_slave.alive_pipe_reg[0]/C
                         clock pessimism              0.000    -0.713    
                         clock uncertainty            0.474    -0.240    
    SLICE_X42Y69         FDRE (Hold_fdre_C_D)         0.075    -0.165    core/g_slave.alive_pipe_reg[0]
  -------------------------------------------------------------------
                         required time                          0.165    
                         arrival time                           1.777    
  -------------------------------------------------------------------
                         slack                                  1.942    





---------------------------------------------------------------------------------------------------
From Clock:  received50
  To Clock:  g_hw.mmcm_clk

Setup :            0  Failing Endpoints,  Worst Slack        0.199ns,  Total Violation        0.000ns
Hold  :            0  Failing Endpoints,  Worst Slack       11.414ns,  Total Violation        0.000ns
---------------------------------------------------------------------------------------------------


Max Delay Paths
--------------------------------------------------------------------------------------
Slack (MET) :             0.199ns  (required time - arrival time)
  Source:                 sync_data
                            (input port clocked by received50  {rise@0.000ns fall@10.000ns period=20.000ns})
  Destination:            core/g_slave.receiver/decoder/good_crc_reg/D
                            (rising edge-triggered cell FDRE clocked by g_hw.mmcm_clk  {rise@0.000ns fall@10.000ns period=20.000ns})
  Path Group:             g_hw.mmcm_clk
  Path Type:              Setup (Max at Slow Process Corner)
  Requirement:            10.000ns  (g_hw.mmcm_clk rise@20.000ns - received50 fall@10.000ns)
  Data Path Delay:        4.079ns  (logic 2.661ns (65.230%)  route 1.418ns (34.770%))
  Logic Levels:           5  (CARRY4=2 IBUF=1 LUT6=2)
  Input Delay:            4.000ns
  Clock Path Skew:        -1.280ns (DCD - SCD + CPR)
    Destination Clock Delay (DCD):    -1.280ns = ( 18.720 - 20.000 ) 
    Source Clock Delay      (SCD):    0.000ns = ( 10.000 - 10.000 ) 
    Clock Pessimism Removal (CPR):    0.000ns
  Clock Uncertainty:      0.474ns  ((TSJ^2 + TIJ^2 + DJ^2)^1/2) / 2 + PE + UU
    Total System Jitter     (TSJ):    0.071ns
    Total Input Jitter      (TIJ):    0.100ns
    Discrete Jitter          (DJ):    0.179ns
    Phase Error              (PE):    0.165ns
    User Uncertainty         (UU):    0.200ns

    Location             Delay type                Incr(ns)  Path(ns)    Netlist Resource(s)
  -------------------------------------------------------------------    -------------------
                         (clock received50 fall edge)
                                                     10.000    10.000 f  
                         input delay                  4.000    14.000    
    M18                                               0.000    14.000 r  sync_data (IN)
                         net (fo=0)                   0.000    14.000    sync_data
    M18                  IBUF (Prop_ibuf_I_O)         1.535    15.535 r  sync_data_IBUF_inst/O
                         net (fo=6, routed)           1.009    16.543    core/g_slave.receiver/decoder/sync_data_IBUF
    SLICE_X42Y85         LUT6 (Prop_lut6_I5_O)        0.124    16.667 r  core/g_slave.receiver/decoder/good_crc2_carry_i_4/O
                         net (fo=1, routed)           0.000    16.667    core/g_slave.receiver/decoder/good_crc2_carry_i_4_n_0
    SLICE_X42Y85         CARRY4 (Prop_carry4_S[0]_CO[3])
                                                      0.513    17.180 r  core/g_slave.receiver/decoder/good_crc2_carry/CO[3]
                         net (fo=1, routed)           0.000    17.180    core/g_slave.receiver/decoder/good_crc2_carry_n_0
    SLICE_X42Y86         CARRY4 (Prop_carry4_CI_CO[1])
                                                      0.157    17.337 r  core/g_slave.receiver/decoder/good_crc2_carry__0/CO[1]
                         net (fo=1, routed)           0.409    17.747    core/g_slave.receiver/decoder/good_crc28_in
    SLICE_X43Y88         LUT6 (Prop_lut6_I5_O)        0.332    18.079 r  core/g_slave.receiver/decoder/good_crc_i_1_comp/O
                         net (fo=1, routed)           0.000    18.079    core/g_slave.receiver/decoder/good_crc_i_1_n_0
    SLICE_X43Y88         FDRE                                         r  core/g_slave.receiver/decoder/good_crc_reg/D
  -------------------------------------------------------------------    -------------------

                         (clock g_hw.mmcm_clk rise edge)
                                                     20.000    20.000 r  
    N20                                               0.000    20.000 r  sync_clk (IN)
                         net (fo=0)                   0.000    20.000    core/clocks/sync_clk
    N20                  IBUF (Prop_ibuf_I_O)         1.423    21.423 r  core/clocks/g_hw.input_buffer/O
                         net (fo=1, routed)           1.162    22.585    core/clocks/g_hw.ibuf_clk
    MMCME2_ADV_X0Y0      MMCME2_ADV (Prop_mmcme2_adv_CLKIN1_CLKOUT0)
                                                     -7.118    15.467 r  core/clocks/g_hw.mmcm/CLKOUT0
                         net (fo=1, routed)           1.599    17.066    core/clocks/g_hw.mmcm_clk
    BUFGCTRL_X0Y0        BUFG (Prop_bufg_I_O)         0.091    17.157 r  core/clocks/g_hw.output_buffer/O
                         net (fo=601, routed)         1.563    18.720    core/g_slave.receiver/decoder/clk
    SLICE_X43Y88         FDRE                                         r  core/g_slave.receiver/decoder/good_crc_reg/C
                         clock pessimism              0.000    18.720    
                         clock uncertainty           -0.474    18.246    
    SLICE_X43Y88         FDRE (Setup_fdre_C_D)        0.032    18.278    core/g_slave.receiver/decoder/good_crc_reg
  -------------------------------------------------------------------
                         required time                         18.278    
                         arrival time                         -18.079    
  -------------------------------------------------------------------
                         slack                                  0.199    





Min Delay Paths
--------------------------------------------------------------------------------------
Slack (MET) :             11.414ns  (arrival time - required time)
  Source:                 sync_data
                            (input port clocked by received50  {rise@0.000ns fall@10.000ns period=20.000ns})
  Destination:            core/g_slave.receiver/decoder/rx_crc_reg[0]/D
                            (rising edge-triggered cell FDRE clocked by g_hw.mmcm_clk  {rise@0.000ns fall@10.000ns period=20.000ns})
  Path Group:             g_hw.mmcm_clk
  Path Type:              Hold (Min at Fast Process Corner)
  Requirement:            -10.000ns  (g_hw.mmcm_clk rise@0.000ns - received50 fall@10.000ns)
  Data Path Delay:        0.750ns  (logic 0.302ns (40.276%)  route 0.448ns (59.725%))
  Logic Levels:           1  (IBUF=1)
  Input Delay:            0.500ns
  Clock Path Skew:        -0.709ns (DCD - SCD - CPR)
    Destination Clock Delay (DCD):    -0.709ns
    Source Clock Delay      (SCD):    0.000ns = ( 10.000 - 10.000 ) 
    Clock Pessimism Removal (CPR):    -0.000ns
  Clock Uncertainty:      0.474ns  ((TSJ^2 + TIJ^2 + DJ^2)^1/2) / 2 + PE + UU
    Total System Jitter     (TSJ):    0.071ns
    Total Input Jitter      (TIJ):    0.100ns
    Discrete Jitter          (DJ):    0.179ns
    Phase Error              (PE):    0.165ns
    User Uncertainty         (UU):    0.200ns

    Location             Delay type                Incr(ns)  Path(ns)    Netlist Resource(s)
  -------------------------------------------------------------------    -------------------
                         (clock received50 fall edge)
                                                     10.000    10.000 f  
                         input delay                  0.500    10.500    
    M18                                               0.000    10.500 r  sync_data (IN)
                         net (fo=0)                   0.000    10.500    sync_data
    M18                  IBUF (Prop_ibuf_I_O)         0.302    10.802 r  sync_data_IBUF_inst/O
                         net (fo=6, routed)           0.448    11.250    core/g_slave.receiver/decoder/sync_data_IBUF
    SLICE_X43Y84         FDRE                                         r  core/g_slave.receiver/decoder/rx_crc_reg[0]/D
  -------------------------------------------------------------------    -------------------

                         (clock g_hw.mmcm_clk rise edge)
                                                      0.000     0.000 r  
    N20                                               0.000     0.000 r  sync_clk (IN)
                         net (fo=0)                   0.000     0.000    core/clocks/sync_clk
    N20                  IBUF (Prop_ibuf_I_O)         0.450     0.450 r  core/clocks/g_hw.input_buffer/O
                         net (fo=1, routed)           0.480     0.930    core/clocks/g_hw.ibuf_clk
    MMCME2_ADV_X0Y0      MMCME2_ADV (Prop_mmcme2_adv_CLKIN1_CLKOUT0)
                                                     -3.050    -2.120 r  core/clocks/g_hw.mmcm/CLKOUT0
                         net (fo=1, routed)           0.528    -1.592    core/clocks/g_hw.mmcm_clk
    BUFGCTRL_X0Y0        BUFG (Prop_bufg_I_O)         0.029    -1.563 r  core/clocks/g_hw.output_buffer/O
                         net (fo=601, routed)         0.854    -0.709    core/g_slave.receiver/decoder/clk
    SLICE_X43Y84         FDRE                                         r  core/g_slave.receiver/decoder/rx_crc_reg[0]/C
                         clock pessimism              0.000    -0.709    
                         clock uncertainty            0.474    -0.236    
    SLICE_X43Y84         FDRE (Hold_fdre_C_D)         0.071    -0.165    core/g_slave.receiver/decoder/rx_crc_reg[0]
  -------------------------------------------------------------------
                         required time                          0.165    
                         arrival time                          11.250    
  -------------------------------------------------------------------
                         slack                                 11.414    





---------------------------------------------------------------------------------------------------
Path Group:  **async_default**
From Clock:  local50
  To Clock:  g_hw.mmcm_clk

Setup :            0  Failing Endpoints,  Worst Slack        6.167ns,  Total Violation        0.000ns
Hold  :            0  Failing Endpoints,  Worst Slack        3.094ns,  Total Violation        0.000ns
---------------------------------------------------------------------------------------------------


Max Delay Paths
--------------------------------------------------------------------------------------
Slack (MET) :             6.167ns  (required time - arrival time)
  Source:                 rst_n
                            (input port clocked by local50  {rise@0.000ns fall@10.000ns period=20.000ns})
  Destination:            core/reset_release_reg[0]/CLR
                            (recovery check against rising-edge clock g_hw.mmcm_clk  {rise@0.000ns fall@10.000ns period=20.000ns})
  Path Group:             **async_default**
  Path Type:              Recovery (Max at Slow Process Corner)
  Requirement:            20.000ns  (g_hw.mmcm_clk rise@20.000ns - local50 rise@0.000ns)
  Data Path Delay:        6.464ns  (logic 1.618ns (25.035%)  route 4.846ns (74.965%))
  Logic Levels:           2  (IBUF=1 LUT1=1)
  Input Delay:            5.000ns
  Clock Path Skew:        -1.288ns (DCD - SCD + CPR)
    Destination Clock Delay (DCD):    -1.288ns = ( 18.712 - 20.000 ) 
    Source Clock Delay      (SCD):    0.000ns
    Clock Pessimism Removal (CPR):    0.000ns
  Clock Uncertainty:      0.474ns  ((TSJ^2 + TIJ^2 + DJ^2)^1/2) / 2 + PE + UU
    Total System Jitter     (TSJ):    0.071ns
    Total Input Jitter      (TIJ):    0.100ns
    Discrete Jitter          (DJ):    0.179ns
    Phase Error              (PE):    0.165ns
    User Uncertainty         (UU):    0.200ns
  Clock Domain Crossing:  Inter clock paths are considered valid unless explicitly excluded by timing constraints such as set_clock_groups or set_false_path.

    Location             Delay type                Incr(ns)  Path(ns)    Netlist Resource(s)
  -------------------------------------------------------------------    -------------------
                         (clock local50 rise edge)    0.000     0.000 r  
                         input delay                  5.000     5.000    
    G19                                               0.000     5.000 r  rst_n (IN)
                         net (fo=0)                   0.000     5.000    rst_n
    G19                  IBUF (Prop_ibuf_I_O)         1.468     6.468 r  rst_n_IBUF_inst/O
                         net (fo=3, routed)           3.385     9.854    core/clocks/rst_n_IBUF
    SLICE_X40Y68         LUT1 (Prop_lut1_I0_O)        0.150    10.004 f  core/clocks/g_hw.mmcm_i_1/O
                         net (fo=7, routed)           1.460    11.464    core/clocks_n_1
    SLICE_X43Y69         FDCE                                         f  core/reset_release_reg[0]/CLR
  -------------------------------------------------------------------    -------------------

                         (clock g_hw.mmcm_clk rise edge)
                                                     20.000    20.000 r  
    N20                                               0.000    20.000 r  sync_clk (IN)
                         net (fo=0)                   0.000    20.000    core/clocks/sync_clk
    N20                  IBUF (Prop_ibuf_I_O)         1.423    21.423 r  core/clocks/g_hw.input_buffer/O
                         net (fo=1, routed)           1.162    22.585    core/clocks/g_hw.ibuf_clk
    MMCME2_ADV_X0Y0      MMCME2_ADV (Prop_mmcme2_adv_CLKIN1_CLKOUT0)
                                                     -7.118    15.467 r  core/clocks/g_hw.mmcm/CLKOUT0
                         net (fo=1, routed)           1.599    17.066    core/clocks/g_hw.mmcm_clk
    BUFGCTRL_X0Y0        BUFG (Prop_bufg_I_O)         0.091    17.157 r  core/clocks/g_hw.output_buffer/O
                         net (fo=601, routed)         1.555    18.712    core/clk
    SLICE_X43Y69         FDCE                                         r  core/reset_release_reg[0]/C
                         clock pessimism              0.000    18.712    
                         clock uncertainty           -0.474    18.238    
    SLICE_X43Y69         FDCE (Recov_fdce_C_CLR)     -0.607    17.631    core/reset_release_reg[0]
  -------------------------------------------------------------------
                         required time                         17.631    
                         arrival time                         -11.464    
  -------------------------------------------------------------------
                         slack                                  6.167    





Min Delay Paths
--------------------------------------------------------------------------------------
Slack (MET) :             3.094ns  (arrival time - required time)
  Source:                 rst_n
                            (input port clocked by local50  {rise@0.000ns fall@10.000ns period=20.000ns})
  Destination:            core/reset_release_reg[0]/CLR
                            (removal check against rising-edge clock g_hw.mmcm_clk  {rise@0.000ns fall@10.000ns period=20.000ns})
  Path Group:             **async_default**
  Path Type:              Removal (Min at Fast Process Corner)
  Requirement:            0.000ns  (g_hw.mmcm_clk rise@0.000ns - local50 rise@0.000ns)
  Data Path Delay:        2.201ns  (logic 0.282ns (12.822%)  route 1.919ns (87.178%))
  Logic Levels:           2  (IBUF=1 LUT1=1)
  Input Delay:            0.500ns
  Clock Path Skew:        -0.713ns (DCD - SCD - CPR)
    Destination Clock Delay (DCD):    -0.713ns
    Source Clock Delay      (SCD):    0.000ns
    Clock Pessimism Removal (CPR):    -0.000ns
  Clock Uncertainty:      0.474ns  ((TSJ^2 + TIJ^2 + DJ^2)^1/2) / 2 + PE + UU
    Total System Jitter     (TSJ):    0.071ns
    Total Input Jitter      (TIJ):    0.100ns
    Discrete Jitter          (DJ):    0.179ns
    Phase Error              (PE):    0.165ns
    User Uncertainty         (UU):    0.200ns
  Clock Domain Crossing:  Inter clock paths are considered valid unless explicitly excluded by timing constraints such as set_clock_groups or set_false_path.

    Location             Delay type                Incr(ns)  Path(ns)    Netlist Resource(s)
  -------------------------------------------------------------------    -------------------
                         (clock local50 rise edge)    0.000     0.000 r  
                         input delay                  0.500     0.500    
    G19                                               0.000     0.500 r  rst_n (IN)
                         net (fo=0)                   0.000     0.500    rst_n
    G19                  IBUF (Prop_ibuf_I_O)         0.236     0.736 r  rst_n_IBUF_inst/O
                         net (fo=3, routed)           1.286     2.023    core/clocks/rst_n_IBUF
    SLICE_X40Y68         LUT1 (Prop_lut1_I0_O)        0.046     2.069 f  core/clocks/g_hw.mmcm_i_1/O
                         net (fo=7, routed)           0.632     2.701    core/clocks_n_1
    SLICE_X43Y69         FDCE                                         f  core/reset_release_reg[0]/CLR
  -------------------------------------------------------------------    -------------------

                         (clock g_hw.mmcm_clk rise edge)
                                                      0.000     0.000 r  
    N20                                               0.000     0.000 r  sync_clk (IN)
                         net (fo=0)                   0.000     0.000    core/clocks/sync_clk
    N20                  IBUF (Prop_ibuf_I_O)         0.450     0.450 r  core/clocks/g_hw.input_buffer/O
                         net (fo=1, routed)           0.480     0.930    core/clocks/g_hw.ibuf_clk
    MMCME2_ADV_X0Y0      MMCME2_ADV (Prop_mmcme2_adv_CLKIN1_CLKOUT0)
                                                     -3.050    -2.120 r  core/clocks/g_hw.mmcm/CLKOUT0
                         net (fo=1, routed)           0.528    -1.592    core/clocks/g_hw.mmcm_clk
    BUFGCTRL_X0Y0        BUFG (Prop_bufg_I_O)         0.029    -1.563 r  core/clocks/g_hw.output_buffer/O
                         net (fo=601, routed)         0.850    -0.713    core/clk
    SLICE_X43Y69         FDCE                                         r  core/reset_release_reg[0]/C
                         clock pessimism              0.000    -0.713    
                         clock uncertainty            0.474    -0.240    
    SLICE_X43Y69         FDCE (Remov_fdce_C_CLR)     -0.154    -0.394    core/reset_release_reg[0]
  -------------------------------------------------------------------
                         required time                          0.394    
                         arrival time                           2.701    
  -------------------------------------------------------------------
                         slack                                  3.094    





---------------------------------------------------------------------------------------------------
Path Group:  **async_default**
From Clock:  received50
  To Clock:  g_hw.mmcm_clk

Setup :            0  Failing Endpoints,  Worst Slack       10.648ns,  Total Violation        0.000ns
Hold  :            0  Failing Endpoints,  Worst Slack        1.761ns,  Total Violation        0.000ns
---------------------------------------------------------------------------------------------------


Max Delay Paths
--------------------------------------------------------------------------------------
Slack (MET) :             10.648ns  (required time - arrival time)
  Source:                 sync_reset
                            (input port clocked by received50  {rise@0.000ns fall@10.000ns period=20.000ns})
  Destination:            core/g_link_reset.release_pipe_reg[1]/CLR
                            (recovery check against rising-edge clock g_hw.mmcm_clk  {rise@0.000ns fall@10.000ns period=20.000ns})
  Path Group:             **async_default**
  Path Type:              Recovery (Max at Slow Process Corner)
  Requirement:            20.000ns  (g_hw.mmcm_clk rise@20.000ns - received50 rise@0.000ns)
  Data Path Delay:        3.223ns  (logic 1.618ns (50.205%)  route 1.605ns (49.795%))
  Logic Levels:           2  (IBUF=1 LUT1=1)
  Input Delay:            4.000ns
  Clock Path Skew:        -1.294ns (DCD - SCD + CPR)
    Destination Clock Delay (DCD):    -1.294ns = ( 18.706 - 20.000 ) 
    Source Clock Delay      (SCD):    0.000ns
    Clock Pessimism Removal (CPR):    0.000ns
  Clock Uncertainty:      0.474ns  ((TSJ^2 + TIJ^2 + DJ^2)^1/2) / 2 + PE + UU
    Total System Jitter     (TSJ):    0.071ns
    Total Input Jitter      (TIJ):    0.100ns
    Discrete Jitter          (DJ):    0.179ns
    Phase Error              (PE):    0.165ns
    User Uncertainty         (UU):    0.200ns

    Location             Delay type                Incr(ns)  Path(ns)    Netlist Resource(s)
  -------------------------------------------------------------------    -------------------
                         (clock received50 rise edge)
                                                      0.000     0.000 r  
                         input delay                  4.000     4.000    
    L17                                               0.000     4.000 r  sync_reset (IN)
                         net (fo=0)                   0.000     4.000    sync_reset
    L17                  IBUF (Prop_ibuf_I_O)         1.494     5.494 r  sync_reset_IBUF_inst/O
                         net (fo=1, routed)           0.855     6.349    core/sync_reset_IBUF
    SLICE_X43Y76         LUT1 (Prop_lut1_I0_O)        0.124     6.473 f  core/g_link_reset.release_pipe[2]_i_1/O
                         net (fo=3, routed)           0.750     7.223    core/g_link_reset.release_pipe[2]_i_1_n_0
    SLICE_X42Y75         FDCE                                         f  core/g_link_reset.release_pipe_reg[1]/CLR
  -------------------------------------------------------------------    -------------------

                         (clock g_hw.mmcm_clk rise edge)
                                                     20.000    20.000 r  
    N20                                               0.000    20.000 r  sync_clk (IN)
                         net (fo=0)                   0.000    20.000    core/clocks/sync_clk
    N20                  IBUF (Prop_ibuf_I_O)         1.423    21.423 r  core/clocks/g_hw.input_buffer/O
                         net (fo=1, routed)           1.162    22.585    core/clocks/g_hw.ibuf_clk
    MMCME2_ADV_X0Y0      MMCME2_ADV (Prop_mmcme2_adv_CLKIN1_CLKOUT0)
                                                     -7.118    15.467 r  core/clocks/g_hw.mmcm/CLKOUT0
                         net (fo=1, routed)           1.599    17.066    core/clocks/g_hw.mmcm_clk
    BUFGCTRL_X0Y0        BUFG (Prop_bufg_I_O)         0.091    17.157 r  core/clocks/g_hw.output_buffer/O
                         net (fo=601, routed)         1.549    18.706    core/clk
    SLICE_X42Y75         FDCE                                         r  core/g_link_reset.release_pipe_reg[1]/C
                         clock pessimism              0.000    18.706    
                         clock uncertainty           -0.474    18.232    
    SLICE_X42Y75         FDCE (Recov_fdce_C_CLR)     -0.361    17.871    core/g_link_reset.release_pipe_reg[1]
  -------------------------------------------------------------------
                         required time                         17.871    
                         arrival time                          -7.223    
  -------------------------------------------------------------------
                         slack                                 10.648    





Min Delay Paths
--------------------------------------------------------------------------------------
Slack (MET) :             1.761ns  (arrival time - required time)
  Source:                 sync_reset
                            (input port clocked by received50  {rise@0.000ns fall@10.000ns period=20.000ns})
  Destination:            core/g_link_reset.release_pipe_reg[0]/CLR
                            (removal check against rising-edge clock g_hw.mmcm_clk  {rise@0.000ns fall@10.000ns period=20.000ns})
  Path Group:             **async_default**
  Path Type:              Removal (Min at Fast Process Corner)
  Requirement:            0.000ns  (g_hw.mmcm_clk rise@0.000ns - received50 rise@0.000ns)
  Data Path Delay:        0.948ns  (logic 0.307ns (32.379%)  route 0.641ns (67.621%))
  Logic Levels:           2  (IBUF=1 LUT1=1)
  Input Delay:            0.500ns
  Clock Path Skew:        -0.719ns (DCD - SCD - CPR)
    Destination Clock Delay (DCD):    -0.719ns
    Source Clock Delay      (SCD):    0.000ns
    Clock Pessimism Removal (CPR):    -0.000ns
  Clock Uncertainty:      0.474ns  ((TSJ^2 + TIJ^2 + DJ^2)^1/2) / 2 + PE + UU
    Total System Jitter     (TSJ):    0.071ns
    Total Input Jitter      (TIJ):    0.100ns
    Discrete Jitter          (DJ):    0.179ns
    Phase Error              (PE):    0.165ns
    User Uncertainty         (UU):    0.200ns

    Location             Delay type                Incr(ns)  Path(ns)    Netlist Resource(s)
  -------------------------------------------------------------------    -------------------
                         (clock received50 rise edge)
                                                      0.000     0.000 r  
                         input delay                  0.500     0.500    
    L17                                               0.000     0.500 r  sync_reset (IN)
                         net (fo=0)                   0.000     0.500    sync_reset
    L17                  IBUF (Prop_ibuf_I_O)         0.262     0.762 r  sync_reset_IBUF_inst/O
                         net (fo=1, routed)           0.335     1.097    core/sync_reset_IBUF
    SLICE_X43Y76         LUT1 (Prop_lut1_I0_O)        0.045     1.142 f  core/g_link_reset.release_pipe[2]_i_1/O
                         net (fo=3, routed)           0.306     1.448    core/g_link_reset.release_pipe[2]_i_1_n_0
    SLICE_X42Y75         FDCE                                         f  core/g_link_reset.release_pipe_reg[0]/CLR
  -------------------------------------------------------------------    -------------------

                         (clock g_hw.mmcm_clk rise edge)
                                                      0.000     0.000 r  
    N20                                               0.000     0.000 r  sync_clk (IN)
                         net (fo=0)                   0.000     0.000    core/clocks/sync_clk
    N20                  IBUF (Prop_ibuf_I_O)         0.450     0.450 r  core/clocks/g_hw.input_buffer/O
                         net (fo=1, routed)           0.480     0.930    core/clocks/g_hw.ibuf_clk
    MMCME2_ADV_X0Y0      MMCME2_ADV (Prop_mmcme2_adv_CLKIN1_CLKOUT0)
                                                     -3.050    -2.120 r  core/clocks/g_hw.mmcm/CLKOUT0
                         net (fo=1, routed)           0.528    -1.592    core/clocks/g_hw.mmcm_clk
    BUFGCTRL_X0Y0        BUFG (Prop_bufg_I_O)         0.029    -1.563 r  core/clocks/g_hw.output_buffer/O
                         net (fo=601, routed)         0.844    -0.719    core/clk
    SLICE_X42Y75         FDCE                                         r  core/g_link_reset.release_pipe_reg[0]/C
                         clock pessimism              0.000    -0.719    
                         clock uncertainty            0.474    -0.246    
    SLICE_X42Y75         FDCE (Remov_fdce_C_CLR)     -0.067    -0.313    core/g_link_reset.release_pipe_reg[0]
  -------------------------------------------------------------------
                         required time                          0.313    
                         arrival time                           1.448    
  -------------------------------------------------------------------
                         slack                                  1.761    





--------------------------------------------------------------------------------------
Path Group:  (none)
From Clock:  
  To Clock:  g_hw.mmcm_clk

Max Delay             3 Endpoints
Min Delay             3 Endpoints
--------------------------------------------------------------------------------------


Max Delay Paths
--------------------------------------------------------------------------------------
Slack:                    inf
  Source:                 core/clocks/g_hw.mmcm/LOCKED
                            (internal pin)
  Destination:            core/mmcm_release_reg[0]/CLR
                            (recovery check against rising-edge clock g_hw.mmcm_clk  {rise@0.000ns fall@10.000ns period=20.000ns})
  Path Group:             (none)
  Path Type:              Recovery (Max at Slow Process Corner)
  Data Path Delay:        3.298ns  (logic 0.124ns (3.760%)  route 3.174ns (96.240%))
  Logic Levels:           1  (LUT1=1)
  Clock Uncertainty:      0.458ns  ((TSJ^2 + DJ^2)^1/2) / 2 + PE + UU
    Total System Jitter     (TSJ):    0.050ns
    Discrete Jitter          (DJ):    0.179ns
    Phase Error              (PE):    0.165ns
    User Uncertainty         (UU):    0.200ns

    Location             Delay type                Incr(ns)  Path(ns)    Netlist Resource(s)
  -------------------------------------------------------------------    -------------------
    MMCME2_ADV_X0Y0      MMCME2_ADV                   0.000     0.000 r  core/clocks/g_hw.mmcm/LOCKED
                         net (fo=5, routed)           2.647     2.647    core/locked
    SLICE_X41Y69         LUT1 (Prop_lut1_I0_O)        0.124     2.771 f  core/mmcm_release[2]_i_1/O
                         net (fo=3, routed)           0.528     3.298    core/mmcm_release[2]_i_1_n_0
    SLICE_X41Y69         FDCE                                         f  core/mmcm_release_reg[0]/CLR
  -------------------------------------------------------------------    -------------------

                         (clock g_hw.mmcm_clk rise edge)
                                                      0.000     0.000 r  
    N20                                               0.000     0.000 r  sync_clk (IN)
                         net (fo=0)                   0.000     0.000    core/clocks/sync_clk
    N20                  IBUF (Prop_ibuf_I_O)         1.423     1.423 r  core/clocks/g_hw.input_buffer/O
                         net (fo=1, routed)           1.162     2.585    core/clocks/g_hw.ibuf_clk
    MMCME2_ADV_X0Y0      MMCME2_ADV (Prop_mmcme2_adv_CLKIN1_CLKOUT0)
                                                     -7.118    -4.533 r  core/clocks/g_hw.mmcm/CLKOUT0
                         net (fo=1, routed)           1.599    -2.934    core/clocks/g_hw.mmcm_clk
    BUFGCTRL_X0Y0        BUFG (Prop_bufg_I_O)         0.091    -2.843 r  core/clocks/g_hw.output_buffer/O
                         net (fo=601, routed)         1.555    -1.288    core/clk
    SLICE_X41Y69         FDCE                                         r  core/mmcm_release_reg[0]/C





Min Delay Paths
--------------------------------------------------------------------------------------
Slack:                    inf
  Source:                 core/clocks/g_hw.mmcm/LOCKED
                            (internal pin)
  Destination:            core/mmcm_release_reg[0]/CLR
                            (removal check against rising-edge clock g_hw.mmcm_clk  {rise@0.000ns fall@10.000ns period=20.000ns})
  Path Group:             (none)
  Path Type:              Removal (Min at Fast Process Corner)
  Data Path Delay:        1.231ns  (logic 0.045ns (3.655%)  route 1.186ns (96.345%))
  Logic Levels:           1  (LUT1=1)
  Clock Uncertainty:      0.458ns  ((TSJ^2 + DJ^2)^1/2) / 2 + PE + UU
    Total System Jitter     (TSJ):    0.050ns
    Discrete Jitter          (DJ):    0.179ns
    Phase Error              (PE):    0.165ns
    User Uncertainty         (UU):    0.200ns

    Location             Delay type                Incr(ns)  Path(ns)    Netlist Resource(s)
  -------------------------------------------------------------------    -------------------
    MMCME2_ADV_X0Y0      MMCME2_ADV                   0.000     0.000 r  core/clocks/g_hw.mmcm/LOCKED
                         net (fo=5, routed)           1.014     1.014    core/locked
    SLICE_X41Y69         LUT1 (Prop_lut1_I0_O)        0.045     1.059 f  core/mmcm_release[2]_i_1/O
                         net (fo=3, routed)           0.173     1.231    core/mmcm_release[2]_i_1_n_0
    SLICE_X41Y69         FDCE                                         f  core/mmcm_release_reg[0]/CLR
  -------------------------------------------------------------------    -------------------

                         (clock g_hw.mmcm_clk rise edge)
                                                      0.000     0.000 r  
    N20                                               0.000     0.000 r  sync_clk (IN)
                         net (fo=0)                   0.000     0.000    core/clocks/sync_clk
    N20                  IBUF (Prop_ibuf_I_O)         0.450     0.450 r  core/clocks/g_hw.input_buffer/O
                         net (fo=1, routed)           0.480     0.930    core/clocks/g_hw.ibuf_clk
    MMCME2_ADV_X0Y0      MMCME2_ADV (Prop_mmcme2_adv_CLKIN1_CLKOUT0)
                                                     -3.050    -2.120 r  core/clocks/g_hw.mmcm/CLKOUT0
                         net (fo=1, routed)           0.528    -1.592    core/clocks/g_hw.mmcm_clk
    BUFGCTRL_X0Y0        BUFG (Prop_bufg_I_O)         0.029    -1.563 r  core/clocks/g_hw.output_buffer/O
                         net (fo=601, routed)         0.850    -0.713    core/clk
    SLICE_X41Y69         FDCE                                         r  core/mmcm_release_reg[0]/C





