#-----------------------------------------------------------
# Vivado v2025.2 (64-bit)
# SW Build 6299465 on Fri Nov 14 19:35:11 GMT 2025
# IP Build 6300035 on Fri Nov 14 10:48:45 MST 2025
# SharedData Build 6298862 on Thu Nov 13 04:50:51 MST 2025
# Start of session at: Wed Sep 30 22:50:59 2026
# Process ID         : 267984
# Current directory  : C:/Users/BELYA/Documents/Codex/2026-09-29/https-github-com-loverlike1216-sonofield-fpga/outputs/sonofield-v3/v3/evidence/task001
# Command line       : vivado.exe -mode batch -source C:\Users\BELYA\Documents\Codex\2026-09-29\https-github-com-loverlike1216-sonofield-fpga\outputs\sonofield-v3\v3\vivado\build.tcl -log vivado-build.log -journal vivado-build.jou
# Log file           : C:/Users/BELYA/Documents/Codex/2026-09-29/https-github-com-loverlike1216-sonofield-fpga/outputs/sonofield-v3/v3/evidence/task001/vivado-build.log
# Journal file       : C:/Users/BELYA/Documents/Codex/2026-09-29/https-github-com-loverlike1216-sonofield-fpga/outputs/sonofield-v3/v3/evidence/task001\vivado-build.jou
# Running On         : LAPTOP-V3PP2F49
# Platform           : Windows Server 2016 or Windows 10
# Operating System   : 26200
# Processor Detail   : AMD Ryzen 9 8945HX with Radeon Graphics        
# CPU Frequency      : 2495 MHz
# CPU Physical cores : 16
# CPU Logical cores  : 32
# Host memory        : 33605 MB
# Swap memory        : 2147 MB
# Total Virtual      : 35752 MB
# Available Virtual  : 12793 MB
#-----------------------------------------------------------
source {C:\Users\BELYA\Documents\Codex\2026-09-29\https-github-com-loverlike1216-sonofield-fpga\outputs\sonofield-v3\v3\vivado\build.tcl}
# set root [file normalize [file join [file dirname [info script]] ..]]
# set evidence [file join $root evidence task001]
# set_param general.maxThreads 4
# set result [open [file join $evidence build-results.tsv] w]
# puts $result "role\tsynthesis\timplementation\tsetup_slack_ns\thold_slack_ns\tcdc_critical_count\tstatus"
# set sources {}
# foreach rel {rtl/sync/sync_protocol.sv rtl/sync/timestamp_counter.sv rtl/sync/sync_master.sv rtl/sync/sync_slave.sv rtl/sync/sync_button.sv rtl/sync/delay_measure.sv rtl/clock/clk_manager.sv rtl/top/dual_sync_top.sv} {
#  lappend sources [file join $root $rel]
# }
# foreach role {master slave} {
#  set top ebaz_$role
#  set dest [file join $evidence $top];file mkdir $dest
#  set syn NOT_RUN;set impl NOT_RUN;set setup NA;set hold NA;set critical NA;set status ERROR
#  if {[catch {
#   create_project $top [file join $root vivado build $top] -part xc7z010clg400-1 -force
#   set_property target_language Verilog [current_project]
#   add_files -norecurse $sources
#   add_files -fileset constrs_1 -norecurse [file join $root constraints $top.xdc]
#   set_property top $top [current_fileset]
#   update_compile_order -fileset sources_1
#   synth_design -top $top -part xc7z010clg400-1
#   # Primary-clock user uncertainty is not inherited by automatic MMCM clocks.
#   # Apply the stated 0.2ns budget to every resolved clock before implementation.
#   set_clock_uncertainty 0.200 [get_clocks *]
#   if {$role eq "master" && [llength [get_clocks -quiet forwarded50]]!=1} {error "Forwarded clock constraint missing"}
#   set syn SYNTHESIZED
#   write_checkpoint -force [file join $dest synthesized.dcp]
#   report_utilization -file [file join $dest synthesis_utilization.rpt]
#   report_timing_summary -delay_type min_max -report_unconstrained -file [file join $dest synthesis_timing.rpt]
#   report_property -all -file [file join $dest N20_package_pin.rpt] [get_package_pins N20]
#   if {![regexp {P_T.*(MRCC|SRCC)} [get_property PIN_FUNC [get_package_pins N20]]]} {error "N20 is not a P-side clock-capable pin"}
#   report_io -file [file join $dest io.rpt]
#   opt_design
#   place_design
#   phys_opt_design
#   route_design
#   set impl IMPLEMENTED
#   write_checkpoint -force [file join $dest routed.dcp]
#   report_utilization -file [file join $dest utilization.rpt]
#   report_timing_summary -delay_type min_max -report_unconstrained -check_timing_verbose -file [file join $dest timing.rpt]
#   report_timing -delay_type max -max_paths 10 -file [file join $dest setup_paths.rpt]
#   report_timing -delay_type min -max_paths 10 -file [file join $dest hold_paths.rpt]
#   report_clock_interaction -file [file join $dest clock_interaction.rpt]
#   report_cdc -details -file [file join $dest cdc.rpt]
#   set cf [open [file join $dest cdc.rpt] r];set cdc_text [read $cf];close $cf
#   set critical 0
#   foreach {row number} [regexp -all -inline -line {^CDC-[0-9]+\s+Critical\s+([0-9]+)} $cdc_text] {incr critical $number}
#   report_drc -file [file join $dest drc.rpt]
#   report_methodology -file [file join $dest methodology.rpt]
#   report_clocks -file [file join $dest clocks.rpt]
#   set sp [get_timing_paths -delay_type max -max_paths 1]
#   set hp [get_timing_paths -delay_type min -max_paths 1]
#   if {[llength $sp]} {set setup [get_property SLACK [lindex $sp 0]]}
#   if {[llength $hp]} {set hold [get_property SLACK [lindex $hp 0]]}
#   set status TIMING_FAIL
#   if {$setup ne "NA" && $hold ne "NA" && $setup>=0 && $hold>=0} {set status TIMING_BUDGET_MET_NOT_HARDWARE_VERIFIED}
#   if {$critical>0} {set status CDC_FAIL}
#  } msg opts]} {
#   set errorfile [open [file join $dest failure.txt] w];puts $errorfile $msg;puts $errorfile [dict get $opts -errorinfo];close $errorfile
#   puts "BUILD_ERROR $top $msg"
#  }
#  puts $result "$role\t$syn\t$impl\t$setup\t$hold\t$critical\t$status";flush $result
#  catch {close_project}
# }
INFO: [ProjectBase 1-489] The host OS only allows 260 characters in a normal path. The project is stored in a path with more than 80 characters. If you experience issues with IP, Block Designs, or files not being found, please consider moving the project to a location with a shorter path. Alternately consider using the OS subst command to map part of the path to a drive letter.
Current project path is 'C:/Users/BELYA/Documents/Codex/2026-09-29/https-github-com-loverlike1216-sonofield-fpga/outputs/sonofield-v3/v3/vivado/build/ebaz_master'
create_project: Time (s): cpu = 00:00:13 ; elapsed = 00:00:11 . Memory (MB): peak = 547.438 ; gain = 225.836
Command: synth_design -top ebaz_master -part xc7z010clg400-1
Starting synth_design
Attempting to get a license for feature 'Synthesis' and/or device 'xc7z010'
INFO: [Common 17-349] Got license for feature 'Synthesis' and/or device 'xc7z010'
INFO: [Device 21-403] Loading part xc7z010clg400-1
INFO: [Synth 8-7079] Multithreading enabled for synth_design using a maximum of 4 processes.
INFO: [Synth 8-7078] Launching helper process for spawning children vivado processes
INFO: [Synth 8-7075] Helper process launched with PID 284404
---------------------------------------------------------------------------------
Starting RTL Elaboration : Time (s): cpu = 00:00:09 ; elapsed = 00:00:09 . Memory (MB): peak = 1302.262 ; gain = 541.441
---------------------------------------------------------------------------------
WARNING: [Synth 8-6901] identifier 'lock_pipe' is used before its declaration [C:/Users/BELYA/Documents/Codex/2026-09-29/https-github-com-loverlike1216-sonofield-fpga/outputs/sonofield-v3/v3/rtl/top/dual_sync_top.sv:49]
WARNING: [Synth 8-6901] identifier 'lock_pipe' is used before its declaration [C:/Users/BELYA/Documents/Codex/2026-09-29/https-github-com-loverlike1216-sonofield-fpga/outputs/sonofield-v3/v3/rtl/top/dual_sync_top.sv:50]
INFO: [Synth 8-6157] synthesizing module 'ebaz_master' [C:/Users/BELYA/Documents/Codex/2026-09-29/https-github-com-loverlike1216-sonofield-fpga/outputs/sonofield-v3/v3/rtl/top/dual_sync_top.sv:109]
INFO: [Synth 8-6157] synthesizing module 'dual_sync_top' [C:/Users/BELYA/Documents/Codex/2026-09-29/https-github-com-loverlike1216-sonofield-fpga/outputs/sonofield-v3/v3/rtl/top/dual_sync_top.sv:3]
	Parameter MASTER bound to: 1'b1 
INFO: [Synth 8-6157] synthesizing module 'ODDR' [D:/amd2025_2/2025.2/Vivado/scripts/rt/data/unisim_comp.v:117225]
	Parameter DDR_CLK_EDGE bound to: SAME_EDGE - type: string 
INFO: [Synth 8-6155] done synthesizing module 'ODDR' (0#1) [D:/amd2025_2/2025.2/Vivado/scripts/rt/data/unisim_comp.v:117225]
INFO: [Synth 8-6157] synthesizing module 'sync_button' [C:/Users/BELYA/Documents/Codex/2026-09-29/https-github-com-loverlike1216-sonofield-fpga/outputs/sonofield-v3/v3/rtl/sync/sync_button.sv:2]
	Parameter STABLE_CYCLES bound to: 250000 - type: integer 
INFO: [Synth 8-6155] done synthesizing module 'sync_button' (0#1) [C:/Users/BELYA/Documents/Codex/2026-09-29/https-github-com-loverlike1216-sonofield-fpga/outputs/sonofield-v3/v3/rtl/sync/sync_button.sv:2]
INFO: [Synth 8-6157] synthesizing module 'timestamp_counter' [C:/Users/BELYA/Documents/Codex/2026-09-29/https-github-com-loverlike1216-sonofield-fpga/outputs/sonofield-v3/v3/rtl/sync/timestamp_counter.sv:3]
INFO: [Synth 8-6155] done synthesizing module 'timestamp_counter' (0#1) [C:/Users/BELYA/Documents/Codex/2026-09-29/https-github-com-loverlike1216-sonofield-fpga/outputs/sonofield-v3/v3/rtl/sync/timestamp_counter.sv:3]
INFO: [Synth 8-6157] synthesizing module 'sync_master' [C:/Users/BELYA/Documents/Codex/2026-09-29/https-github-com-loverlike1216-sonofield-fpga/outputs/sonofield-v3/v3/rtl/sync/sync_master.sv:2]
INFO: [Synth 8-6155] done synthesizing module 'sync_master' (0#1) [C:/Users/BELYA/Documents/Codex/2026-09-29/https-github-com-loverlike1216-sonofield-fpga/outputs/sonofield-v3/v3/rtl/sync/sync_master.sv:2]
INFO: [Synth 8-6157] synthesizing module 'delay_measure' [C:/Users/BELYA/Documents/Codex/2026-09-29/https-github-com-loverlike1216-sonofield-fpga/outputs/sonofield-v3/v3/rtl/sync/delay_measure.sv:4]
INFO: [Synth 8-6155] done synthesizing module 'delay_measure' (0#1) [C:/Users/BELYA/Documents/Codex/2026-09-29/https-github-com-loverlike1216-sonofield-fpga/outputs/sonofield-v3/v3/rtl/sync/delay_measure.sv:4]
INFO: [Synth 8-6157] synthesizing module 'clk_manager' [C:/Users/BELYA/Documents/Codex/2026-09-29/https-github-com-loverlike1216-sonofield-fpga/outputs/sonofield-v3/v3/rtl/clock/clk_manager.sv:2]
	Parameter SIMULATION bound to: 1'b0 
INFO: [Synth 8-6157] synthesizing module 'IBUF' [D:/amd2025_2/2025.2/Vivado/scripts/rt/data/unisim_comp.v:82804]
INFO: [Synth 8-6155] done synthesizing module 'IBUF' (0#1) [D:/amd2025_2/2025.2/Vivado/scripts/rt/data/unisim_comp.v:82804]
INFO: [Synth 8-6157] synthesizing module 'MMCME2_BASE' [D:/amd2025_2/2025.2/Vivado/scripts/rt/data/unisim_comp.v:95964]
	Parameter CLKFBOUT_MULT_F bound to: 2.000000e+01 - type: double 
	Parameter CLKIN1_PERIOD bound to: 2.000000e+01 - type: double 
	Parameter CLKOUT0_DIVIDE_F bound to: 2.000000e+01 - type: double 
	Parameter DIVCLK_DIVIDE bound to: 1 - type: integer 
	Parameter STARTUP_WAIT bound to: FALSE - type: string 
INFO: [Synth 8-6155] done synthesizing module 'MMCME2_BASE' (0#1) [D:/amd2025_2/2025.2/Vivado/scripts/rt/data/unisim_comp.v:95964]
WARNING: [Synth 8-7071] port 'CLKFBOUTB' of module 'MMCME2_BASE' is unconnected for instance 'mmcm' [C:/Users/BELYA/Documents/Codex/2026-09-29/https-github-com-loverlike1216-sonofield-fpga/outputs/sonofield-v3/v3/rtl/clock/clk_manager.sv:10]
WARNING: [Synth 8-7071] port 'CLKOUT0B' of module 'MMCME2_BASE' is unconnected for instance 'mmcm' [C:/Users/BELYA/Documents/Codex/2026-09-29/https-github-com-loverlike1216-sonofield-fpga/outputs/sonofield-v3/v3/rtl/clock/clk_manager.sv:10]
WARNING: [Synth 8-7071] port 'CLKOUT1' of module 'MMCME2_BASE' is unconnected for instance 'mmcm' [C:/Users/BELYA/Documents/Codex/2026-09-29/https-github-com-loverlike1216-sonofield-fpga/outputs/sonofield-v3/v3/rtl/clock/clk_manager.sv:10]
WARNING: [Synth 8-7071] port 'CLKOUT1B' of module 'MMCME2_BASE' is unconnected for instance 'mmcm' [C:/Users/BELYA/Documents/Codex/2026-09-29/https-github-com-loverlike1216-sonofield-fpga/outputs/sonofield-v3/v3/rtl/clock/clk_manager.sv:10]
WARNING: [Synth 8-7071] port 'CLKOUT2' of module 'MMCME2_BASE' is unconnected for instance 'mmcm' [C:/Users/BELYA/Documents/Codex/2026-09-29/https-github-com-loverlike1216-sonofield-fpga/outputs/sonofield-v3/v3/rtl/clock/clk_manager.sv:10]
WARNING: [Synth 8-7071] port 'CLKOUT2B' of module 'MMCME2_BASE' is unconnected for instance 'mmcm' [C:/Users/BELYA/Documents/Codex/2026-09-29/https-github-com-loverlike1216-sonofield-fpga/outputs/sonofield-v3/v3/rtl/clock/clk_manager.sv:10]
WARNING: [Synth 8-7071] port 'CLKOUT3' of module 'MMCME2_BASE' is unconnected for instance 'mmcm' [C:/Users/BELYA/Documents/Codex/2026-09-29/https-github-com-loverlike1216-sonofield-fpga/outputs/sonofield-v3/v3/rtl/clock/clk_manager.sv:10]
WARNING: [Synth 8-7071] port 'CLKOUT3B' of module 'MMCME2_BASE' is unconnected for instance 'mmcm' [C:/Users/BELYA/Documents/Codex/2026-09-29/https-github-com-loverlike1216-sonofield-fpga/outputs/sonofield-v3/v3/rtl/clock/clk_manager.sv:10]
WARNING: [Synth 8-7071] port 'CLKOUT4' of module 'MMCME2_BASE' is unconnected for instance 'mmcm' [C:/Users/BELYA/Documents/Codex/2026-09-29/https-github-com-loverlike1216-sonofield-fpga/outputs/sonofield-v3/v3/rtl/clock/clk_manager.sv:10]
WARNING: [Synth 8-7071] port 'CLKOUT5' of module 'MMCME2_BASE' is unconnected for instance 'mmcm' [C:/Users/BELYA/Documents/Codex/2026-09-29/https-github-com-loverlike1216-sonofield-fpga/outputs/sonofield-v3/v3/rtl/clock/clk_manager.sv:10]
WARNING: [Synth 8-7071] port 'CLKOUT6' of module 'MMCME2_BASE' is unconnected for instance 'mmcm' [C:/Users/BELYA/Documents/Codex/2026-09-29/https-github-com-loverlike1216-sonofield-fpga/outputs/sonofield-v3/v3/rtl/clock/clk_manager.sv:10]
WARNING: [Synth 8-7023] instance 'mmcm' of module 'MMCME2_BASE' has 18 connections declared, but only 7 given [C:/Users/BELYA/Documents/Codex/2026-09-29/https-github-com-loverlike1216-sonofield-fpga/outputs/sonofield-v3/v3/rtl/clock/clk_manager.sv:10]
INFO: [Synth 8-6157] synthesizing module 'BUFG' [D:/amd2025_2/2025.2/Vivado/scripts/rt/data/unisim_comp.v:2678]
INFO: [Synth 8-6155] done synthesizing module 'BUFG' (0#1) [D:/amd2025_2/2025.2/Vivado/scripts/rt/data/unisim_comp.v:2678]
INFO: [Synth 8-6155] done synthesizing module 'clk_manager' (0#1) [C:/Users/BELYA/Documents/Codex/2026-09-29/https-github-com-loverlike1216-sonofield-fpga/outputs/sonofield-v3/v3/rtl/clock/clk_manager.sv:2]
INFO: [Synth 8-6155] done synthesizing module 'dual_sync_top' (0#1) [C:/Users/BELYA/Documents/Codex/2026-09-29/https-github-com-loverlike1216-sonofield-fpga/outputs/sonofield-v3/v3/rtl/top/dual_sync_top.sv:3]
INFO: [Synth 8-6155] done synthesizing module 'ebaz_master' (0#1) [C:/Users/BELYA/Documents/Codex/2026-09-29/https-github-com-loverlike1216-sonofield-fpga/outputs/sonofield-v3/v3/rtl/top/dual_sync_top.sv:109]
INFO: [Synth 8-6071] Mark debug on the nets applies keep_hierarchy on instance 'g_master.delay_meter'. This will prevent further optimization [C:/Users/BELYA/Documents/Codex/2026-09-29/https-github-com-loverlike1216-sonofield-fpga/outputs/sonofield-v3/v3/rtl/top/dual_sync_top.sv:59]
WARNING: [Synth 8-7129] Port sync_clk_in in module dual_sync_top is either unconnected or has no load
WARNING: [Synth 8-7129] Port sync_data_in in module dual_sync_top is either unconnected or has no load
WARNING: [Synth 8-7129] Port sync_valid_in in module dual_sync_top is either unconnected or has no load
WARNING: [Synth 8-7129] Port sync_reset_in in module dual_sync_top is either unconnected or has no load
---------------------------------------------------------------------------------
Finished RTL Elaboration : Time (s): cpu = 00:00:12 ; elapsed = 00:00:12 . Memory (MB): peak = 1424.961 ; gain = 664.141
---------------------------------------------------------------------------------
---------------------------------------------------------------------------------
Start Handling Custom Attributes
---------------------------------------------------------------------------------
---------------------------------------------------------------------------------
Finished Handling Custom Attributes : Time (s): cpu = 00:00:12 ; elapsed = 00:00:12 . Memory (MB): peak = 1424.961 ; gain = 664.141
---------------------------------------------------------------------------------
---------------------------------------------------------------------------------
Finished RTL Optimization Phase 1 : Time (s): cpu = 00:00:12 ; elapsed = 00:00:12 . Memory (MB): peak = 1424.961 ; gain = 664.141
---------------------------------------------------------------------------------
Netlist sorting complete. Time (s): cpu = 00:00:00 ; elapsed = 00:00:00.042 . Memory (MB): peak = 1424.961 ; gain = 0.000
INFO: [Netlist 29-17] Analyzing 2 Unisim elements for replacement
INFO: [Netlist 29-28] Unisim Transformation completed in 0 CPU seconds
INFO: [Project 1-570] Preparing netlist for logic optimization

Processing XDC Constraints
Initializing timing engine
Parsing XDC File [C:/Users/BELYA/Documents/Codex/2026-09-29/https-github-com-loverlike1216-sonofield-fpga/outputs/sonofield-v3/v3/constraints/ebaz_master.xdc]
INFO: [Timing 38-2] Deriving generated clocks [C:/Users/BELYA/Documents/Codex/2026-09-29/https-github-com-loverlike1216-sonofield-fpga/outputs/sonofield-v3/v3/constraints/ebaz_master.xdc:38]
Finished Parsing XDC File [C:/Users/BELYA/Documents/Codex/2026-09-29/https-github-com-loverlike1216-sonofield-fpga/outputs/sonofield-v3/v3/constraints/ebaz_master.xdc]
INFO: [Project 1-236] Implementation specific constraints were found while reading constraint file [C:/Users/BELYA/Documents/Codex/2026-09-29/https-github-com-loverlike1216-sonofield-fpga/outputs/sonofield-v3/v3/constraints/ebaz_master.xdc]. These constraints will be ignored for synthesis but will be used in implementation. Impacted constraints are listed in the file [.Xil/ebaz_master_propImpl.xdc].
Resolution: To avoid this warning, move constraints listed in [.Xil/ebaz_master_propImpl.xdc] to another XDC file and exclude this new file from synthesis with the used_in_synthesis property (File Properties dialog in GUI) and re-run elaboration/synthesis.
Completed Processing XDC Constraints

Netlist sorting complete. Time (s): cpu = 00:00:00 ; elapsed = 00:00:00.001 . Memory (MB): peak = 1505.395 ; gain = 0.000
INFO: [Project 1-111] Unisim Transformation Summary:
  A total of 1 instances were transformed.
  MMCME2_BASE => MMCME2_ADV: 1 instance 

Constraint Validation Runtime : Time (s): cpu = 00:00:00 ; elapsed = 00:00:00.022 . Memory (MB): peak = 1505.395 ; gain = 0.000
---------------------------------------------------------------------------------
Finished Constraint Validation : Time (s): cpu = 00:00:25 ; elapsed = 00:00:26 . Memory (MB): peak = 1505.395 ; gain = 744.574
---------------------------------------------------------------------------------
---------------------------------------------------------------------------------
Start Loading Part and Timing Information
---------------------------------------------------------------------------------
Loading part: xc7z010clg400-1
---------------------------------------------------------------------------------
Finished Loading Part and Timing Information : Time (s): cpu = 00:00:25 ; elapsed = 00:00:26 . Memory (MB): peak = 1505.395 ; gain = 744.574
---------------------------------------------------------------------------------
---------------------------------------------------------------------------------
Start Applying 'set_property' XDC Constraints
---------------------------------------------------------------------------------
---------------------------------------------------------------------------------
Finished applying 'set_property' XDC Constraints : Time (s): cpu = 00:00:25 ; elapsed = 00:00:26 . Memory (MB): peak = 1505.395 ; gain = 744.574
---------------------------------------------------------------------------------
---------------------------------------------------------------------------------
Finished RTL Optimization Phase 2 : Time (s): cpu = 00:00:26 ; elapsed = 00:00:27 . Memory (MB): peak = 1505.395 ; gain = 744.574
---------------------------------------------------------------------------------
---------------------------------------------------------------------------------
Start RTL Component Statistics 
---------------------------------------------------------------------------------
Detailed RTL Component Info : 
+---Adders : 
	   3 Input   64 Bit       Adders := 3     
	   2 Input   64 Bit       Adders := 3     
	   2 Input   10 Bit       Adders := 1     
	   2 Input    8 Bit       Adders := 1     
+---XORs : 
	   2 Input     16 Bit         XORs := 1     
	   2 Input      1 Bit         XORs := 1     
+---Registers : 
	              128 Bit    Registers := 1     
	               64 Bit    Registers := 4     
	               32 Bit    Registers := 2     
	               16 Bit    Registers := 1     
	               10 Bit    Registers := 1     
	                8 Bit    Registers := 1     
	                3 Bit    Registers := 2     
	                2 Bit    Registers := 3     
	                1 Bit    Registers := 24    
+---Muxes : 
	   2 Input  128 Bit        Muxes := 1     
	   2 Input   64 Bit        Muxes := 1     
	   2 Input   16 Bit        Muxes := 2     
	   5 Input    8 Bit        Muxes := 1     
	   2 Input    2 Bit        Muxes := 1     
	   2 Input    1 Bit        Muxes := 41    
	   4 Input    1 Bit        Muxes := 1     
---------------------------------------------------------------------------------
Finished RTL Component Statistics 
---------------------------------------------------------------------------------
---------------------------------------------------------------------------------
Start Part Resource Summary
---------------------------------------------------------------------------------
Part Resources:
DSPs: 80 (col length:40)
BRAMs: 120 (col length: RAMB18 40 RAMB36 20)
---------------------------------------------------------------------------------
Finished Part Resource Summary
---------------------------------------------------------------------------------
---------------------------------------------------------------------------------
Start Cross Boundary and Area Optimization
---------------------------------------------------------------------------------
---------------------------------------------------------------------------------
Finished Cross Boundary and Area Optimization : Time (s): cpu = 00:00:35 ; elapsed = 00:00:36 . Memory (MB): peak = 1521.805 ; gain = 760.984
---------------------------------------------------------------------------------
---------------------------------------------------------------------------------
Start Applying XDC Timing Constraints
---------------------------------------------------------------------------------
---------------------------------------------------------------------------------
Finished Applying XDC Timing Constraints : Time (s): cpu = 00:00:43 ; elapsed = 00:00:45 . Memory (MB): peak = 1637.594 ; gain = 876.773
---------------------------------------------------------------------------------
---------------------------------------------------------------------------------
Start Timing Optimization
---------------------------------------------------------------------------------
---------------------------------------------------------------------------------
Finished Timing Optimization : Time (s): cpu = 00:00:45 ; elapsed = 00:00:47 . Memory (MB): peak = 1709.414 ; gain = 948.594
---------------------------------------------------------------------------------
---------------------------------------------------------------------------------
Start Technology Mapping
---------------------------------------------------------------------------------
---------------------------------------------------------------------------------
Finished Technology Mapping : Time (s): cpu = 00:00:46 ; elapsed = 00:00:48 . Memory (MB): peak = 1709.414 ; gain = 948.594
---------------------------------------------------------------------------------
---------------------------------------------------------------------------------
Start IO Insertion
---------------------------------------------------------------------------------
---------------------------------------------------------------------------------
Start Flattening Before IO Insertion
---------------------------------------------------------------------------------
---------------------------------------------------------------------------------
Finished Flattening Before IO Insertion
---------------------------------------------------------------------------------
---------------------------------------------------------------------------------
Start Final Netlist Cleanup
---------------------------------------------------------------------------------
---------------------------------------------------------------------------------
Finished Final Netlist Cleanup
---------------------------------------------------------------------------------
---------------------------------------------------------------------------------
Finished IO Insertion : Time (s): cpu = 00:00:52 ; elapsed = 00:00:55 . Memory (MB): peak = 1913.746 ; gain = 1152.926
---------------------------------------------------------------------------------
---------------------------------------------------------------------------------
Start Renaming Generated Instances
---------------------------------------------------------------------------------
---------------------------------------------------------------------------------
Finished Renaming Generated Instances : Time (s): cpu = 00:00:52 ; elapsed = 00:00:55 . Memory (MB): peak = 1913.746 ; gain = 1152.926
---------------------------------------------------------------------------------
---------------------------------------------------------------------------------
Start Rebuilding User Hierarchy
---------------------------------------------------------------------------------
---------------------------------------------------------------------------------
Finished Rebuilding User Hierarchy : Time (s): cpu = 00:00:52 ; elapsed = 00:00:55 . Memory (MB): peak = 1913.746 ; gain = 1152.926
---------------------------------------------------------------------------------
---------------------------------------------------------------------------------
Start Renaming Generated Ports
---------------------------------------------------------------------------------
---------------------------------------------------------------------------------
Finished Renaming Generated Ports : Time (s): cpu = 00:00:52 ; elapsed = 00:00:55 . Memory (MB): peak = 1913.746 ; gain = 1152.926
---------------------------------------------------------------------------------
---------------------------------------------------------------------------------
Start Handling Custom Attributes
---------------------------------------------------------------------------------
---------------------------------------------------------------------------------
Finished Handling Custom Attributes : Time (s): cpu = 00:00:52 ; elapsed = 00:00:55 . Memory (MB): peak = 1913.746 ; gain = 1152.926
---------------------------------------------------------------------------------
---------------------------------------------------------------------------------
Start Renaming Generated Nets
---------------------------------------------------------------------------------
---------------------------------------------------------------------------------
Finished Renaming Generated Nets : Time (s): cpu = 00:00:52 ; elapsed = 00:00:55 . Memory (MB): peak = 1913.746 ; gain = 1152.926
---------------------------------------------------------------------------------
---------------------------------------------------------------------------------
Start Writing Synthesis Report
---------------------------------------------------------------------------------

Report BlackBoxes: 
+-+--------------+----------+
| |BlackBox name |Instances |
+-+--------------+----------+
+-+--------------+----------+

Report Cell Usage: 
+------+------------+------+
|      |Cell        |Count |
+------+------------+------+
|1     |BUFG        |     2|
|2     |CARRY4      |   182|
|3     |LUT1        |   142|
|4     |LUT2        |   391|
|5     |LUT3        |    67|
|6     |LUT4        |    50|
|7     |LUT5        |    20|
|8     |LUT6        |   149|
|9     |MMCME2_BASE |     1|
|10    |ODDR        |     1|
|11    |FDCE        |     6|
|12    |FDRE        |   652|
|13    |FDSE        |    22|
|14    |IBUF        |     6|
|15    |OBUF        |    10|
+------+------------+------+
---------------------------------------------------------------------------------
Finished Writing Synthesis Report : Time (s): cpu = 00:00:52 ; elapsed = 00:00:55 . Memory (MB): peak = 1913.746 ; gain = 1152.926
---------------------------------------------------------------------------------
Synthesis finished with 0 errors, 0 critical warnings and 0 warnings.
Synthesis Optimization Runtime : Time (s): cpu = 00:00:38 ; elapsed = 00:00:51 . Memory (MB): peak = 1913.746 ; gain = 1072.492
Synthesis Optimization Complete : Time (s): cpu = 00:00:53 ; elapsed = 00:00:55 . Memory (MB): peak = 1913.746 ; gain = 1152.926
INFO: [Project 1-571] Translating synthesized netlist
Netlist sorting complete. Time (s): cpu = 00:00:00 ; elapsed = 00:00:00.034 . Memory (MB): peak = 1913.746 ; gain = 0.000
INFO: [Netlist 29-17] Analyzing 184 Unisim elements for replacement
INFO: [Netlist 29-28] Unisim Transformation completed in 0 CPU seconds
INFO: [Project 1-570] Preparing netlist for logic optimization
Parsing XDC File [C:/Users/BELYA/Documents/Codex/2026-09-29/https-github-com-loverlike1216-sonofield-fpga/outputs/sonofield-v3/v3/constraints/ebaz_master.xdc]
INFO: [Timing 38-35] Done setting XDC timing constraints. [C:/Users/BELYA/Documents/Codex/2026-09-29/https-github-com-loverlike1216-sonofield-fpga/outputs/sonofield-v3/v3/constraints/ebaz_master.xdc:38]
INFO: [Timing 38-2] Deriving generated clocks [C:/Users/BELYA/Documents/Codex/2026-09-29/https-github-com-loverlike1216-sonofield-fpga/outputs/sonofield-v3/v3/constraints/ebaz_master.xdc:38]
get_clocks: Time (s): cpu = 00:00:08 ; elapsed = 00:00:08 . Memory (MB): peak = 2429.418 ; gain = 508.926
Finished Parsing XDC File [C:/Users/BELYA/Documents/Codex/2026-09-29/https-github-com-loverlike1216-sonofield-fpga/outputs/sonofield-v3/v3/constraints/ebaz_master.xdc]
INFO: [Opt 31-138] Pushed 0 inverter(s) to 0 load pin(s).
Netlist sorting complete. Time (s): cpu = 00:00:00 ; elapsed = 00:00:00.001 . Memory (MB): peak = 2429.418 ; gain = 0.000
INFO: [Project 1-111] Unisim Transformation Summary:
  A total of 1 instances were transformed.
  MMCME2_BASE => MMCME2_ADV: 1 instance 

Synth Design complete | Checksum: fc22698a
INFO: [Common 17-83] Releasing license: Synthesis
43 Infos, 18 Warnings, 0 Critical Warnings and 0 Errors encountered.
synth_design completed successfully
synth_design: Time (s): cpu = 00:01:08 ; elapsed = 00:01:14 . Memory (MB): peak = 2429.418 ; gain = 1881.980
INFO: [Timing 38-35] Done setting XDC timing constraints.
Write ShapeDB Complete: Time (s): cpu = 00:00:00 ; elapsed = 00:00:00.009 . Memory (MB): peak = 2429.418 ; gain = 0.000
INFO: [Timing 38-480] Writing timing data to binary archive.
Wrote PlaceDB: Time (s): cpu = 00:00:00 ; elapsed = 00:00:00.001 . Memory (MB): peak = 2429.418 ; gain = 0.000
Wrote PulsedLatchDB: Time (s): cpu = 00:00:00 ; elapsed = 00:00:00 . Memory (MB): peak = 2429.418 ; gain = 0.000
Writing XDEF routing.
Writing XDEF routing logical nets.
Writing XDEF routing special nets.
Wrote RouteStorage: Time (s): cpu = 00:00:00 ; elapsed = 00:00:00.039 . Memory (MB): peak = 2429.418 ; gain = 0.000
Wrote PlaceStorage: Time (s): cpu = 00:00:00 ; elapsed = 00:00:00.001 . Memory (MB): peak = 2429.418 ; gain = 0.000
Wrote Netlist Cache: Time (s): cpu = 00:00:00 ; elapsed = 00:00:00.001 . Memory (MB): peak = 2429.418 ; gain = 0.000
Wrote Device Cache: Time (s): cpu = 00:00:00 ; elapsed = 00:00:00.015 . Memory (MB): peak = 2429.418 ; gain = 0.000
Write Physdb Complete: Time (s): cpu = 00:00:00 ; elapsed = 00:00:00.073 . Memory (MB): peak = 2429.418 ; gain = 0.000
INFO: [Common 17-1381] The checkpoint 'C:/Users/BELYA/Documents/Codex/2026-09-29/https-github-com-loverlike1216-sonofield-fpga/outputs/sonofield-v3/v3/evidence/task001/ebaz_master/synthesized.dcp' has been generated.
INFO: [Timing 38-91] UpdateTimingParams: Speed grade: -1, Delay Type: min_max.
INFO: [Timing 38-191] Multithreading enabled for timing update using a maximum of 4 CPUs
report_io: Time (s): cpu = 00:00:00 ; elapsed = 00:00:00.149 . Memory (MB): peak = 2429.418 ; gain = 0.000
Command: opt_design
Attempting to get a license for feature 'Implementation' and/or device 'xc7z010'
INFO: [Common 17-349] Got license for feature 'Implementation' and/or device 'xc7z010'
Running DRC as a precondition to command opt_design

Starting DRC Task
INFO: [DRC 23-27] Running DRC with 4 threads
INFO: [Project 1-461] DRC finished with 0 Errors
INFO: [Project 1-462] Please refer to the DRC report (report_drc) for more information.

Time (s): cpu = 00:00:03 ; elapsed = 00:00:01 . Memory (MB): peak = 2429.418 ; gain = 0.000

Starting Cache Timing Information Task
Ending Cache Timing Information Task | Checksum: 25929cc77

Time (s): cpu = 00:00:00 ; elapsed = 00:00:00.003 . Memory (MB): peak = 2429.418 ; gain = 0.000

Starting Logic Optimization Task

Phase 1 Initialization

Phase 1.1 Core Generation And Design Setup
Phase 1.1 Core Generation And Design Setup | Checksum: 25929cc77

Time (s): cpu = 00:00:00 ; elapsed = 00:00:00.005 . Memory (MB): peak = 2429.418 ; gain = 0.000

Phase 1.2 Setup Constraints And Sort Netlist
Phase 1.2 Setup Constraints And Sort Netlist | Checksum: 25929cc77

Time (s): cpu = 00:00:00 ; elapsed = 00:00:00.008 . Memory (MB): peak = 2429.418 ; gain = 0.000
Phase 1 Initialization | Checksum: 25929cc77

Time (s): cpu = 00:00:00 ; elapsed = 00:00:00.009 . Memory (MB): peak = 2429.418 ; gain = 0.000

Phase 2 Timer Update And Timing Data Collection

Phase 2.1 Detect if minReqCache needed
Phase 2.1 Detect if minReqCache needed | Checksum: 25929cc77

Time (s): cpu = 00:00:00 ; elapsed = 00:00:00.020 . Memory (MB): peak = 2429.418 ; gain = 0.000

Phase 2.2 Timer Update
Phase 2.2 Timer Update | Checksum: 25929cc77

Time (s): cpu = 00:00:00 ; elapsed = 00:00:00.067 . Memory (MB): peak = 2429.418 ; gain = 0.000

Phase 2.3 Timing Data Collection
Phase 2.3 Timing Data Collection | Checksum: 25929cc77

Time (s): cpu = 00:00:00 ; elapsed = 00:00:00.070 . Memory (MB): peak = 2429.418 ; gain = 0.000
Phase 2 Timer Update And Timing Data Collection | Checksum: 25929cc77

Time (s): cpu = 00:00:00 ; elapsed = 00:00:00.071 . Memory (MB): peak = 2429.418 ; gain = 0.000

Phase 3 Retarget
INFO: [Opt 31-1851] Number of loadless carry chains removed were: 0
INFO: [Opt 31-1834] Total Chains To Be Transformed Were: 0 AND Number of Transformed insts Created are: 0
INFO: [Opt 31-138] Pushed 1 inverter(s) to 1 load pin(s).
INFO: [Opt 31-49] Retargeted 0 cell(s).
Phase 3 Retarget | Checksum: 268cc35b8

Time (s): cpu = 00:00:00 ; elapsed = 00:00:00.115 . Memory (MB): peak = 2429.418 ; gain = 0.000
Retarget | Checksum: 268cc35b8
INFO: [Opt 31-389] Phase Retarget created 0 cells and removed 0 cells
INFO: [Opt 31-1021] In phase Retarget, 2 netlist objects are constrained preventing optimization. Please run opt_design with -debug_log to get more detail. 

Phase 4 Constant propagation
INFO: [Opt 31-138] Pushed 0 inverter(s) to 0 load pin(s).
Phase 4 Constant propagation | Checksum: 279c410da

Time (s): cpu = 00:00:00 ; elapsed = 00:00:00.143 . Memory (MB): peak = 2429.418 ; gain = 0.000
Constant propagation | Checksum: 279c410da
INFO: [Opt 31-389] Phase Constant propagation created 0 cells and removed 0 cells

Phase 5 Sweep
INFO: [Constraints 18-11670] Building netlist checker database with flags, 0x8
Done building netlist checker database: Time (s): cpu = 00:00:00 ; elapsed = 00:00:00 . Memory (MB): peak = 2429.418 ; gain = 0.000
Phase 5 Sweep | Checksum: 219ecf289

Time (s): cpu = 00:00:00 ; elapsed = 00:00:00.198 . Memory (MB): peak = 2429.418 ; gain = 0.000
Sweep | Checksum: 219ecf289
INFO: [Opt 31-389] Phase Sweep created 0 cells and removed 137 cells
INFO: [Opt 31-1021] In phase Sweep, 64 netlist objects are constrained preventing optimization. Please run opt_design with -debug_log to get more detail. 

Phase 6 BUFG optimization
Phase 6 BUFG optimization | Checksum: 219ecf289

Time (s): cpu = 00:00:00 ; elapsed = 00:00:00.241 . Memory (MB): peak = 2429.418 ; gain = 0.000
BUFG optimization | Checksum: 219ecf289
INFO: [Opt 31-662] Phase BUFG optimization created 0 cells of which 0 are BUFGs and removed 0 cells.

Phase 7 Shift Register Optimization
INFO: [Opt 31-1064] SRL Remap converted 0 SRLs to 0 registers and converted 0 registers of register chains to 0 SRLs
Phase 7 Shift Register Optimization | Checksum: 219ecf289

Time (s): cpu = 00:00:00 ; elapsed = 00:00:00.248 . Memory (MB): peak = 2429.418 ; gain = 0.000
Shift Register Optimization | Checksum: 219ecf289
INFO: [Opt 31-389] Phase Shift Register Optimization created 0 cells and removed 0 cells

Phase 8 Post Processing Netlist
Phase 8 Post Processing Netlist | Checksum: 219ecf289

Time (s): cpu = 00:00:00 ; elapsed = 00:00:00.258 . Memory (MB): peak = 2429.418 ; gain = 0.000
Post Processing Netlist | Checksum: 219ecf289
INFO: [Opt 31-389] Phase Post Processing Netlist created 0 cells and removed 0 cells

Phase 9 Finalization

Phase 9.1 Finalizing Design Cores and Updating Shapes
Phase 9.1 Finalizing Design Cores and Updating Shapes | Checksum: 17e22516a

Time (s): cpu = 00:00:01 ; elapsed = 00:00:00.366 . Memory (MB): peak = 2429.418 ; gain = 0.000

Phase 9.2 Verifying Netlist Connectivity

Starting Connectivity Check Task

Time (s): cpu = 00:00:00 ; elapsed = 00:00:00.025 . Memory (MB): peak = 2429.418 ; gain = 0.000
Phase 9.2 Verifying Netlist Connectivity | Checksum: 17e22516a

Time (s): cpu = 00:00:01 ; elapsed = 00:00:00.394 . Memory (MB): peak = 2429.418 ; gain = 0.000
Phase 9 Finalization | Checksum: 17e22516a

Time (s): cpu = 00:00:01 ; elapsed = 00:00:00.395 . Memory (MB): peak = 2429.418 ; gain = 0.000
Opt_design Change Summary
=========================


-------------------------------------------------------------------------------------------------------------------------
|  Phase                        |  #Cells created  |  #Cells Removed  |  #Constrained objects preventing optimizations  |
-------------------------------------------------------------------------------------------------------------------------
|  Retarget                     |               0  |               0  |                                              2  |
|  Constant propagation         |               0  |               0  |                                              0  |
|  Sweep                        |               0  |             137  |                                             64  |
|  BUFG optimization            |               0  |               0  |                                              0  |
|  Shift Register Optimization  |               0  |               0  |                                              0  |
|  Post Processing Netlist      |               0  |               0  |                                              0  |
-------------------------------------------------------------------------------------------------------------------------


Ending Logic Optimization Task | Checksum: 17e22516a

Time (s): cpu = 00:00:01 ; elapsed = 00:00:00.399 . Memory (MB): peak = 2429.418 ; gain = 0.000

Starting Power Optimization Task
INFO: [Pwropt 34-132] Skipping clock gating for clocks with a period < 2.00 ns.
Ending Power Optimization Task | Checksum: 17e22516a

Time (s): cpu = 00:00:00 ; elapsed = 00:00:00.018 . Memory (MB): peak = 2429.418 ; gain = 0.000

Starting Final Cleanup Task
Ending Final Cleanup Task | Checksum: 17e22516a

Time (s): cpu = 00:00:00 ; elapsed = 00:00:00.002 . Memory (MB): peak = 2429.418 ; gain = 0.000
Netlist sorting complete. Time (s): cpu = 00:00:00 ; elapsed = 00:00:00.001 . Memory (MB): peak = 2429.418 ; gain = 0.000
INFO: [Common 17-83] Releasing license: Implementation
69 Infos, 18 Warnings, 0 Critical Warnings and 0 Errors encountered.
opt_design completed successfully
opt_design: Time (s): cpu = 00:00:09 ; elapsed = 00:00:08 . Memory (MB): peak = 2429.418 ; gain = 0.000
Command: place_design
Attempting to get a license for feature 'Implementation' and/or device 'xc7z010'
INFO: [Common 17-349] Got license for feature 'Implementation' and/or device 'xc7z010'
INFO: [Common 17-83] Releasing license: Implementation
INFO: [DRC 23-27] Running DRC with 4 threads
INFO: [Vivado_Tcl 4-198] DRC finished with 0 Errors
INFO: [Vivado_Tcl 4-199] Please refer to the DRC report (report_drc) for more information.
INFO: [Timing 38-35] Done setting XDC timing constraints.
Running DRC as a precondition to command place_design
INFO: [DRC 23-27] Running DRC with 4 threads
INFO: [Vivado_Tcl 4-198] DRC finished with 0 Errors
INFO: [Vivado_Tcl 4-199] Please refer to the DRC report (report_drc) for more information.
INFO: [Place 30-611] Multithreading enabled for place_design using a maximum of 4 CPUs

Starting Placer Task

Phase 1 Placer Initialization

Phase 1.1 Placer Initialization Netlist Sorting
Netlist sorting complete. Time (s): cpu = 00:00:00 ; elapsed = 00:00:00.001 . Memory (MB): peak = 2429.418 ; gain = 0.000
Phase 1.1 Placer Initialization Netlist Sorting | Checksum: 146838cd4

Time (s): cpu = 00:00:00 ; elapsed = 00:00:00.004 . Memory (MB): peak = 2429.418 ; gain = 0.000
Netlist sorting complete. Time (s): cpu = 00:00:00 ; elapsed = 00:00:00.001 . Memory (MB): peak = 2429.418 ; gain = 0.000

Phase 1.2 IO Placement/ Clock Placement/ Build Placer Device
Phase 1.2 IO Placement/ Clock Placement/ Build Placer Device | Checksum: 15000c82a

Time (s): cpu = 00:00:00 ; elapsed = 00:00:00.144 . Memory (MB): peak = 2429.418 ; gain = 0.000

Phase 1.3 Build Placer Netlist Model
Phase 1.3 Build Placer Netlist Model | Checksum: 1b7e14a68

Time (s): cpu = 00:00:01 ; elapsed = 00:00:00.532 . Memory (MB): peak = 2429.418 ; gain = 0.000

Phase 1.4 Constrain Clocks/Macros
Phase 1.4 Constrain Clocks/Macros | Checksum: 1b7e14a68

Time (s): cpu = 00:00:01 ; elapsed = 00:00:00.538 . Memory (MB): peak = 2429.418 ; gain = 0.000
Phase 1 Placer Initialization | Checksum: 1b7e14a68

Time (s): cpu = 00:00:01 ; elapsed = 00:00:00.547 . Memory (MB): peak = 2429.418 ; gain = 0.000

Phase 2 Global Placement

Phase 2.1 Floorplanning
Phase 2.1 Floorplanning | Checksum: 23e802432

Time (s): cpu = 00:00:02 ; elapsed = 00:00:00.771 . Memory (MB): peak = 2429.418 ; gain = 0.000

Phase 2.2 Update Timing before SLR Path Opt
Phase 2.2 Update Timing before SLR Path Opt | Checksum: 2215eafb7

Time (s): cpu = 00:00:02 ; elapsed = 00:00:00.990 . Memory (MB): peak = 2429.418 ; gain = 0.000

Phase 2.3 Post-Processing in Floorplanning
Phase 2.3 Post-Processing in Floorplanning | Checksum: 2215eafb7

Time (s): cpu = 00:00:02 ; elapsed = 00:00:00.995 . Memory (MB): peak = 2429.418 ; gain = 0.000

Phase 2.4 Global Place Phase1
Phase 2.4 Global Place Phase1 | Checksum: 23521edb1

Time (s): cpu = 00:00:05 ; elapsed = 00:00:03 . Memory (MB): peak = 2429.418 ; gain = 0.000

Phase 2.5 Global Place Phase2

Phase 2.5.1 UpdateTiming Before Physical Synthesis
Phase 2.5.1 UpdateTiming Before Physical Synthesis | Checksum: 23521edb1

Time (s): cpu = 00:00:06 ; elapsed = 00:00:03 . Memory (MB): peak = 2429.418 ; gain = 0.000

Phase 2.5.2 Physical Synthesis In Placer
INFO: [Physopt 32-1035] Found 0 LUTNM shape to break, 16 LUT instances to create LUTNM shape
INFO: [Physopt 32-1044] Break lutnm for timing: one critical 0, two critical 0, total 0, new lutff created 0
INFO: [Physopt 32-1138] End 1 Pass. Optimized 5 nets or LUTs. Breaked 0 LUT, combined 5 existing LUTs and moved 0 existing LUT
INFO: [Physopt 32-65] No nets found for high-fanout optimization.
INFO: [Physopt 32-232] Optimized 0 net. Created 0 new instance.
INFO: [Physopt 32-775] End 1 Pass. Optimized 0 net or cell. Created 0 new cell, deleted 0 existing cell and moved 0 existing cell
INFO: [Physopt 32-456] No candidate cells for DSP register optimization found in the design.
INFO: [Physopt 32-775] End 2 Pass. Optimized 0 net or cell. Created 0 new cell, deleted 0 existing cell and moved 0 existing cell
INFO: [Physopt 32-1123] No candidate cells found for Shift Register to Pipeline optimization
INFO: [Physopt 32-775] End 2 Pass. Optimized 0 net or cell. Created 0 new cell, deleted 0 existing cell and moved 0 existing cell
INFO: [Physopt 32-1401] No candidate cells found for Shift Register optimization.
INFO: [Physopt 32-677] No candidate cells for Shift Register optimization found in the design
INFO: [Physopt 32-775] End 1 Pass. Optimized 0 net or cell. Created 0 new cell, deleted 0 existing cell and moved 0 existing cell
INFO: [Physopt 32-526] No candidate cells for BRAM register optimization found in the design
INFO: [Physopt 32-775] End 1 Pass. Optimized 0 net or cell. Created 0 new cell, deleted 0 existing cell and moved 0 existing cell
INFO: [Physopt 32-846] No candidate cells for URAM register optimization found in the design
INFO: [Physopt 32-775] End 1 Pass. Optimized 0 net or cell. Created 0 new cell, deleted 0 existing cell and moved 0 existing cell
INFO: [Physopt 32-846] No candidate cells for URAM register optimization found in the design
INFO: [Physopt 32-775] End 1 Pass. Optimized 0 net or cell. Created 0 new cell, deleted 0 existing cell and moved 0 existing cell
INFO: [Physopt 32-949] No candidate nets found for dynamic/static region interface net replication
INFO: [Physopt 32-775] End 1 Pass. Optimized 0 net or cell. Created 0 new cell, deleted 0 existing cell and moved 0 existing cell
Netlist sorting complete. Time (s): cpu = 00:00:00 ; elapsed = 00:00:00.001 . Memory (MB): peak = 2429.418 ; gain = 0.000

Summary of Physical Synthesis Optimizations
============================================


-----------------------------------------------------------------------------------------------------------------------------------------------------------
|  Optimization                                     |  Added Cells  |  Removed Cells  |  Optimized Cells/Nets  |  Dont Touch  |  Iterations  |  Elapsed   |
-----------------------------------------------------------------------------------------------------------------------------------------------------------
|  LUT Combining                                    |            0  |              5  |                     5  |           0  |           1  |  00:00:00  |
|  Retime                                           |            0  |              0  |                     0  |           0  |           1  |  00:00:00  |
|  Very High Fanout                                 |            0  |              0  |                     0  |           0  |           1  |  00:00:00  |
|  DSP Register                                     |            0  |              0  |                     0  |           0  |           1  |  00:00:00  |
|  Shift Register to Pipeline                       |            0  |              0  |                     0  |           0  |           1  |  00:00:00  |
|  Shift Register                                   |            0  |              0  |                     0  |           0  |           1  |  00:00:00  |
|  BRAM Register                                    |            0  |              0  |                     0  |           0  |           1  |  00:00:00  |
|  URAM Register                                    |            0  |              0  |                     0  |           0  |           1  |  00:00:00  |
|  Dynamic/Static Region Interface Net Replication  |            0  |              0  |                     0  |           0  |           1  |  00:00:00  |
|  Total                                            |            0  |              5  |                     5  |           0  |           9  |  00:00:00  |
-----------------------------------------------------------------------------------------------------------------------------------------------------------


Phase 2.5.2 Physical Synthesis In Placer | Checksum: 20a6af2f6

Time (s): cpu = 00:00:07 ; elapsed = 00:00:03 . Memory (MB): peak = 2429.418 ; gain = 0.000
Phase 2.5 Global Place Phase2 | Checksum: 190abe76f

Time (s): cpu = 00:00:07 ; elapsed = 00:00:03 . Memory (MB): peak = 2429.418 ; gain = 0.000
Phase 2 Global Placement | Checksum: 190abe76f

Time (s): cpu = 00:00:07 ; elapsed = 00:00:03 . Memory (MB): peak = 2429.418 ; gain = 0.000

Phase 3 Detail Placement

Phase 3.1 Commit Multi Column Macros
Phase 3.1 Commit Multi Column Macros | Checksum: 1d18a7200

Time (s): cpu = 00:00:07 ; elapsed = 00:00:04 . Memory (MB): peak = 2429.418 ; gain = 0.000

Phase 3.2 Commit Most Macros & LUTRAMs
Phase 3.2 Commit Most Macros & LUTRAMs | Checksum: 27795a9ad

Time (s): cpu = 00:00:08 ; elapsed = 00:00:04 . Memory (MB): peak = 2429.418 ; gain = 0.000

Phase 3.3 Area Swap Optimization
Phase 3.3 Area Swap Optimization | Checksum: 28eaee63e

Time (s): cpu = 00:00:08 ; elapsed = 00:00:04 . Memory (MB): peak = 2429.418 ; gain = 0.000

Phase 3.4 Pipeline Register Optimization
Phase 3.4 Pipeline Register Optimization | Checksum: 297e33e0f

Time (s): cpu = 00:00:08 ; elapsed = 00:00:04 . Memory (MB): peak = 2429.418 ; gain = 0.000

Phase 3.5 Small Shape Detail Placement
Phase 3.5 Small Shape Detail Placement | Checksum: 1a46d6c26

Time (s): cpu = 00:00:09 ; elapsed = 00:00:05 . Memory (MB): peak = 2429.418 ; gain = 0.000

Phase 3.6 Re-assign LUT pins
Phase 3.6 Re-assign LUT pins | Checksum: 1f50524b4

Time (s): cpu = 00:00:09 ; elapsed = 00:00:05 . Memory (MB): peak = 2429.418 ; gain = 0.000

Phase 3.7 Pipeline Register Optimization
Phase 3.7 Pipeline Register Optimization | Checksum: 2397671dc

Time (s): cpu = 00:00:09 ; elapsed = 00:00:05 . Memory (MB): peak = 2429.418 ; gain = 0.000
Phase 3 Detail Placement | Checksum: 2397671dc

Time (s): cpu = 00:00:09 ; elapsed = 00:00:05 . Memory (MB): peak = 2429.418 ; gain = 0.000

Phase 4 Post Placement Optimization and Clean-Up

Phase 4.1 Post Commit Optimization
INFO: [Timing 38-35] Done setting XDC timing constraints.

Phase 4.1.1 Post Placement Optimization
Post Placement Optimization Initialization | Checksum: 23b18d492

Phase 4.1.1.1 BUFG Insertion

Starting Physical Synthesis Task

Phase 1 Physical Synthesis Initialization
INFO: [Physopt 32-721] Multithreading enabled for phys_opt_design using a maximum of 4 CPUs
INFO: [Physopt 32-619] Estimated Timing Summary | WNS=0.470 | TNS=0.000 |
Phase 1 Physical Synthesis Initialization | Checksum: 18ae7a270

Time (s): cpu = 00:00:00 ; elapsed = 00:00:00.045 . Memory (MB): peak = 2429.418 ; gain = 0.000
INFO: [Place 46-56] BUFG insertion identified 0 candidate nets. Inserted BUFG: 0, Replicated BUFG Driver: 0, Skipped due to Placement/Routing Conflicts: 0, Skipped due to Timing Degradation: 0, Skipped due to netlist editing failed: 0.
Ending Physical Synthesis Task | Checksum: 1df0a9184

Time (s): cpu = 00:00:00 ; elapsed = 00:00:00.052 . Memory (MB): peak = 2429.418 ; gain = 0.000
Phase 4.1.1.1 BUFG Insertion | Checksum: 23b18d492

Time (s): cpu = 00:00:10 ; elapsed = 00:00:05 . Memory (MB): peak = 2429.418 ; gain = 0.000

Phase 4.1.1.2 Post Placement Timing Optimization
INFO: [Place 30-746] Post Placement Timing Summary WNS=0.888. For the most accurate timing information please run report_timing.
Phase 4.1.1.2 Post Placement Timing Optimization | Checksum: 20d763ba0

Time (s): cpu = 00:00:12 ; elapsed = 00:00:08 . Memory (MB): peak = 2429.418 ; gain = 0.000

Time (s): cpu = 00:00:12 ; elapsed = 00:00:08 . Memory (MB): peak = 2429.418 ; gain = 0.000
Phase 4.1 Post Commit Optimization | Checksum: 20d763ba0

Time (s): cpu = 00:00:12 ; elapsed = 00:00:08 . Memory (MB): peak = 2429.418 ; gain = 0.000

Phase 4.2 Post Placement Cleanup
Phase 4.2 Post Placement Cleanup | Checksum: 20d763ba0

Time (s): cpu = 00:00:12 ; elapsed = 00:00:08 . Memory (MB): peak = 2429.418 ; gain = 0.000

Phase 4.3 Placer Reporting

Phase 4.3.1 Print Estimated Congestion
INFO: [Place 30-612] Post-Placement Estimated Congestion 
 ____________________________________________________
|           | Global Congestion | Short Congestion  |
| Direction | Region Size       | Region Size       |
|___________|___________________|___________________|
|      North|                1x1|                2x2|
|___________|___________________|___________________|
|      South|                1x1|                1x1|
|___________|___________________|___________________|
|       East|                1x1|                1x1|
|___________|___________________|___________________|
|       West|                1x1|                1x1|
|___________|___________________|___________________|

Phase 4.3.1 Print Estimated Congestion | Checksum: 20d763ba0

Time (s): cpu = 00:00:12 ; elapsed = 00:00:08 . Memory (MB): peak = 2429.418 ; gain = 0.000
Phase 4.3 Placer Reporting | Checksum: 20d763ba0

Time (s): cpu = 00:00:12 ; elapsed = 00:00:08 . Memory (MB): peak = 2429.418 ; gain = 0.000

Phase 4.4 Final Placement Cleanup
Netlist sorting complete. Time (s): cpu = 00:00:00 ; elapsed = 00:00:00.001 . Memory (MB): peak = 2429.418 ; gain = 0.000

Time (s): cpu = 00:00:12 ; elapsed = 00:00:08 . Memory (MB): peak = 2429.418 ; gain = 0.000
Phase 4 Post Placement Optimization and Clean-Up | Checksum: 1c6df2706

Time (s): cpu = 00:00:13 ; elapsed = 00:00:08 . Memory (MB): peak = 2429.418 ; gain = 0.000
Ending Placer Task | Checksum: 1312f0936

Time (s): cpu = 00:00:13 ; elapsed = 00:00:08 . Memory (MB): peak = 2429.418 ; gain = 0.000
106 Infos, 18 Warnings, 0 Critical Warnings and 0 Errors encountered.
place_design completed successfully
place_design: Time (s): cpu = 00:00:17 ; elapsed = 00:00:11 . Memory (MB): peak = 2429.418 ; gain = 0.000
Command: phys_opt_design
Attempting to get a license for feature 'Implementation' and/or device 'xc7z010'
INFO: [Common 17-349] Got license for feature 'Implementation' and/or device 'xc7z010'

Starting Initial Update Timing Task

Time (s): cpu = 00:00:00 ; elapsed = 00:00:00.212 . Memory (MB): peak = 2429.418 ; gain = 0.000
INFO: [Vivado_Tcl 4-2279] Estimated Timing Summary | WNS= 0.888 | TNS= 0.000 | 
INFO: [Vivado_Tcl 4-383] Design worst setup slack (WNS) is greater than or equal to 0.000 ns. All physical synthesis setup optimizations will be skipped.
INFO: [Vivado_Tcl 4-232] No setup violation found. The netlist was not modified.
INFO: [Common 17-83] Releasing license: Implementation
111 Infos, 18 Warnings, 0 Critical Warnings and 0 Errors encountered.
phys_opt_design completed successfully
Command: route_design
Attempting to get a license for feature 'Implementation' and/or device 'xc7z010'
INFO: [Common 17-349] Got license for feature 'Implementation' and/or device 'xc7z010'


Starting Routing Task
INFO: [Route 35-254] Multithreading enabled for route_design using a maximum of 4 CPUs

Phase 1 Build RT Design
Checksum: PlaceDB: 4e91f06f ConstDB: 0 ShapeSum: 7904c19c RouteDB: 6998572b
Post Restoration Checksum: NetGraph: 8dc116f5 | NumContArr: f57acde | Constraints: c2a8fa9d | Timing: c2a8fa9d
Phase 1 Build RT Design | Checksum: 2226ab90d

Time (s): cpu = 00:00:20 ; elapsed = 00:00:18 . Memory (MB): peak = 2429.418 ; gain = 0.000

Phase 2 Router Initialization

Phase 2.1 Fix Topology Constraints
Phase 2.1 Fix Topology Constraints | Checksum: 2226ab90d

Time (s): cpu = 00:00:20 ; elapsed = 00:00:18 . Memory (MB): peak = 2429.418 ; gain = 0.000

Phase 2.2 Pre Route Cleanup
Phase 2.2 Pre Route Cleanup | Checksum: 2226ab90d

Time (s): cpu = 00:00:20 ; elapsed = 00:00:18 . Memory (MB): peak = 2429.418 ; gain = 0.000
 Number of Nodes with overlaps = 0

Phase 2.3 Update Timing
Phase 2.3 Update Timing | Checksum: 23d09cd8f

Time (s): cpu = 00:00:21 ; elapsed = 00:00:19 . Memory (MB): peak = 2429.418 ; gain = 0.000
INFO: [Route 35-416] Intermediate Timing Summary | WNS=0.914  | TNS=0.000  | WHS=-0.340 | THS=-97.167|


Phase 2.4 Soft Constraint Pins - Fast Budgeting
Phase 2.4 Soft Constraint Pins - Fast Budgeting | Checksum: 2695c2377

Time (s): cpu = 00:00:22 ; elapsed = 00:00:19 . Memory (MB): peak = 2429.418 ; gain = 0.000

Router Utilization Summary
  Global Vertical Routing Utilization    = 0 %
  Global Horizontal Routing Utilization  = 0 %
  Routable Net Status*
  *Does not include unroutable nets such as driverless and loadless.
  Run report_route_status for detailed report.
  Number of Failed Nets               = 1096
    (Failed Nets is the sum of unrouted and partially routed nets)
  Number of Unrouted Nets             = 1096
  Number of Partially Routed Nets     = 0
  Number of Node Overlaps             = 0

Phase 2 Router Initialization | Checksum: 1dd503675

Time (s): cpu = 00:00:22 ; elapsed = 00:00:19 . Memory (MB): peak = 2429.418 ; gain = 0.000

Phase 3 Global Routing
Phase 3 Global Routing | Checksum: 1dd503675

Time (s): cpu = 00:00:22 ; elapsed = 00:00:19 . Memory (MB): peak = 2429.418 ; gain = 0.000

Phase 4 Initial Routing

Phase 4.1 Initial Net Routing Pass
Phase 4.1 Initial Net Routing Pass | Checksum: 2a852e27e

Time (s): cpu = 00:00:22 ; elapsed = 00:00:19 . Memory (MB): peak = 2429.418 ; gain = 0.000
Phase 4 Initial Routing | Checksum: 2a852e27e

Time (s): cpu = 00:00:22 ; elapsed = 00:00:19 . Memory (MB): peak = 2429.418 ; gain = 0.000

Phase 5 Rip-up And Reroute

Phase 5.1 Global Iteration 0
 Number of Nodes with overlaps = 110
 Number of Nodes with overlaps = 8
 Number of Nodes with overlaps = 2
 Number of Nodes with overlaps = 0
INFO: [Route 35-416] Intermediate Timing Summary | WNS=0.819  | TNS=0.000  | WHS=N/A    | THS=N/A    |

Phase 5.1 Global Iteration 0 | Checksum: 31ff879c2

Time (s): cpu = 00:00:24 ; elapsed = 00:00:20 . Memory (MB): peak = 2429.418 ; gain = 0.000
Phase 5 Rip-up And Reroute | Checksum: 31ff879c2

Time (s): cpu = 00:00:24 ; elapsed = 00:00:20 . Memory (MB): peak = 2429.418 ; gain = 0.000

Phase 6 Delay and Skew Optimization

Phase 6.1 Delay CleanUp
Phase 6.1 Delay CleanUp | Checksum: 31ff879c2

Time (s): cpu = 00:00:24 ; elapsed = 00:00:20 . Memory (MB): peak = 2429.418 ; gain = 0.000

Phase 6.2 Clock Skew Optimization
Phase 6.2 Clock Skew Optimization | Checksum: 31ff879c2

Time (s): cpu = 00:00:24 ; elapsed = 00:00:20 . Memory (MB): peak = 2429.418 ; gain = 0.000
Phase 6 Delay and Skew Optimization | Checksum: 31ff879c2

Time (s): cpu = 00:00:24 ; elapsed = 00:00:20 . Memory (MB): peak = 2429.418 ; gain = 0.000

Phase 7 Post Hold Fix

Phase 7.1 Hold Fix Iter
INFO: [Route 35-416] Intermediate Timing Summary | WNS=0.934  | TNS=0.000  | WHS=0.006  | THS=0.000  |

Phase 7.1 Hold Fix Iter | Checksum: 2807e9ac8

Time (s): cpu = 00:00:24 ; elapsed = 00:00:20 . Memory (MB): peak = 2429.418 ; gain = 0.000
Phase 7 Post Hold Fix | Checksum: 2807e9ac8

Time (s): cpu = 00:00:24 ; elapsed = 00:00:20 . Memory (MB): peak = 2429.418 ; gain = 0.000

Phase 8 Route finalize

Router Utilization Summary
  Global Vertical Routing Utilization    = 0.603463 %
  Global Horizontal Routing Utilization  = 0.714154 %
  Routable Net Status*
  *Does not include unroutable nets such as driverless and loadless.
  Run report_route_status for detailed report.
  Number of Failed Nets               = 0
    (Failed Nets is the sum of unrouted and partially routed nets)
  Number of Unrouted Nets             = 0
  Number of Partially Routed Nets     = 0
  Number of Node Overlaps             = 0

Phase 8 Route finalize | Checksum: 2807e9ac8

Time (s): cpu = 00:00:24 ; elapsed = 00:00:20 . Memory (MB): peak = 2429.418 ; gain = 0.000

Phase 9 Verifying routed nets

 Verification completed successfully
Phase 9 Verifying routed nets | Checksum: 2807e9ac8

Time (s): cpu = 00:00:24 ; elapsed = 00:00:20 . Memory (MB): peak = 2429.418 ; gain = 0.000

Phase 10 Depositing Routes
Phase 10 Depositing Routes | Checksum: 1d33cde51

Time (s): cpu = 00:00:24 ; elapsed = 00:00:20 . Memory (MB): peak = 2429.418 ; gain = 0.000

Phase 11 Post Process Routing
Phase 11 Post Process Routing | Checksum: 1d33cde51

Time (s): cpu = 00:00:24 ; elapsed = 00:00:20 . Memory (MB): peak = 2429.418 ; gain = 0.000

Phase 12 Post Router Timing
INFO: [Route 35-57] Estimated Timing Summary | WNS=0.934  | TNS=0.000  | WHS=0.006  | THS=0.000  |

INFO: [Route 35-327] The final timing numbers are based on the router estimated timing analysis. For a complete and accurate timing signoff, please run report_timing_summary.
Phase 12 Post Router Timing | Checksum: 1d33cde51

Time (s): cpu = 00:00:24 ; elapsed = 00:00:20 . Memory (MB): peak = 2429.418 ; gain = 0.000
Total Elapsed time in route_design: 20.351 secs

Phase 13 Post-Route Event Processing
Phase 13 Post-Route Event Processing | Checksum: f46b8fd7

Time (s): cpu = 00:00:24 ; elapsed = 00:00:20 . Memory (MB): peak = 2429.418 ; gain = 0.000
INFO: [Route 35-16] Router Completed Successfully
Ending Routing Task | Checksum: f46b8fd7

Time (s): cpu = 00:00:24 ; elapsed = 00:00:20 . Memory (MB): peak = 2429.418 ; gain = 0.000

Routing Is Done.
INFO: [Common 17-83] Releasing license: Implementation
120 Infos, 18 Warnings, 0 Critical Warnings and 0 Errors encountered.
route_design completed successfully
route_design: Time (s): cpu = 00:00:24 ; elapsed = 00:00:20 . Memory (MB): peak = 2429.418 ; gain = 0.000
Write ShapeDB Complete: Time (s): cpu = 00:00:00 ; elapsed = 00:00:00.008 . Memory (MB): peak = 2429.418 ; gain = 0.000
Wrote PlaceDB: Time (s): cpu = 00:00:00 ; elapsed = 00:00:00 . Memory (MB): peak = 2429.418 ; gain = 0.000
INFO: [Timing 38-480] Writing timing data to binary archive.
Wrote PulsedLatchDB: Time (s): cpu = 00:00:00 ; elapsed = 00:00:00 . Memory (MB): peak = 2429.418 ; gain = 0.000
Writing XDEF routing.
Writing XDEF routing logical nets.
Writing XDEF routing special nets.
Wrote RouteStorage: Time (s): cpu = 00:00:00 ; elapsed = 00:00:00.057 . Memory (MB): peak = 2429.418 ; gain = 0.000
Wrote PlaceStorage: Time (s): cpu = 00:00:00 ; elapsed = 00:00:00.073 . Memory (MB): peak = 2429.418 ; gain = 0.000
Wrote Netlist Cache: Time (s): cpu = 00:00:00 ; elapsed = 00:00:00.004 . Memory (MB): peak = 2429.418 ; gain = 0.000
Wrote Device Cache: Time (s): cpu = 00:00:01 ; elapsed = 00:00:00.016 . Memory (MB): peak = 2429.418 ; gain = 0.000
Write Physdb Complete: Time (s): cpu = 00:00:01 ; elapsed = 00:00:00.170 . Memory (MB): peak = 2429.418 ; gain = 0.000
INFO: [Common 17-1381] The checkpoint 'C:/Users/BELYA/Documents/Codex/2026-09-29/https-github-com-loverlike1216-sonofield-fpga/outputs/sonofield-v3/v3/evidence/task001/ebaz_master/routed.dcp' has been generated.
INFO: [Timing 38-91] UpdateTimingParams: Speed grade: -1, Delay Type: min_max.
INFO: [Timing 38-191] Multithreading enabled for timing update using a maximum of 4 CPUs
INFO: [Timing 38-91] UpdateTimingParams: Speed grade: -1, Delay Type: max.
INFO: [Timing 38-191] Multithreading enabled for timing update using a maximum of 4 CPUs
INFO: [Timing 38-78] ReportTimingParams: -max_paths 10 -nworst 1 -delay_type max -sort_by slack.
INFO: [Timing 38-91] UpdateTimingParams: Speed grade: -1, Delay Type: min.
INFO: [Timing 38-191] Multithreading enabled for timing update using a maximum of 4 CPUs
INFO: [Timing 38-78] ReportTimingParams: -max_paths 10 -nworst 1 -delay_type min -sort_by slack.
INFO: [Timing 38-91] UpdateTimingParams: Speed grade: -1, Delay Type: max.
INFO: [Timing 38-191] Multithreading enabled for timing update using a maximum of 4 CPUs
INFO: [Timing 38-91] UpdateTimingParams: Speed grade: -1, Delay Type: min_max.
INFO: [Timing 38-191] Multithreading enabled for timing update using a maximum of 4 CPUs
INFO: [Timing 38-314] The report_cdc command only analyzes and reports clock domain crossing paths where clocks have been defined on both source and destination sides. Ports with no input delay constraint are skipped. Please run check_timing to verify there are no missing clock definitions in your design, nor any unconstrained input port.
Command: report_drc -file C:/Users/BELYA/Documents/Codex/2026-09-29/https-github-com-loverlike1216-sonofield-fpga/outputs/sonofield-v3/v3/evidence/task001/ebaz_master/drc.rpt
INFO: [IP_Flow 19-234] Refreshing IP repositories
INFO: [IP_Flow 19-1704] No user IP repositories specified
INFO: [IP_Flow 19-2313] Loaded Vivado IP repository 'D:/amd2025_2/2025.2/Vivado/data/ip'.
INFO: [DRC 23-27] Running DRC with 4 threads
INFO: [Vivado_Tcl 2-168] The results of DRC are in file C:/Users/BELYA/Documents/Codex/2026-09-29/https-github-com-loverlike1216-sonofield-fpga/outputs/sonofield-v3/v3/evidence/task001/ebaz_master/drc.rpt.
report_drc completed successfully
Command: report_methodology -file C:/Users/BELYA/Documents/Codex/2026-09-29/https-github-com-loverlike1216-sonofield-fpga/outputs/sonofield-v3/v3/evidence/task001/ebaz_master/methodology.rpt
INFO: [Timing 38-35] Done setting XDC timing constraints.
INFO: [DRC 23-133] Running Methodology with 4 threads
INFO: [Vivado_Tcl 2-1520] The results of Report Methodology are in file C:/Users/BELYA/Documents/Codex/2026-09-29/https-github-com-loverlike1216-sonofield-fpga/outputs/sonofield-v3/v3/evidence/task001/ebaz_master/methodology.rpt.
report_methodology completed successfully
INFO: [Timing 38-35] Done setting XDC timing constraints.
INFO: [ProjectBase 1-489] The host OS only allows 260 characters in a normal path. The project is stored in a path with more than 80 characters. If you experience issues with IP, Block Designs, or files not being found, please consider moving the project to a location with a shorter path. Alternately consider using the OS subst command to map part of the path to a drive letter.
Current project path is 'C:/Users/BELYA/Documents/Codex/2026-09-29/https-github-com-loverlike1216-sonofield-fpga/outputs/sonofield-v3/v3/vivado/build/ebaz_slave'
Command: synth_design -top ebaz_slave -part xc7z010clg400-1
Starting synth_design
Attempting to get a license for feature 'Synthesis' and/or device 'xc7z010'
INFO: [Common 17-349] Got license for feature 'Synthesis' and/or device 'xc7z010'
INFO: [Synth 8-7079] Multithreading enabled for synth_design using a maximum of 4 processes.
---------------------------------------------------------------------------------
Starting RTL Elaboration : Time (s): cpu = 00:00:08 ; elapsed = 00:00:09 . Memory (MB): peak = 2429.418 ; gain = 0.000
---------------------------------------------------------------------------------
WARNING: [Synth 8-6901] identifier 'lock_pipe' is used before its declaration [C:/Users/BELYA/Documents/Codex/2026-09-29/https-github-com-loverlike1216-sonofield-fpga/outputs/sonofield-v3/v3/rtl/top/dual_sync_top.sv:49]
WARNING: [Synth 8-6901] identifier 'lock_pipe' is used before its declaration [C:/Users/BELYA/Documents/Codex/2026-09-29/https-github-com-loverlike1216-sonofield-fpga/outputs/sonofield-v3/v3/rtl/top/dual_sync_top.sv:50]
INFO: [Synth 8-6157] synthesizing module 'ebaz_slave' [C:/Users/BELYA/Documents/Codex/2026-09-29/https-github-com-loverlike1216-sonofield-fpga/outputs/sonofield-v3/v3/rtl/top/dual_sync_top.sv:117]
INFO: [Synth 8-6157] synthesizing module 'dual_sync_top' [C:/Users/BELYA/Documents/Codex/2026-09-29/https-github-com-loverlike1216-sonofield-fpga/outputs/sonofield-v3/v3/rtl/top/dual_sync_top.sv:3]
	Parameter MASTER bound to: 1'b0 
INFO: [Synth 8-6157] synthesizing module 'sync_slave' [C:/Users/BELYA/Documents/Codex/2026-09-29/https-github-com-loverlike1216-sonofield-fpga/outputs/sonofield-v3/v3/rtl/sync/sync_slave.sv:2]
INFO: [Synth 8-6157] synthesizing module 'sync_protocol' [C:/Users/BELYA/Documents/Codex/2026-09-29/https-github-com-loverlike1216-sonofield-fpga/outputs/sonofield-v3/v3/rtl/sync/sync_protocol.sv:13]
INFO: [Synth 8-6155] done synthesizing module 'sync_protocol' (0#1) [C:/Users/BELYA/Documents/Codex/2026-09-29/https-github-com-loverlike1216-sonofield-fpga/outputs/sonofield-v3/v3/rtl/sync/sync_protocol.sv:13]
INFO: [Synth 8-6157] synthesizing module 'timestamp_counter' [C:/Users/BELYA/Documents/Codex/2026-09-29/https-github-com-loverlike1216-sonofield-fpga/outputs/sonofield-v3/v3/rtl/sync/timestamp_counter.sv:3]
INFO: [Synth 8-6155] done synthesizing module 'timestamp_counter' (0#1) [C:/Users/BELYA/Documents/Codex/2026-09-29/https-github-com-loverlike1216-sonofield-fpga/outputs/sonofield-v3/v3/rtl/sync/timestamp_counter.sv:3]
INFO: [Synth 8-6155] done synthesizing module 'sync_slave' (0#1) [C:/Users/BELYA/Documents/Codex/2026-09-29/https-github-com-loverlike1216-sonofield-fpga/outputs/sonofield-v3/v3/rtl/sync/sync_slave.sv:2]
INFO: [Synth 8-6157] synthesizing module 'clk_manager' [C:/Users/BELYA/Documents/Codex/2026-09-29/https-github-com-loverlike1216-sonofield-fpga/outputs/sonofield-v3/v3/rtl/clock/clk_manager.sv:2]
	Parameter SIMULATION bound to: 1'b0 
INFO: [Synth 8-6157] synthesizing module 'IBUF' [D:/amd2025_2/2025.2/Vivado/scripts/rt/data/unisim_comp.v:82804]
INFO: [Synth 8-6155] done synthesizing module 'IBUF' (0#1) [D:/amd2025_2/2025.2/Vivado/scripts/rt/data/unisim_comp.v:82804]
INFO: [Synth 8-6157] synthesizing module 'MMCME2_BASE' [D:/amd2025_2/2025.2/Vivado/scripts/rt/data/unisim_comp.v:95964]
	Parameter CLKFBOUT_MULT_F bound to: 2.000000e+01 - type: double 
	Parameter CLKIN1_PERIOD bound to: 2.000000e+01 - type: double 
	Parameter CLKOUT0_DIVIDE_F bound to: 2.000000e+01 - type: double 
	Parameter DIVCLK_DIVIDE bound to: 1 - type: integer 
	Parameter STARTUP_WAIT bound to: FALSE - type: string 
INFO: [Synth 8-6155] done synthesizing module 'MMCME2_BASE' (0#1) [D:/amd2025_2/2025.2/Vivado/scripts/rt/data/unisim_comp.v:95964]
WARNING: [Synth 8-7071] port 'CLKFBOUTB' of module 'MMCME2_BASE' is unconnected for instance 'mmcm' [C:/Users/BELYA/Documents/Codex/2026-09-29/https-github-com-loverlike1216-sonofield-fpga/outputs/sonofield-v3/v3/rtl/clock/clk_manager.sv:10]
WARNING: [Synth 8-7071] port 'CLKOUT0B' of module 'MMCME2_BASE' is unconnected for instance 'mmcm' [C:/Users/BELYA/Documents/Codex/2026-09-29/https-github-com-loverlike1216-sonofield-fpga/outputs/sonofield-v3/v3/rtl/clock/clk_manager.sv:10]
WARNING: [Synth 8-7071] port 'CLKOUT1' of module 'MMCME2_BASE' is unconnected for instance 'mmcm' [C:/Users/BELYA/Documents/Codex/2026-09-29/https-github-com-loverlike1216-sonofield-fpga/outputs/sonofield-v3/v3/rtl/clock/clk_manager.sv:10]
WARNING: [Synth 8-7071] port 'CLKOUT1B' of module 'MMCME2_BASE' is unconnected for instance 'mmcm' [C:/Users/BELYA/Documents/Codex/2026-09-29/https-github-com-loverlike1216-sonofield-fpga/outputs/sonofield-v3/v3/rtl/clock/clk_manager.sv:10]
WARNING: [Synth 8-7071] port 'CLKOUT2' of module 'MMCME2_BASE' is unconnected for instance 'mmcm' [C:/Users/BELYA/Documents/Codex/2026-09-29/https-github-com-loverlike1216-sonofield-fpga/outputs/sonofield-v3/v3/rtl/clock/clk_manager.sv:10]
WARNING: [Synth 8-7071] port 'CLKOUT2B' of module 'MMCME2_BASE' is unconnected for instance 'mmcm' [C:/Users/BELYA/Documents/Codex/2026-09-29/https-github-com-loverlike1216-sonofield-fpga/outputs/sonofield-v3/v3/rtl/clock/clk_manager.sv:10]
WARNING: [Synth 8-7071] port 'CLKOUT3' of module 'MMCME2_BASE' is unconnected for instance 'mmcm' [C:/Users/BELYA/Documents/Codex/2026-09-29/https-github-com-loverlike1216-sonofield-fpga/outputs/sonofield-v3/v3/rtl/clock/clk_manager.sv:10]
WARNING: [Synth 8-7071] port 'CLKOUT3B' of module 'MMCME2_BASE' is unconnected for instance 'mmcm' [C:/Users/BELYA/Documents/Codex/2026-09-29/https-github-com-loverlike1216-sonofield-fpga/outputs/sonofield-v3/v3/rtl/clock/clk_manager.sv:10]
WARNING: [Synth 8-7071] port 'CLKOUT4' of module 'MMCME2_BASE' is unconnected for instance 'mmcm' [C:/Users/BELYA/Documents/Codex/2026-09-29/https-github-com-loverlike1216-sonofield-fpga/outputs/sonofield-v3/v3/rtl/clock/clk_manager.sv:10]
WARNING: [Synth 8-7071] port 'CLKOUT5' of module 'MMCME2_BASE' is unconnected for instance 'mmcm' [C:/Users/BELYA/Documents/Codex/2026-09-29/https-github-com-loverlike1216-sonofield-fpga/outputs/sonofield-v3/v3/rtl/clock/clk_manager.sv:10]
WARNING: [Synth 8-7071] port 'CLKOUT6' of module 'MMCME2_BASE' is unconnected for instance 'mmcm' [C:/Users/BELYA/Documents/Codex/2026-09-29/https-github-com-loverlike1216-sonofield-fpga/outputs/sonofield-v3/v3/rtl/clock/clk_manager.sv:10]
WARNING: [Synth 8-7023] instance 'mmcm' of module 'MMCME2_BASE' has 18 connections declared, but only 7 given [C:/Users/BELYA/Documents/Codex/2026-09-29/https-github-com-loverlike1216-sonofield-fpga/outputs/sonofield-v3/v3/rtl/clock/clk_manager.sv:10]
INFO: [Synth 8-6157] synthesizing module 'BUFG' [D:/amd2025_2/2025.2/Vivado/scripts/rt/data/unisim_comp.v:2678]
INFO: [Synth 8-6155] done synthesizing module 'BUFG' (0#1) [D:/amd2025_2/2025.2/Vivado/scripts/rt/data/unisim_comp.v:2678]
INFO: [Synth 8-6155] done synthesizing module 'clk_manager' (0#1) [C:/Users/BELYA/Documents/Codex/2026-09-29/https-github-com-loverlike1216-sonofield-fpga/outputs/sonofield-v3/v3/rtl/clock/clk_manager.sv:2]
INFO: [Synth 8-6155] done synthesizing module 'dual_sync_top' (0#1) [C:/Users/BELYA/Documents/Codex/2026-09-29/https-github-com-loverlike1216-sonofield-fpga/outputs/sonofield-v3/v3/rtl/top/dual_sync_top.sv:3]
INFO: [Synth 8-6155] done synthesizing module 'ebaz_slave' (0#1) [C:/Users/BELYA/Documents/Codex/2026-09-29/https-github-com-loverlike1216-sonofield-fpga/outputs/sonofield-v3/v3/rtl/top/dual_sync_top.sv:117]
WARNING: [Synth 8-7129] Port sync_lock_in in module dual_sync_top is either unconnected or has no load
WARNING: [Synth 8-7129] Port sync_echo_in in module dual_sync_top is either unconnected or has no load
WARNING: [Synth 8-7129] Port reset_request_n in module dual_sync_top is either unconnected or has no load
WARNING: [Synth 8-7129] Port trigger_request_n in module dual_sync_top is either unconnected or has no load
---------------------------------------------------------------------------------
Finished RTL Elaboration : Time (s): cpu = 00:00:11 ; elapsed = 00:00:12 . Memory (MB): peak = 2429.418 ; gain = 0.000
---------------------------------------------------------------------------------
---------------------------------------------------------------------------------
Start Handling Custom Attributes
---------------------------------------------------------------------------------
---------------------------------------------------------------------------------
Finished Handling Custom Attributes : Time (s): cpu = 00:00:11 ; elapsed = 00:00:12 . Memory (MB): peak = 2429.418 ; gain = 0.000
---------------------------------------------------------------------------------
---------------------------------------------------------------------------------
Finished RTL Optimization Phase 1 : Time (s): cpu = 00:00:11 ; elapsed = 00:00:12 . Memory (MB): peak = 2429.418 ; gain = 0.000
---------------------------------------------------------------------------------
Netlist sorting complete. Time (s): cpu = 00:00:00 ; elapsed = 00:00:00.036 . Memory (MB): peak = 2429.418 ; gain = 0.000
INFO: [Netlist 29-17] Analyzing 1 Unisim elements for replacement
INFO: [Netlist 29-28] Unisim Transformation completed in 0 CPU seconds
INFO: [Project 1-570] Preparing netlist for logic optimization

Processing XDC Constraints
Initializing timing engine
Parsing XDC File [C:/Users/BELYA/Documents/Codex/2026-09-29/https-github-com-loverlike1216-sonofield-fpga/outputs/sonofield-v3/v3/constraints/ebaz_slave.xdc]
INFO: [Timing 38-2] Deriving generated clocks [C:/Users/BELYA/Documents/Codex/2026-09-29/https-github-com-loverlike1216-sonofield-fpga/outputs/sonofield-v3/v3/constraints/ebaz_slave.xdc:38]
Finished Parsing XDC File [C:/Users/BELYA/Documents/Codex/2026-09-29/https-github-com-loverlike1216-sonofield-fpga/outputs/sonofield-v3/v3/constraints/ebaz_slave.xdc]
INFO: [Project 1-236] Implementation specific constraints were found while reading constraint file [C:/Users/BELYA/Documents/Codex/2026-09-29/https-github-com-loverlike1216-sonofield-fpga/outputs/sonofield-v3/v3/constraints/ebaz_slave.xdc]. These constraints will be ignored for synthesis but will be used in implementation. Impacted constraints are listed in the file [.Xil/ebaz_slave_propImpl.xdc].
Resolution: To avoid this warning, move constraints listed in [.Xil/ebaz_slave_propImpl.xdc] to another XDC file and exclude this new file from synthesis with the used_in_synthesis property (File Properties dialog in GUI) and re-run elaboration/synthesis.
Completed Processing XDC Constraints

Netlist sorting complete. Time (s): cpu = 00:00:00 ; elapsed = 00:00:00.001 . Memory (MB): peak = 2429.418 ; gain = 0.000
INFO: [Project 1-111] Unisim Transformation Summary:
  A total of 1 instances were transformed.
  MMCME2_BASE => MMCME2_ADV: 1 instance 

Constraint Validation Runtime : Time (s): cpu = 00:00:00 ; elapsed = 00:00:00.021 . Memory (MB): peak = 2429.418 ; gain = 0.000
---------------------------------------------------------------------------------
Finished Constraint Validation : Time (s): cpu = 00:00:23 ; elapsed = 00:00:24 . Memory (MB): peak = 2429.418 ; gain = 0.000
---------------------------------------------------------------------------------
---------------------------------------------------------------------------------
Start Loading Part and Timing Information
---------------------------------------------------------------------------------
Loading part: xc7z010clg400-1
---------------------------------------------------------------------------------
Finished Loading Part and Timing Information : Time (s): cpu = 00:00:23 ; elapsed = 00:00:24 . Memory (MB): peak = 2429.418 ; gain = 0.000
---------------------------------------------------------------------------------
---------------------------------------------------------------------------------
Start Applying 'set_property' XDC Constraints
---------------------------------------------------------------------------------
---------------------------------------------------------------------------------
Finished applying 'set_property' XDC Constraints : Time (s): cpu = 00:00:23 ; elapsed = 00:00:25 . Memory (MB): peak = 2429.418 ; gain = 0.000
---------------------------------------------------------------------------------
---------------------------------------------------------------------------------
Finished RTL Optimization Phase 2 : Time (s): cpu = 00:00:23 ; elapsed = 00:00:25 . Memory (MB): peak = 2429.418 ; gain = 0.000
---------------------------------------------------------------------------------
---------------------------------------------------------------------------------
Start RTL Component Statistics 
---------------------------------------------------------------------------------
Detailed RTL Component Info : 
+---Adders : 
	   2 Input   64 Bit       Adders := 4     
	   3 Input   64 Bit       Adders := 2     
	   3 Input   32 Bit       Adders := 1     
	   2 Input   32 Bit       Adders := 1     
	   2 Input   13 Bit       Adders := 1     
	   2 Input   10 Bit       Adders := 1     
	   2 Input    8 Bit       Adders := 1     
	   2 Input    5 Bit       Adders := 1     
	   2 Input    2 Bit       Adders := 1     
+---XORs : 
	   2 Input     16 Bit         XORs := 1     
	   2 Input      1 Bit         XORs := 1     
+---Registers : 
	              128 Bit    Registers := 2     
	               64 Bit    Registers := 4     
	               32 Bit    Registers := 1     
	               16 Bit    Registers := 2     
	               13 Bit    Registers := 1     
	               10 Bit    Registers := 1     
	                8 Bit    Registers := 1     
	                5 Bit    Registers := 1     
	                3 Bit    Registers := 3     
	                2 Bit    Registers := 3     
	                1 Bit    Registers := 13    
+---Muxes : 
	   2 Input   64 Bit        Muxes := 1     
	   2 Input   13 Bit        Muxes := 3     
	   2 Input    2 Bit        Muxes := 6     
	   2 Input    1 Bit        Muxes := 55    
---------------------------------------------------------------------------------
Finished RTL Component Statistics 
---------------------------------------------------------------------------------
---------------------------------------------------------------------------------
Start Part Resource Summary
---------------------------------------------------------------------------------
Part Resources:
DSPs: 80 (col length:40)
BRAMs: 120 (col length: RAMB18 40 RAMB36 20)
---------------------------------------------------------------------------------
Finished Part Resource Summary
---------------------------------------------------------------------------------
---------------------------------------------------------------------------------
Start Cross Boundary and Area Optimization
---------------------------------------------------------------------------------
---------------------------------------------------------------------------------
Finished Cross Boundary and Area Optimization : Time (s): cpu = 00:00:32 ; elapsed = 00:00:34 . Memory (MB): peak = 2429.418 ; gain = 0.000
---------------------------------------------------------------------------------
---------------------------------------------------------------------------------
Start Applying XDC Timing Constraints
---------------------------------------------------------------------------------
---------------------------------------------------------------------------------
Finished Applying XDC Timing Constraints : Time (s): cpu = 00:00:40 ; elapsed = 00:00:42 . Memory (MB): peak = 2429.418 ; gain = 0.000
---------------------------------------------------------------------------------
---------------------------------------------------------------------------------
Start Timing Optimization
---------------------------------------------------------------------------------
---------------------------------------------------------------------------------
Finished Timing Optimization : Time (s): cpu = 00:00:40 ; elapsed = 00:00:43 . Memory (MB): peak = 2429.418 ; gain = 0.000
---------------------------------------------------------------------------------
---------------------------------------------------------------------------------
Start Technology Mapping
---------------------------------------------------------------------------------
---------------------------------------------------------------------------------
Finished Technology Mapping : Time (s): cpu = 00:00:41 ; elapsed = 00:00:43 . Memory (MB): peak = 2429.418 ; gain = 0.000
---------------------------------------------------------------------------------
---------------------------------------------------------------------------------
Start IO Insertion
---------------------------------------------------------------------------------
---------------------------------------------------------------------------------
Start Flattening Before IO Insertion
---------------------------------------------------------------------------------
---------------------------------------------------------------------------------
Finished Flattening Before IO Insertion
---------------------------------------------------------------------------------
---------------------------------------------------------------------------------
Start Final Netlist Cleanup
---------------------------------------------------------------------------------
---------------------------------------------------------------------------------
Finished Final Netlist Cleanup
---------------------------------------------------------------------------------
---------------------------------------------------------------------------------
Finished IO Insertion : Time (s): cpu = 00:00:47 ; elapsed = 00:00:50 . Memory (MB): peak = 2429.418 ; gain = 0.000
---------------------------------------------------------------------------------
---------------------------------------------------------------------------------
Start Renaming Generated Instances
---------------------------------------------------------------------------------
---------------------------------------------------------------------------------
Finished Renaming Generated Instances : Time (s): cpu = 00:00:47 ; elapsed = 00:00:50 . Memory (MB): peak = 2429.418 ; gain = 0.000
---------------------------------------------------------------------------------
---------------------------------------------------------------------------------
Start Rebuilding User Hierarchy
---------------------------------------------------------------------------------
---------------------------------------------------------------------------------
Finished Rebuilding User Hierarchy : Time (s): cpu = 00:00:48 ; elapsed = 00:00:50 . Memory (MB): peak = 2429.418 ; gain = 0.000
---------------------------------------------------------------------------------
---------------------------------------------------------------------------------
Start Renaming Generated Ports
---------------------------------------------------------------------------------
---------------------------------------------------------------------------------
Finished Renaming Generated Ports : Time (s): cpu = 00:00:48 ; elapsed = 00:00:50 . Memory (MB): peak = 2429.418 ; gain = 0.000
---------------------------------------------------------------------------------
---------------------------------------------------------------------------------
Start Handling Custom Attributes
---------------------------------------------------------------------------------
---------------------------------------------------------------------------------
Finished Handling Custom Attributes : Time (s): cpu = 00:00:48 ; elapsed = 00:00:50 . Memory (MB): peak = 2429.418 ; gain = 0.000
---------------------------------------------------------------------------------
---------------------------------------------------------------------------------
Start Renaming Generated Nets
---------------------------------------------------------------------------------
---------------------------------------------------------------------------------
Finished Renaming Generated Nets : Time (s): cpu = 00:00:48 ; elapsed = 00:00:50 . Memory (MB): peak = 2429.418 ; gain = 0.000
---------------------------------------------------------------------------------
---------------------------------------------------------------------------------
Start Writing Synthesis Report
---------------------------------------------------------------------------------

Report BlackBoxes: 
+-+--------------+----------+
| |BlackBox name |Instances |
+-+--------------+----------+
+-+--------------+----------+

Report Cell Usage: 
+------+------------+------+
|      |Cell        |Count |
+------+------------+------+
|1     |BUFG        |     3|
|2     |CARRY4      |   162|
|3     |LUT1        |   140|
|4     |LUT2        |   235|
|5     |LUT3        |    41|
|6     |LUT4        |   149|
|7     |LUT5        |    20|
|8     |LUT6        |    94|
|9     |MMCME2_BASE |     1|
|10    |FDCE        |     9|
|11    |FDRE        |   590|
|12    |FDSE        |    16|
|13    |IBUF        |     6|
|14    |OBUF        |     8|
+------+------------+------+
---------------------------------------------------------------------------------
Finished Writing Synthesis Report : Time (s): cpu = 00:00:48 ; elapsed = 00:00:50 . Memory (MB): peak = 2429.418 ; gain = 0.000
---------------------------------------------------------------------------------
Synthesis finished with 0 errors, 0 critical warnings and 0 warnings.
Synthesis Optimization Runtime : Time (s): cpu = 00:00:34 ; elapsed = 00:00:47 . Memory (MB): peak = 2429.418 ; gain = 0.000
Synthesis Optimization Complete : Time (s): cpu = 00:00:48 ; elapsed = 00:00:50 . Memory (MB): peak = 2429.418 ; gain = 0.000
INFO: [Project 1-571] Translating synthesized netlist
Netlist sorting complete. Time (s): cpu = 00:00:00 ; elapsed = 00:00:00.031 . Memory (MB): peak = 2429.418 ; gain = 0.000
INFO: [Netlist 29-17] Analyzing 163 Unisim elements for replacement
INFO: [Netlist 29-28] Unisim Transformation completed in 0 CPU seconds
INFO: [Project 1-570] Preparing netlist for logic optimization
Parsing XDC File [C:/Users/BELYA/Documents/Codex/2026-09-29/https-github-com-loverlike1216-sonofield-fpga/outputs/sonofield-v3/v3/constraints/ebaz_slave.xdc]
INFO: [Timing 38-35] Done setting XDC timing constraints. [C:/Users/BELYA/Documents/Codex/2026-09-29/https-github-com-loverlike1216-sonofield-fpga/outputs/sonofield-v3/v3/constraints/ebaz_slave.xdc:38]
INFO: [Timing 38-2] Deriving generated clocks [C:/Users/BELYA/Documents/Codex/2026-09-29/https-github-com-loverlike1216-sonofield-fpga/outputs/sonofield-v3/v3/constraints/ebaz_slave.xdc:38]
get_clocks: Time (s): cpu = 00:00:08 ; elapsed = 00:00:08 . Memory (MB): peak = 2543.262 ; gain = 113.844
Finished Parsing XDC File [C:/Users/BELYA/Documents/Codex/2026-09-29/https-github-com-loverlike1216-sonofield-fpga/outputs/sonofield-v3/v3/constraints/ebaz_slave.xdc]
INFO: [Opt 31-138] Pushed 0 inverter(s) to 0 load pin(s).
Netlist sorting complete. Time (s): cpu = 00:00:00 ; elapsed = 00:00:00 . Memory (MB): peak = 2543.262 ; gain = 0.000
INFO: [Project 1-111] Unisim Transformation Summary:
  A total of 1 instances were transformed.
  MMCME2_BASE => MMCME2_ADV: 1 instance 

Synth Design complete | Checksum: 21871a3d
INFO: [Common 17-83] Releasing license: Synthesis
35 Infos, 18 Warnings, 0 Critical Warnings and 0 Errors encountered.
synth_design completed successfully
synth_design: Time (s): cpu = 00:01:00 ; elapsed = 00:01:03 . Memory (MB): peak = 2543.262 ; gain = 113.844
INFO: [Timing 38-35] Done setting XDC timing constraints.
Write ShapeDB Complete: Time (s): cpu = 00:00:00 ; elapsed = 00:00:00.006 . Memory (MB): peak = 2543.262 ; gain = 0.000
Wrote PlaceDB: Time (s): cpu = 00:00:00 ; elapsed = 00:00:00 . Memory (MB): peak = 2543.262 ; gain = 0.000
INFO: [Timing 38-480] Writing timing data to binary archive.
Wrote PulsedLatchDB: Time (s): cpu = 00:00:00 ; elapsed = 00:00:00 . Memory (MB): peak = 2543.262 ; gain = 0.000
Writing XDEF routing.
Writing XDEF routing logical nets.
Writing XDEF routing special nets.
Wrote RouteStorage: Time (s): cpu = 00:00:00 ; elapsed = 00:00:00.043 . Memory (MB): peak = 2543.262 ; gain = 0.000
Wrote PlaceStorage: Time (s): cpu = 00:00:00 ; elapsed = 00:00:00.001 . Memory (MB): peak = 2543.262 ; gain = 0.000
Wrote Netlist Cache: Time (s): cpu = 00:00:00 ; elapsed = 00:00:00.001 . Memory (MB): peak = 2543.262 ; gain = 0.000
Wrote Device Cache: Time (s): cpu = 00:00:00 ; elapsed = 00:00:00.018 . Memory (MB): peak = 2543.262 ; gain = 0.000
Write Physdb Complete: Time (s): cpu = 00:00:00 ; elapsed = 00:00:00.084 . Memory (MB): peak = 2543.262 ; gain = 0.000
INFO: [Common 17-1381] The checkpoint 'C:/Users/BELYA/Documents/Codex/2026-09-29/https-github-com-loverlike1216-sonofield-fpga/outputs/sonofield-v3/v3/evidence/task001/ebaz_slave/synthesized.dcp' has been generated.
INFO: [Timing 38-91] UpdateTimingParams: Speed grade: -1, Delay Type: min_max.
INFO: [Timing 38-191] Multithreading enabled for timing update using a maximum of 4 CPUs
report_io: Time (s): cpu = 00:00:00 ; elapsed = 00:00:00.146 . Memory (MB): peak = 2543.262 ; gain = 0.000
Command: opt_design
Attempting to get a license for feature 'Implementation' and/or device 'xc7z010'
INFO: [Common 17-349] Got license for feature 'Implementation' and/or device 'xc7z010'
Running DRC as a precondition to command opt_design

Starting DRC Task
INFO: [DRC 23-27] Running DRC with 4 threads
INFO: [Project 1-461] DRC finished with 0 Errors
INFO: [Project 1-462] Please refer to the DRC report (report_drc) for more information.

Time (s): cpu = 00:00:02 ; elapsed = 00:00:00.549 . Memory (MB): peak = 2543.262 ; gain = 0.000

Starting Cache Timing Information Task
Ending Cache Timing Information Task | Checksum: 2529f74ff

Time (s): cpu = 00:00:00 ; elapsed = 00:00:00.002 . Memory (MB): peak = 2543.262 ; gain = 0.000

Starting Logic Optimization Task

Phase 1 Initialization

Phase 1.1 Core Generation And Design Setup
Phase 1.1 Core Generation And Design Setup | Checksum: 2529f74ff

Time (s): cpu = 00:00:00 ; elapsed = 00:00:00.003 . Memory (MB): peak = 2543.262 ; gain = 0.000

Phase 1.2 Setup Constraints And Sort Netlist
Phase 1.2 Setup Constraints And Sort Netlist | Checksum: 2529f74ff

Time (s): cpu = 00:00:00 ; elapsed = 00:00:00.006 . Memory (MB): peak = 2543.262 ; gain = 0.000
Phase 1 Initialization | Checksum: 2529f74ff

Time (s): cpu = 00:00:00 ; elapsed = 00:00:00.008 . Memory (MB): peak = 2543.262 ; gain = 0.000

Phase 2 Timer Update And Timing Data Collection

Phase 2.1 Detect if minReqCache needed
Phase 2.1 Detect if minReqCache needed | Checksum: 2529f74ff

Time (s): cpu = 00:00:00 ; elapsed = 00:00:00.022 . Memory (MB): peak = 2543.262 ; gain = 0.000

Phase 2.2 Timer Update
Phase 2.2 Timer Update | Checksum: 2529f74ff

Time (s): cpu = 00:00:00 ; elapsed = 00:00:00.061 . Memory (MB): peak = 2543.262 ; gain = 0.000

Phase 2.3 Timing Data Collection
Phase 2.3 Timing Data Collection | Checksum: 2529f74ff

Time (s): cpu = 00:00:00 ; elapsed = 00:00:00.063 . Memory (MB): peak = 2543.262 ; gain = 0.000
Phase 2 Timer Update And Timing Data Collection | Checksum: 2529f74ff

Time (s): cpu = 00:00:00 ; elapsed = 00:00:00.065 . Memory (MB): peak = 2543.262 ; gain = 0.000

Phase 3 Retarget
INFO: [Opt 31-1851] Number of loadless carry chains removed were: 0
INFO: [Opt 31-1834] Total Chains To Be Transformed Were: 0 AND Number of Transformed insts Created are: 0
INFO: [Opt 31-138] Pushed 1 inverter(s) to 1 load pin(s).
INFO: [Opt 31-49] Retargeted 0 cell(s).
Phase 3 Retarget | Checksum: 23b6bc03e

Time (s): cpu = 00:00:00 ; elapsed = 00:00:00.099 . Memory (MB): peak = 2543.262 ; gain = 0.000
Retarget | Checksum: 23b6bc03e
INFO: [Opt 31-389] Phase Retarget created 0 cells and removed 0 cells
INFO: [Opt 31-1021] In phase Retarget, 1 netlist objects are constrained preventing optimization. Please run opt_design with -debug_log to get more detail. 

Phase 4 Constant propagation
INFO: [Opt 31-138] Pushed 0 inverter(s) to 0 load pin(s).
Phase 4 Constant propagation | Checksum: 2e8db9d43

Time (s): cpu = 00:00:00 ; elapsed = 00:00:00.122 . Memory (MB): peak = 2543.262 ; gain = 0.000
Constant propagation | Checksum: 2e8db9d43
INFO: [Opt 31-389] Phase Constant propagation created 0 cells and removed 0 cells

Phase 5 Sweep
INFO: [Constraints 18-11670] Building netlist checker database with flags, 0x8
Done building netlist checker database: Time (s): cpu = 00:00:00 ; elapsed = 00:00:00.001 . Memory (MB): peak = 2543.262 ; gain = 0.000
Phase 5 Sweep | Checksum: 2f6eda138

Time (s): cpu = 00:00:00 ; elapsed = 00:00:00.149 . Memory (MB): peak = 2543.262 ; gain = 0.000
Sweep | Checksum: 2f6eda138
INFO: [Opt 31-389] Phase Sweep created 0 cells and removed 0 cells

Phase 6 BUFG optimization
Phase 6 BUFG optimization | Checksum: 2f6eda138

Time (s): cpu = 00:00:00 ; elapsed = 00:00:00.201 . Memory (MB): peak = 2543.262 ; gain = 0.000
BUFG optimization | Checksum: 2f6eda138
INFO: [Opt 31-662] Phase BUFG optimization created 0 cells of which 0 are BUFGs and removed 0 cells.

Phase 7 Shift Register Optimization
INFO: [Opt 31-1064] SRL Remap converted 0 SRLs to 0 registers and converted 0 registers of register chains to 0 SRLs
Phase 7 Shift Register Optimization | Checksum: 2f6eda138

Time (s): cpu = 00:00:00 ; elapsed = 00:00:00.208 . Memory (MB): peak = 2543.262 ; gain = 0.000
Shift Register Optimization | Checksum: 2f6eda138
INFO: [Opt 31-389] Phase Shift Register Optimization created 0 cells and removed 0 cells

Phase 8 Post Processing Netlist
Phase 8 Post Processing Netlist | Checksum: 2f6eda138

Time (s): cpu = 00:00:00 ; elapsed = 00:00:00.217 . Memory (MB): peak = 2543.262 ; gain = 0.000
Post Processing Netlist | Checksum: 2f6eda138
INFO: [Opt 31-389] Phase Post Processing Netlist created 0 cells and removed 0 cells

Phase 9 Finalization

Phase 9.1 Finalizing Design Cores and Updating Shapes
Phase 9.1 Finalizing Design Cores and Updating Shapes | Checksum: 20135e58e

Time (s): cpu = 00:00:00 ; elapsed = 00:00:00.323 . Memory (MB): peak = 2543.262 ; gain = 0.000

Phase 9.2 Verifying Netlist Connectivity

Starting Connectivity Check Task

Time (s): cpu = 00:00:00 ; elapsed = 00:00:00.004 . Memory (MB): peak = 2543.262 ; gain = 0.000
Phase 9.2 Verifying Netlist Connectivity | Checksum: 20135e58e

Time (s): cpu = 00:00:00 ; elapsed = 00:00:00.329 . Memory (MB): peak = 2543.262 ; gain = 0.000
Phase 9 Finalization | Checksum: 20135e58e

Time (s): cpu = 00:00:00 ; elapsed = 00:00:00.330 . Memory (MB): peak = 2543.262 ; gain = 0.000
Opt_design Change Summary
=========================


-------------------------------------------------------------------------------------------------------------------------
|  Phase                        |  #Cells created  |  #Cells Removed  |  #Constrained objects preventing optimizations  |
-------------------------------------------------------------------------------------------------------------------------
|  Retarget                     |               0  |               0  |                                              1  |
|  Constant propagation         |               0  |               0  |                                              0  |
|  Sweep                        |               0  |               0  |                                              0  |
|  BUFG optimization            |               0  |               0  |                                              0  |
|  Shift Register Optimization  |               0  |               0  |                                              0  |
|  Post Processing Netlist      |               0  |               0  |                                              0  |
-------------------------------------------------------------------------------------------------------------------------


Ending Logic Optimization Task | Checksum: 20135e58e

Time (s): cpu = 00:00:00 ; elapsed = 00:00:00.334 . Memory (MB): peak = 2543.262 ; gain = 0.000

Starting Power Optimization Task
INFO: [Pwropt 34-132] Skipping clock gating for clocks with a period < 2.00 ns.
Ending Power Optimization Task | Checksum: 20135e58e

Time (s): cpu = 00:00:00 ; elapsed = 00:00:00.004 . Memory (MB): peak = 2543.262 ; gain = 0.000

Starting Final Cleanup Task
Ending Final Cleanup Task | Checksum: 20135e58e

Time (s): cpu = 00:00:00 ; elapsed = 00:00:00.001 . Memory (MB): peak = 2543.262 ; gain = 0.000
Netlist sorting complete. Time (s): cpu = 00:00:00 ; elapsed = 00:00:00.001 . Memory (MB): peak = 2543.262 ; gain = 0.000
INFO: [Common 17-83] Releasing license: Implementation
60 Infos, 18 Warnings, 0 Critical Warnings and 0 Errors encountered.
opt_design completed successfully
opt_design: Time (s): cpu = 00:00:08 ; elapsed = 00:00:07 . Memory (MB): peak = 2543.262 ; gain = 0.000
Command: place_design
Attempting to get a license for feature 'Implementation' and/or device 'xc7z010'
INFO: [Common 17-349] Got license for feature 'Implementation' and/or device 'xc7z010'
INFO: [Common 17-83] Releasing license: Implementation
INFO: [DRC 23-27] Running DRC with 4 threads
INFO: [Vivado_Tcl 4-198] DRC finished with 0 Errors
INFO: [Vivado_Tcl 4-199] Please refer to the DRC report (report_drc) for more information.
INFO: [Timing 38-35] Done setting XDC timing constraints.
Running DRC as a precondition to command place_design
INFO: [DRC 23-27] Running DRC with 4 threads
INFO: [Vivado_Tcl 4-198] DRC finished with 0 Errors
INFO: [Vivado_Tcl 4-199] Please refer to the DRC report (report_drc) for more information.
INFO: [Place 30-611] Multithreading enabled for place_design using a maximum of 4 CPUs

Starting Placer Task

Phase 1 Placer Initialization

Phase 1.1 Placer Initialization Netlist Sorting
Netlist sorting complete. Time (s): cpu = 00:00:00 ; elapsed = 00:00:00.001 . Memory (MB): peak = 2543.262 ; gain = 0.000
Phase 1.1 Placer Initialization Netlist Sorting | Checksum: 15a3eae1a

Time (s): cpu = 00:00:00 ; elapsed = 00:00:00.003 . Memory (MB): peak = 2543.262 ; gain = 0.000
Netlist sorting complete. Time (s): cpu = 00:00:00 ; elapsed = 00:00:00.001 . Memory (MB): peak = 2543.262 ; gain = 0.000

Phase 1.2 IO Placement/ Clock Placement/ Build Placer Device
Phase 1.2 IO Placement/ Clock Placement/ Build Placer Device | Checksum: 1fcb9ee41

Time (s): cpu = 00:00:01 ; elapsed = 00:00:00.195 . Memory (MB): peak = 2543.262 ; gain = 0.000

Phase 1.3 Build Placer Netlist Model
Phase 1.3 Build Placer Netlist Model | Checksum: 2543648b8

Time (s): cpu = 00:00:01 ; elapsed = 00:00:00.593 . Memory (MB): peak = 2543.262 ; gain = 0.000

Phase 1.4 Constrain Clocks/Macros
Phase 1.4 Constrain Clocks/Macros | Checksum: 2543648b8

Time (s): cpu = 00:00:01 ; elapsed = 00:00:00.598 . Memory (MB): peak = 2543.262 ; gain = 0.000
Phase 1 Placer Initialization | Checksum: 2543648b8

Time (s): cpu = 00:00:01 ; elapsed = 00:00:00.605 . Memory (MB): peak = 2543.262 ; gain = 0.000

Phase 2 Global Placement

Phase 2.1 Floorplanning
Phase 2.1 Floorplanning | Checksum: 29b4efc5a

Time (s): cpu = 00:00:02 ; elapsed = 00:00:00.825 . Memory (MB): peak = 2543.262 ; gain = 0.000

Phase 2.2 Update Timing before SLR Path Opt
Phase 2.2 Update Timing before SLR Path Opt | Checksum: 2521ddcae

Time (s): cpu = 00:00:02 ; elapsed = 00:00:01 . Memory (MB): peak = 2543.262 ; gain = 0.000

Phase 2.3 Post-Processing in Floorplanning
Phase 2.3 Post-Processing in Floorplanning | Checksum: 2521ddcae

Time (s): cpu = 00:00:02 ; elapsed = 00:00:01 . Memory (MB): peak = 2543.262 ; gain = 0.000

Phase 2.4 Global Place Phase1
Phase 2.4 Global Place Phase1 | Checksum: 2474b2ce4

Time (s): cpu = 00:00:06 ; elapsed = 00:00:03 . Memory (MB): peak = 2543.262 ; gain = 0.000

Phase 2.5 Global Place Phase2

Phase 2.5.1 UpdateTiming Before Physical Synthesis
Phase 2.5.1 UpdateTiming Before Physical Synthesis | Checksum: 27f15e1ee

Time (s): cpu = 00:00:07 ; elapsed = 00:00:03 . Memory (MB): peak = 2543.262 ; gain = 0.000

Phase 2.5.2 Physical Synthesis In Placer
INFO: [Physopt 32-1035] Found 0 LUTNM shape to break, 14 LUT instances to create LUTNM shape
INFO: [Physopt 32-1044] Break lutnm for timing: one critical 0, two critical 0, total 0, new lutff created 0
INFO: [Physopt 32-1138] End 1 Pass. Optimized 6 nets or LUTs. Breaked 0 LUT, combined 6 existing LUTs and moved 0 existing LUT
INFO: [Physopt 32-65] No nets found for high-fanout optimization.
INFO: [Physopt 32-232] Optimized 0 net. Created 0 new instance.
INFO: [Physopt 32-775] End 1 Pass. Optimized 0 net or cell. Created 0 new cell, deleted 0 existing cell and moved 0 existing cell
INFO: [Physopt 32-456] No candidate cells for DSP register optimization found in the design.
INFO: [Physopt 32-775] End 2 Pass. Optimized 0 net or cell. Created 0 new cell, deleted 0 existing cell and moved 0 existing cell
INFO: [Physopt 32-1123] No candidate cells found for Shift Register to Pipeline optimization
INFO: [Physopt 32-775] End 2 Pass. Optimized 0 net or cell. Created 0 new cell, deleted 0 existing cell and moved 0 existing cell
INFO: [Physopt 32-1401] No candidate cells found for Shift Register optimization.
INFO: [Physopt 32-677] No candidate cells for Shift Register optimization found in the design
INFO: [Physopt 32-775] End 1 Pass. Optimized 0 net or cell. Created 0 new cell, deleted 0 existing cell and moved 0 existing cell
INFO: [Physopt 32-526] No candidate cells for BRAM register optimization found in the design
INFO: [Physopt 32-775] End 1 Pass. Optimized 0 net or cell. Created 0 new cell, deleted 0 existing cell and moved 0 existing cell
INFO: [Physopt 32-846] No candidate cells for URAM register optimization found in the design
INFO: [Physopt 32-775] End 1 Pass. Optimized 0 net or cell. Created 0 new cell, deleted 0 existing cell and moved 0 existing cell
INFO: [Physopt 32-846] No candidate cells for URAM register optimization found in the design
INFO: [Physopt 32-775] End 1 Pass. Optimized 0 net or cell. Created 0 new cell, deleted 0 existing cell and moved 0 existing cell
INFO: [Physopt 32-949] No candidate nets found for dynamic/static region interface net replication
INFO: [Physopt 32-775] End 1 Pass. Optimized 0 net or cell. Created 0 new cell, deleted 0 existing cell and moved 0 existing cell
Netlist sorting complete. Time (s): cpu = 00:00:00 ; elapsed = 00:00:00 . Memory (MB): peak = 2543.262 ; gain = 0.000

Summary of Physical Synthesis Optimizations
============================================


-----------------------------------------------------------------------------------------------------------------------------------------------------------
|  Optimization                                     |  Added Cells  |  Removed Cells  |  Optimized Cells/Nets  |  Dont Touch  |  Iterations  |  Elapsed   |
-----------------------------------------------------------------------------------------------------------------------------------------------------------
|  LUT Combining                                    |            0  |              6  |                     6  |           0  |           1  |  00:00:00  |
|  Retime                                           |            0  |              0  |                     0  |           0  |           1  |  00:00:00  |
|  Very High Fanout                                 |            0  |              0  |                     0  |           0  |           1  |  00:00:00  |
|  DSP Register                                     |            0  |              0  |                     0  |           0  |           1  |  00:00:00  |
|  Shift Register to Pipeline                       |            0  |              0  |                     0  |           0  |           1  |  00:00:00  |
|  Shift Register                                   |            0  |              0  |                     0  |           0  |           1  |  00:00:00  |
|  BRAM Register                                    |            0  |              0  |                     0  |           0  |           1  |  00:00:00  |
|  URAM Register                                    |            0  |              0  |                     0  |           0  |           1  |  00:00:00  |
|  Dynamic/Static Region Interface Net Replication  |            0  |              0  |                     0  |           0  |           1  |  00:00:00  |
|  Total                                            |            0  |              6  |                     6  |           0  |           9  |  00:00:00  |
-----------------------------------------------------------------------------------------------------------------------------------------------------------


Phase 2.5.2 Physical Synthesis In Placer | Checksum: 25b3b5f2b

Time (s): cpu = 00:00:08 ; elapsed = 00:00:04 . Memory (MB): peak = 2543.262 ; gain = 0.000
Phase 2.5 Global Place Phase2 | Checksum: 2525cf0ea

Time (s): cpu = 00:00:08 ; elapsed = 00:00:04 . Memory (MB): peak = 2543.262 ; gain = 0.000
Phase 2 Global Placement | Checksum: 2525cf0ea

Time (s): cpu = 00:00:08 ; elapsed = 00:00:04 . Memory (MB): peak = 2543.262 ; gain = 0.000

Phase 3 Detail Placement

Phase 3.1 Commit Multi Column Macros
Phase 3.1 Commit Multi Column Macros | Checksum: 17d3eafea

Time (s): cpu = 00:00:08 ; elapsed = 00:00:04 . Memory (MB): peak = 2543.262 ; gain = 0.000

Phase 3.2 Commit Most Macros & LUTRAMs
Phase 3.2 Commit Most Macros & LUTRAMs | Checksum: 17f318bb6

Time (s): cpu = 00:00:09 ; elapsed = 00:00:04 . Memory (MB): peak = 2543.262 ; gain = 0.000

Phase 3.3 Area Swap Optimization
Phase 3.3 Area Swap Optimization | Checksum: 20296dca3

Time (s): cpu = 00:00:09 ; elapsed = 00:00:05 . Memory (MB): peak = 2543.262 ; gain = 0.000

Phase 3.4 Pipeline Register Optimization
Phase 3.4 Pipeline Register Optimization | Checksum: 15da49d5a

Time (s): cpu = 00:00:09 ; elapsed = 00:00:05 . Memory (MB): peak = 2543.262 ; gain = 0.000

Phase 3.5 Fast Optimization
Phase 3.5 Fast Optimization | Checksum: 1fbcfff39

Time (s): cpu = 00:00:10 ; elapsed = 00:00:05 . Memory (MB): peak = 2543.262 ; gain = 0.000

Phase 3.6 Small Shape Detail Placement
Phase 3.6 Small Shape Detail Placement | Checksum: 1b932068b

Time (s): cpu = 00:00:11 ; elapsed = 00:00:06 . Memory (MB): peak = 2543.262 ; gain = 0.000

Phase 3.7 Re-assign LUT pins
Phase 3.7 Re-assign LUT pins | Checksum: 2318f19c5

Time (s): cpu = 00:00:11 ; elapsed = 00:00:06 . Memory (MB): peak = 2543.262 ; gain = 0.000

Phase 3.8 Pipeline Register Optimization
Phase 3.8 Pipeline Register Optimization | Checksum: 212b741fe

Time (s): cpu = 00:00:11 ; elapsed = 00:00:06 . Memory (MB): peak = 2543.262 ; gain = 0.000

Phase 3.9 Fast Optimization
Phase 3.9 Fast Optimization | Checksum: 2508e0c9f

Time (s): cpu = 00:00:12 ; elapsed = 00:00:06 . Memory (MB): peak = 2543.262 ; gain = 0.000
Phase 3 Detail Placement | Checksum: 2508e0c9f

Time (s): cpu = 00:00:12 ; elapsed = 00:00:06 . Memory (MB): peak = 2543.262 ; gain = 0.000

Phase 4 Post Placement Optimization and Clean-Up

Phase 4.1 Post Commit Optimization
INFO: [Timing 38-35] Done setting XDC timing constraints.

Phase 4.1.1 Post Placement Optimization
Post Placement Optimization Initialization | Checksum: 27f2b7395

Phase 4.1.1.1 BUFG Insertion

Starting Physical Synthesis Task

Phase 1 Physical Synthesis Initialization
INFO: [Physopt 32-721] Multithreading enabled for phys_opt_design using a maximum of 4 CPUs
INFO: [Physopt 32-619] Estimated Timing Summary | WNS=-0.450 | TNS=-7.695 |
Phase 1 Physical Synthesis Initialization | Checksum: 1fd9cac1f

Time (s): cpu = 00:00:00 ; elapsed = 00:00:00.040 . Memory (MB): peak = 2543.262 ; gain = 0.000
INFO: [Place 46-56] BUFG insertion identified 0 candidate nets. Inserted BUFG: 0, Replicated BUFG Driver: 0, Skipped due to Placement/Routing Conflicts: 0, Skipped due to Timing Degradation: 0, Skipped due to netlist editing failed: 0.
Ending Physical Synthesis Task | Checksum: 273385ed8

Time (s): cpu = 00:00:00 ; elapsed = 00:00:00.047 . Memory (MB): peak = 2543.262 ; gain = 0.000
Phase 4.1.1.1 BUFG Insertion | Checksum: 27f2b7395

Time (s): cpu = 00:00:13 ; elapsed = 00:00:07 . Memory (MB): peak = 2543.262 ; gain = 0.000

Phase 4.1.1.2 Post Placement Timing Optimization
INFO: [Place 30-746] Post Placement Timing Summary WNS=-0.219. For the most accurate timing information please run report_timing.
Phase 4.1.1.2 Post Placement Timing Optimization | Checksum: 221328c6f

Time (s): cpu = 00:01:15 ; elapsed = 00:01:09 . Memory (MB): peak = 2543.262 ; gain = 0.000

Time (s): cpu = 00:01:15 ; elapsed = 00:01:09 . Memory (MB): peak = 2543.262 ; gain = 0.000
Phase 4.1 Post Commit Optimization | Checksum: 221328c6f

Time (s): cpu = 00:01:15 ; elapsed = 00:01:09 . Memory (MB): peak = 2543.262 ; gain = 0.000

Phase 4.2 Post Placement Cleanup
Phase 4.2 Post Placement Cleanup | Checksum: 221328c6f

Time (s): cpu = 00:01:15 ; elapsed = 00:01:09 . Memory (MB): peak = 2543.262 ; gain = 0.000

Phase 4.3 Placer Reporting

Phase 4.3.1 Print Estimated Congestion
INFO: [Place 30-612] Post-Placement Estimated Congestion 
 ____________________________________________________
|           | Global Congestion | Short Congestion  |
| Direction | Region Size       | Region Size       |
|___________|___________________|___________________|
|      North|                1x1|                1x1|
|___________|___________________|___________________|
|      South|                1x1|                2x2|
|___________|___________________|___________________|
|       East|                1x1|                1x1|
|___________|___________________|___________________|
|       West|                1x1|                1x1|
|___________|___________________|___________________|

Phase 4.3.1 Print Estimated Congestion | Checksum: 221328c6f

Time (s): cpu = 00:01:15 ; elapsed = 00:01:09 . Memory (MB): peak = 2543.262 ; gain = 0.000
Phase 4.3 Placer Reporting | Checksum: 221328c6f

Time (s): cpu = 00:01:15 ; elapsed = 00:01:09 . Memory (MB): peak = 2543.262 ; gain = 0.000

Phase 4.4 Final Placement Cleanup
Netlist sorting complete. Time (s): cpu = 00:00:00 ; elapsed = 00:00:00.001 . Memory (MB): peak = 2543.262 ; gain = 0.000

Time (s): cpu = 00:01:15 ; elapsed = 00:01:09 . Memory (MB): peak = 2543.262 ; gain = 0.000
Phase 4 Post Placement Optimization and Clean-Up | Checksum: 1cce2dd86

Time (s): cpu = 00:01:16 ; elapsed = 00:01:09 . Memory (MB): peak = 2543.262 ; gain = 0.000
Ending Placer Task | Checksum: fa93f4da

Time (s): cpu = 00:01:16 ; elapsed = 00:01:09 . Memory (MB): peak = 2543.262 ; gain = 0.000
97 Infos, 18 Warnings, 0 Critical Warnings and 0 Errors encountered.
place_design completed successfully
place_design: Time (s): cpu = 00:01:18 ; elapsed = 00:01:11 . Memory (MB): peak = 2543.262 ; gain = 0.000
Command: phys_opt_design
Attempting to get a license for feature 'Implementation' and/or device 'xc7z010'
INFO: [Common 17-349] Got license for feature 'Implementation' and/or device 'xc7z010'

Starting Initial Update Timing Task

Time (s): cpu = 00:00:00 ; elapsed = 00:00:00.213 . Memory (MB): peak = 2543.262 ; gain = 0.000
INFO: [Vivado_Tcl 4-1435] PhysOpt_Tcl_Interface Runtime Before Starting Physical Synthesis Task | CPU: 1.00s |  WALL: 0.25s
Netlist sorting complete. Time (s): cpu = 00:00:00 ; elapsed = 00:00:00.001 . Memory (MB): peak = 2543.262 ; gain = 0.000

Starting Physical Synthesis Task

Phase 1 Physical Synthesis Initialization
INFO: [Physopt 32-721] Multithreading enabled for phys_opt_design using a maximum of 4 CPUs
INFO: [Physopt 32-619] Estimated Timing Summary | WNS=-0.219 | TNS=-0.219 |
Phase 1 Physical Synthesis Initialization | Checksum: 23711a80b

Time (s): cpu = 00:00:01 ; elapsed = 00:00:00.204 . Memory (MB): peak = 2543.262 ; gain = 0.000
INFO: [Physopt 32-619] Estimated Timing Summary | WNS=-0.219 | TNS=-0.219 |

Phase 2 DSP Register Optimization
INFO: [Physopt 32-456] No candidate cells for DSP register optimization found in the design.
INFO: [Physopt 32-775] End 2 Pass. Optimized 0 net or cell. Created 0 new cell, deleted 0 existing cell and moved 0 existing cell
Phase 2 DSP Register Optimization | Checksum: 23711a80b

Time (s): cpu = 00:00:01 ; elapsed = 00:00:00.221 . Memory (MB): peak = 2543.262 ; gain = 0.000

Phase 3 Critical Path Optimization
INFO: [Physopt 32-619] Estimated Timing Summary | WNS=-0.219 | TNS=-0.219 |
INFO: [Physopt 32-702] Processed net core/g_slave.receiver/decoder/good_crc. Optimizations did not improve timing on the net.
INFO: [Physopt 32-702] Processed net core/g_slave.receiver/decoder/good_crc_i_1_n_0. Optimizations did not improve timing on the net.
INFO: [Physopt 32-710] Processed net core/g_slave.receiver/decoder/good_crc_i_1_n_0. Critical path length was reduced through logic transformation on cell core/g_slave.receiver/decoder/good_crc_i_1_comp.
INFO: [Physopt 32-735] Processed net core/g_slave.receiver/decoder/good_crc0. Optimization improves timing on the net.
INFO: [Physopt 32-619] Estimated Timing Summary | WNS=0.005 | TNS=0.000 |
INFO: [Physopt 32-619] Estimated Timing Summary | WNS=0.005 | TNS=0.000 |
Netlist sorting complete. Time (s): cpu = 00:00:00 ; elapsed = 00:00:00.005 . Memory (MB): peak = 2543.262 ; gain = 0.000
Phase 3 Critical Path Optimization | Checksum: 23711a80b

Time (s): cpu = 00:00:01 ; elapsed = 00:00:00.441 . Memory (MB): peak = 2543.262 ; gain = 0.000

Phase 4 Critical Path Optimization
INFO: [Physopt 32-619] Estimated Timing Summary | WNS=0.005 | TNS=0.000 |
INFO: [Physopt 32-619] Estimated Timing Summary | WNS=0.005 | TNS=0.000 |
Netlist sorting complete. Time (s): cpu = 00:00:00 ; elapsed = 00:00:00.001 . Memory (MB): peak = 2543.262 ; gain = 0.000
Phase 4 Critical Path Optimization | Checksum: 23711a80b

Time (s): cpu = 00:00:01 ; elapsed = 00:00:00.443 . Memory (MB): peak = 2543.262 ; gain = 0.000
Netlist sorting complete. Time (s): cpu = 00:00:00 ; elapsed = 00:00:00.001 . Memory (MB): peak = 2543.262 ; gain = 0.000
INFO: [Physopt 32-603] Post Physical Optimization Timing Summary | WNS=0.005 | TNS=0.000 |

Summary of Physical Synthesis Optimizations
============================================


-------------------------------------------------------------------------------------------------------------------------------------------------------------
|  Optimization   |  WNS Gain (ns)  |  TNS Gain (ns)  |  Added Cells  |  Removed Cells  |  Optimized Cells/Nets  |  Dont Touch  |  Iterations  |  Elapsed   |
-------------------------------------------------------------------------------------------------------------------------------------------------------------
|  DSP Register   |          0.000  |          0.000  |            0  |              0  |                     0  |           0  |           1  |  00:00:00  |
|  Critical Path  |          0.224  |          0.219  |            0  |              0  |                     1  |           0  |           2  |  00:00:00  |
|  Total          |          0.224  |          0.219  |            0  |              0  |                     1  |           0  |           3  |  00:00:00  |
-------------------------------------------------------------------------------------------------------------------------------------------------------------


Netlist sorting complete. Time (s): cpu = 00:00:00 ; elapsed = 00:00:00 . Memory (MB): peak = 2543.262 ; gain = 0.000
Ending Physical Synthesis Task | Checksum: 259245126

Time (s): cpu = 00:00:01 ; elapsed = 00:00:00.460 . Memory (MB): peak = 2543.262 ; gain = 0.000
INFO: [Common 17-83] Releasing license: Implementation
115 Infos, 18 Warnings, 0 Critical Warnings and 0 Errors encountered.
phys_opt_design completed successfully
Command: route_design
Attempting to get a license for feature 'Implementation' and/or device 'xc7z010'
INFO: [Common 17-349] Got license for feature 'Implementation' and/or device 'xc7z010'
INFO: [DRC 23-27] Running DRC with 4 threads
INFO: [Vivado_Tcl 4-198] DRC finished with 0 Errors
INFO: [Vivado_Tcl 4-199] Please refer to the DRC report (report_drc) for more information.


Starting Routing Task
INFO: [Route 35-254] Multithreading enabled for route_design using a maximum of 4 CPUs

Phase 1 Build RT Design
Checksum: PlaceDB: deb5a8e2 ConstDB: 0 ShapeSum: d9e650cb RouteDB: 6998572b
Post Restoration Checksum: NetGraph: 575b4a32 | NumContArr: d7d5c7b5 | Constraints: c2a8fa9d | Timing: c2a8fa9d
Phase 1 Build RT Design | Checksum: 2b4830721

Time (s): cpu = 00:00:20 ; elapsed = 00:00:18 . Memory (MB): peak = 2543.262 ; gain = 0.000

Phase 2 Router Initialization

Phase 2.1 Fix Topology Constraints
Phase 2.1 Fix Topology Constraints | Checksum: 2b4830721

Time (s): cpu = 00:00:20 ; elapsed = 00:00:18 . Memory (MB): peak = 2543.262 ; gain = 0.000

Phase 2.2 Pre Route Cleanup
Phase 2.2 Pre Route Cleanup | Checksum: 2b4830721

Time (s): cpu = 00:00:20 ; elapsed = 00:00:18 . Memory (MB): peak = 2543.262 ; gain = 0.000
 Number of Nodes with overlaps = 0

Phase 2.3 Update Timing
Phase 2.3 Update Timing | Checksum: 2ca036d8c

Time (s): cpu = 00:00:21 ; elapsed = 00:00:19 . Memory (MB): peak = 2543.262 ; gain = 0.000
INFO: [Route 35-416] Intermediate Timing Summary | WNS=0.152  | TNS=0.000  | WHS=-2.699 | THS=-104.662|


Phase 2.4 Soft Constraint Pins - Fast Budgeting
Phase 2.4 Soft Constraint Pins - Fast Budgeting | Checksum: 30fe50c83

Time (s): cpu = 00:00:21 ; elapsed = 00:00:19 . Memory (MB): peak = 2543.262 ; gain = 0.000

Router Utilization Summary
  Global Vertical Routing Utilization    = 0 %
  Global Horizontal Routing Utilization  = 0 %
  Routable Net Status*
  *Does not include unroutable nets such as driverless and loadless.
  Run report_route_status for detailed report.
  Number of Failed Nets               = 1290
    (Failed Nets is the sum of unrouted and partially routed nets)
  Number of Unrouted Nets             = 1290
  Number of Partially Routed Nets     = 0
  Number of Node Overlaps             = 0

Phase 2 Router Initialization | Checksum: 2c4b0719a

Time (s): cpu = 00:00:22 ; elapsed = 00:00:19 . Memory (MB): peak = 2543.262 ; gain = 0.000

Phase 3 Global Routing
Phase 3 Global Routing | Checksum: 2c4b0719a

Time (s): cpu = 00:00:22 ; elapsed = 00:00:19 . Memory (MB): peak = 2543.262 ; gain = 0.000

Phase 4 Initial Routing

Phase 4.1 Initial Net Routing Pass
Phase 4.1 Initial Net Routing Pass | Checksum: 25a86030e

Time (s): cpu = 00:00:22 ; elapsed = 00:00:19 . Memory (MB): peak = 2543.262 ; gain = 0.000
Phase 4 Initial Routing | Checksum: 25a86030e

Time (s): cpu = 00:00:22 ; elapsed = 00:00:19 . Memory (MB): peak = 2543.262 ; gain = 0.000
INFO: [Route 35-580] Design has 1 pins with tight setup and hold constraints.

The top 5 pins with tight setup and hold constraints:

+====================+===================+==============================================+
| Launch Setup Clock | Launch Hold Clock | Pin                                          |
+====================+===================+==============================================+
| received50         | g_hw.mmcm_clk     | core/g_slave.receiver/decoder/good_crc_reg/D |
+--------------------+-------------------+----------------------------------------------+

File with complete list of pins: tight_setup_hold_pins.txt


Phase 5 Rip-up And Reroute

Phase 5.1 Global Iteration 0
 Number of Nodes with overlaps = 20
 Number of Nodes with overlaps = 1
 Number of Nodes with overlaps = 0
INFO: [Route 35-416] Intermediate Timing Summary | WNS=0.198  | TNS=0.000  | WHS=N/A    | THS=N/A    |

Phase 5.1 Global Iteration 0 | Checksum: 2c227fb7f

Time (s): cpu = 00:00:23 ; elapsed = 00:00:20 . Memory (MB): peak = 2543.262 ; gain = 0.000
Phase 5 Rip-up And Reroute | Checksum: 2c227fb7f

Time (s): cpu = 00:00:23 ; elapsed = 00:00:20 . Memory (MB): peak = 2543.262 ; gain = 0.000

Phase 6 Delay and Skew Optimization

Phase 6.1 Delay CleanUp
Phase 6.1 Delay CleanUp | Checksum: 2c227fb7f

Time (s): cpu = 00:00:23 ; elapsed = 00:00:20 . Memory (MB): peak = 2543.262 ; gain = 0.000

Phase 6.2 Clock Skew Optimization
Phase 6.2 Clock Skew Optimization | Checksum: 2c227fb7f

Time (s): cpu = 00:00:23 ; elapsed = 00:00:20 . Memory (MB): peak = 2543.262 ; gain = 0.000
Phase 6 Delay and Skew Optimization | Checksum: 2c227fb7f

Time (s): cpu = 00:00:23 ; elapsed = 00:00:20 . Memory (MB): peak = 2543.262 ; gain = 0.000

Phase 7 Post Hold Fix

Phase 7.1 Hold Fix Iter
INFO: [Route 35-416] Intermediate Timing Summary | WNS=0.198  | TNS=0.000  | WHS=-1.320 | THS=-1.320 |

Phase 7.1 Hold Fix Iter | Checksum: 2a1d2eb2d

Time (s): cpu = 00:00:23 ; elapsed = 00:00:20 . Memory (MB): peak = 2543.262 ; gain = 0.000

Phase 7.2 Non Free Resource Hold Fix Iter
Phase 7.2 Non Free Resource Hold Fix Iter | Checksum: 2afa31bfe

Time (s): cpu = 00:00:23 ; elapsed = 00:00:20 . Memory (MB): peak = 2543.262 ; gain = 0.000
Phase 7 Post Hold Fix | Checksum: 2afa31bfe

Time (s): cpu = 00:00:23 ; elapsed = 00:00:20 . Memory (MB): peak = 2543.262 ; gain = 0.000

Phase 8 Route finalize

Router Utilization Summary
  Global Vertical Routing Utilization    = 0.646396 %
  Global Horizontal Routing Utilization  = 1.01631 %
  Routable Net Status*
  *Does not include unroutable nets such as driverless and loadless.
  Run report_route_status for detailed report.
  Number of Failed Nets               = 0
    (Failed Nets is the sum of unrouted and partially routed nets)
  Number of Unrouted Nets             = 0
  Number of Partially Routed Nets     = 0
  Number of Node Overlaps             = 0

Phase 8 Route finalize | Checksum: 2afa31bfe

Time (s): cpu = 00:00:23 ; elapsed = 00:00:20 . Memory (MB): peak = 2543.262 ; gain = 0.000

Phase 9 Verifying routed nets

 Verification completed successfully
Phase 9 Verifying routed nets | Checksum: 2afa31bfe

Time (s): cpu = 00:00:23 ; elapsed = 00:00:20 . Memory (MB): peak = 2543.262 ; gain = 0.000

Phase 10 Depositing Routes
Phase 10 Depositing Routes | Checksum: 228efb8ac

Time (s): cpu = 00:00:23 ; elapsed = 00:00:20 . Memory (MB): peak = 2543.262 ; gain = 0.000

Phase 11 Post Process Routing
Phase 11 Post Process Routing | Checksum: 228efb8ac

Time (s): cpu = 00:00:23 ; elapsed = 00:00:20 . Memory (MB): peak = 2543.262 ; gain = 0.000

Phase 12 Post Router Timing

Phase 12.1 Update Timing
Phase 12.1 Update Timing | Checksum: 228efb8ac

Time (s): cpu = 00:00:23 ; elapsed = 00:00:20 . Memory (MB): peak = 2543.262 ; gain = 0.000
INFO: [Route 35-57] Estimated Timing Summary | WNS=0.198  | TNS=0.000  | WHS=0.050  | THS=0.000  |

INFO: [Route 35-327] The final timing numbers are based on the router estimated timing analysis. For a complete and accurate timing signoff, please run report_timing_summary.
Phase 12 Post Router Timing | Checksum: 228efb8ac

Time (s): cpu = 00:00:23 ; elapsed = 00:00:20 . Memory (MB): peak = 2543.262 ; gain = 0.000
Total Elapsed time in route_design: 20.044 secs

Phase 13 Post-Route Event Processing
Phase 13 Post-Route Event Processing | Checksum: 1f135d8a8

Time (s): cpu = 00:00:23 ; elapsed = 00:00:20 . Memory (MB): peak = 2543.262 ; gain = 0.000
INFO: [Route 35-16] Router Completed Successfully
Ending Routing Task | Checksum: 1f135d8a8

Time (s): cpu = 00:00:23 ; elapsed = 00:00:20 . Memory (MB): peak = 2543.262 ; gain = 0.000

Routing Is Done.
INFO: [Common 17-83] Releasing license: Implementation
128 Infos, 18 Warnings, 0 Critical Warnings and 0 Errors encountered.
route_design completed successfully
route_design: Time (s): cpu = 00:00:24 ; elapsed = 00:00:20 . Memory (MB): peak = 2543.262 ; gain = 0.000
Write ShapeDB Complete: Time (s): cpu = 00:00:00 ; elapsed = 00:00:00.004 . Memory (MB): peak = 2543.262 ; gain = 0.000
Wrote PlaceDB: Time (s): cpu = 00:00:00 ; elapsed = 00:00:00 . Memory (MB): peak = 2543.262 ; gain = 0.000
INFO: [Timing 38-480] Writing timing data to binary archive.
Wrote PulsedLatchDB: Time (s): cpu = 00:00:00 ; elapsed = 00:00:00 . Memory (MB): peak = 2543.262 ; gain = 0.000
Writing XDEF routing.
Writing XDEF routing logical nets.
Writing XDEF routing special nets.
Wrote RouteStorage: Time (s): cpu = 00:00:01 ; elapsed = 00:00:00.057 . Memory (MB): peak = 2543.262 ; gain = 0.000
Wrote PlaceStorage: Time (s): cpu = 00:00:00 ; elapsed = 00:00:00.080 . Memory (MB): peak = 2543.262 ; gain = 0.000
Wrote Netlist Cache: Time (s): cpu = 00:00:00 ; elapsed = 00:00:00.003 . Memory (MB): peak = 2543.262 ; gain = 0.000
Wrote Device Cache: Time (s): cpu = 00:00:00 ; elapsed = 00:00:00.017 . Memory (MB): peak = 2543.262 ; gain = 0.000
Write Physdb Complete: Time (s): cpu = 00:00:01 ; elapsed = 00:00:00.181 . Memory (MB): peak = 2543.262 ; gain = 0.000
INFO: [Common 17-1381] The checkpoint 'C:/Users/BELYA/Documents/Codex/2026-09-29/https-github-com-loverlike1216-sonofield-fpga/outputs/sonofield-v3/v3/evidence/task001/ebaz_slave/routed.dcp' has been generated.
INFO: [Timing 38-91] UpdateTimingParams: Speed grade: -1, Delay Type: min_max.
INFO: [Timing 38-191] Multithreading enabled for timing update using a maximum of 4 CPUs
INFO: [Timing 38-91] UpdateTimingParams: Speed grade: -1, Delay Type: max.
INFO: [Timing 38-191] Multithreading enabled for timing update using a maximum of 4 CPUs
INFO: [Timing 38-78] ReportTimingParams: -max_paths 10 -nworst 1 -delay_type max -sort_by slack.
INFO: [Timing 38-91] UpdateTimingParams: Speed grade: -1, Delay Type: min.
INFO: [Timing 38-191] Multithreading enabled for timing update using a maximum of 4 CPUs
INFO: [Timing 38-78] ReportTimingParams: -max_paths 10 -nworst 1 -delay_type min -sort_by slack.
INFO: [Timing 38-91] UpdateTimingParams: Speed grade: -1, Delay Type: max.
INFO: [Timing 38-191] Multithreading enabled for timing update using a maximum of 4 CPUs
WARNING: [Timing 38-164] This design has multiple clocks. Inter clock paths are considered valid unless explicitly excluded by timing constraints such as set_clock_groups or set_false_path.
INFO: [Timing 38-91] UpdateTimingParams: Speed grade: -1, Delay Type: min_max.
INFO: [Timing 38-191] Multithreading enabled for timing update using a maximum of 4 CPUs
INFO: [Timing 38-314] The report_cdc command only analyzes and reports clock domain crossing paths where clocks have been defined on both source and destination sides. Ports with no input delay constraint are skipped. Please run check_timing to verify there are no missing clock definitions in your design, nor any unconstrained input port.
Command: report_drc -file C:/Users/BELYA/Documents/Codex/2026-09-29/https-github-com-loverlike1216-sonofield-fpga/outputs/sonofield-v3/v3/evidence/task001/ebaz_slave/drc.rpt
INFO: [IP_Flow 19-234] Refreshing IP repositories
INFO: [IP_Flow 19-1704] No user IP repositories specified
INFO: [IP_Flow 19-2313] Loaded Vivado IP repository 'D:/amd2025_2/2025.2/Vivado/data/ip'.
INFO: [DRC 23-27] Running DRC with 4 threads
INFO: [Vivado_Tcl 2-168] The results of DRC are in file C:/Users/BELYA/Documents/Codex/2026-09-29/https-github-com-loverlike1216-sonofield-fpga/outputs/sonofield-v3/v3/evidence/task001/ebaz_slave/drc.rpt.
report_drc completed successfully
Command: report_methodology -file C:/Users/BELYA/Documents/Codex/2026-09-29/https-github-com-loverlike1216-sonofield-fpga/outputs/sonofield-v3/v3/evidence/task001/ebaz_slave/methodology.rpt
INFO: [Timing 38-35] Done setting XDC timing constraints.
INFO: [DRC 23-133] Running Methodology with 4 threads
INFO: [Vivado_Tcl 2-1520] The results of Report Methodology are in file C:/Users/BELYA/Documents/Codex/2026-09-29/https-github-com-loverlike1216-sonofield-fpga/outputs/sonofield-v3/v3/evidence/task001/ebaz_slave/methodology.rpt.
report_methodology completed successfully
INFO: [Timing 38-35] Done setting XDC timing constraints.
# close $result
# exit
INFO: [Common 17-206] Exiting Vivado at Wed Sep 30 22:56:16 2026...
