
****** Vivado v2025.2 (64-bit)
  **** SW Build 6299465 on Fri Nov 14 19:35:11 GMT 2025
  **** IP Build 6300035 on Fri Nov 14 10:48:45 MST 2025
  **** SharedData Build 6298862 on Thu Nov 13 04:50:51 MST 2025
  **** Start of session at: Fri Oct  2 20:35:09 2026
    ** Copyright 1986-2022 Xilinx, Inc. All Rights Reserved.
    ** Copyright 2022-2025 Advanced Micro Devices, Inc. All Rights Reserved.

source {D:\codex_project\sonofield\v3\vivado\build_task001b.tcl} -notrace
create_project: Time (s): cpu = 00:00:12 ; elapsed = 00:00:12 . Memory (MB): peak = 546.773 ; gain = 226.570
INFO: [IP_Flow 19-234] Refreshing IP repositories
INFO: [IP_Flow 19-1704] No user IP repositories specified
INFO: [IP_Flow 19-2313] Loaded Vivado IP repository 'D:/amd2025_2/2025.2/Vivado/data/ip'.
create_ip: Time (s): cpu = 00:00:06 ; elapsed = 00:00:08 . Memory (MB): peak = 637.602 ; gain = 90.828
INFO: [IP_Flow 19-1686] Generating 'Instantiation Template' target for IP 'ila_prepcb'...
INFO: [IP_Flow 19-1686] Generating 'Synthesis' target for IP 'ila_prepcb'...
WARNING: [IP_Flow 19-4994] Overwriting existing constraint file 'd:/codex_project/sonofield/v3/build/prepcb/master/ebaz_master_serializer_prepcb.gen/sources_1/ip/ila_prepcb/ila_prepcb_ooc.xdc'
INFO: [IP_Flow 19-1686] Generating 'Simulation' target for IP 'ila_prepcb'...
INFO: [IP_Flow 19-1686] Generating 'Implementation' target for IP 'ila_prepcb'...
INFO: [IP_Flow 19-1686] Generating 'Change Log' target for IP 'ila_prepcb'...
Command: synth_design -top ebaz_master_serializer_prepcb -part xc7z010clg400-1
Starting synth_design
WARNING: [Vivado_Tcl 4-393] The 'Synthesis' target of the following IPs are stale, please generate the output products using the generate_target or synth_ip command before running synth_design.
d:/codex_project/sonofield/v3/build/prepcb/master/ebaz_master_serializer_prepcb.srcs/sources_1/ip/ila_prepcb/ila_prepcb.xci

WARNING: [Vivado_Tcl 4-393] The 'Implementation' target of the following IPs are stale, please generate the output products using the generate_target or synth_ip command before running synth_design.
d:/codex_project/sonofield/v3/build/prepcb/master/ebaz_master_serializer_prepcb.srcs/sources_1/ip/ila_prepcb/ila_prepcb.xci

Attempting to get a license for feature 'Synthesis' and/or device 'xc7z010'
INFO: [Common 17-349] Got license for feature 'Synthesis' and/or device 'xc7z010'
INFO: [Device 21-403] Loading part xc7z010clg400-1
INFO: [Synth 8-7079] Multithreading enabled for synth_design using a maximum of 4 processes.
INFO: [Synth 8-7078] Launching helper process for spawning children vivado processes
INFO: [Synth 8-7075] Helper process launched with PID 104504
---------------------------------------------------------------------------------
Starting RTL Elaboration : Time (s): cpu = 00:00:18 ; elapsed = 00:00:20 . Memory (MB): peak = 1402.270 ; gain = 540.508
---------------------------------------------------------------------------------
WARNING: [Synth 8-6901] identifier 'lock_pipe' is used before its declaration [D:/codex_project/sonofield/v3/rtl/top/dual_sync_top.sv:41]
WARNING: [Synth 8-6901] identifier 'trigger_request' is used before its declaration [D:/codex_project/sonofield/v3/rtl/top/dual_sync_top.sv:44]
WARNING: [Synth 8-6901] identifier 'event_at' is used before its declaration [D:/codex_project/sonofield/v3/rtl/top/dual_sync_top.sv:45]
WARNING: [Synth 8-6901] identifier 'lock_pipe' is used before its declaration [D:/codex_project/sonofield/v3/rtl/top/dual_sync_top.sv:63]
WARNING: [Synth 8-6901] identifier 'lock_pipe' is used before its declaration [D:/codex_project/sonofield/v3/rtl/top/dual_sync_top.sv:64]
INFO: [Synth 8-11241] undeclared symbol 'tms_int', assumed default net type 'wire' [d:/codex_project/sonofield/v3/build/prepcb/master/ebaz_master_serializer_prepcb.gen/sources_1/ip/ila_prepcb/hdl/verilog/xsdbm_v3_0_5_bs_core_ext.vh:30]
INFO: [Synth 8-11241] undeclared symbol 'runtest_int', assumed default net type 'wire' [d:/codex_project/sonofield/v3/build/prepcb/master/ebaz_master_serializer_prepcb.gen/sources_1/ip/ila_prepcb/hdl/verilog/xsdbm_v3_0_5_bs_core_ext.vh:32]
INFO: [Synth 8-11241] undeclared symbol 'tms_int', assumed default net type 'wire' [d:/codex_project/sonofield/v3/build/prepcb/master/ebaz_master_serializer_prepcb.gen/sources_1/ip/ila_prepcb/hdl/verilog/xsdbm_v3_0_5_bs_core_ext.vh:69]
INFO: [Synth 8-11241] undeclared symbol 'runtest_int', assumed default net type 'wire' [d:/codex_project/sonofield/v3/build/prepcb/master/ebaz_master_serializer_prepcb.gen/sources_1/ip/ila_prepcb/hdl/verilog/xsdbm_v3_0_5_bs_core_ext.vh:71]
INFO: [Synth 8-11241] undeclared symbol 'tms_int', assumed default net type 'wire' [d:/codex_project/sonofield/v3/build/prepcb/master/ebaz_master_serializer_prepcb.gen/sources_1/ip/ila_prepcb/hdl/verilog/xsdbm_v3_0_5_bs_core_ext.vh:109]
INFO: [Synth 8-11241] undeclared symbol 'runtest_int', assumed default net type 'wire' [d:/codex_project/sonofield/v3/build/prepcb/master/ebaz_master_serializer_prepcb.gen/sources_1/ip/ila_prepcb/hdl/verilog/xsdbm_v3_0_5_bs_core_ext.vh:111]
INFO: [Synth 8-11241] undeclared symbol 'tms_int', assumed default net type 'wire' [d:/codex_project/sonofield/v3/build/prepcb/master/ebaz_master_serializer_prepcb.gen/sources_1/ip/ila_prepcb/hdl/verilog/xsdbm_v3_0_5_bs_core_ext.vh:150]
INFO: [Synth 8-11241] undeclared symbol 'runtest_int', assumed default net type 'wire' [d:/codex_project/sonofield/v3/build/prepcb/master/ebaz_master_serializer_prepcb.gen/sources_1/ip/ila_prepcb/hdl/verilog/xsdbm_v3_0_5_bs_core_ext.vh:152]
INFO: [Synth 8-11241] undeclared symbol 'tms_int', assumed default net type 'wire' [d:/codex_project/sonofield/v3/build/prepcb/master/ebaz_master_serializer_prepcb.gen/sources_1/ip/ila_prepcb/hdl/verilog/xsdbm_v3_0_5_bs_core_ext.vh:192]
INFO: [Synth 8-11241] undeclared symbol 'runtest_int', assumed default net type 'wire' [d:/codex_project/sonofield/v3/build/prepcb/master/ebaz_master_serializer_prepcb.gen/sources_1/ip/ila_prepcb/hdl/verilog/xsdbm_v3_0_5_bs_core_ext.vh:194]
INFO: [Synth 8-11241] undeclared symbol 'tms_int', assumed default net type 'wire' [d:/codex_project/sonofield/v3/build/prepcb/master/ebaz_master_serializer_prepcb.gen/sources_1/ip/ila_prepcb/hdl/verilog/xsdbm_v3_0_5_bs_core_ext.vh:235]
INFO: [Synth 8-11241] undeclared symbol 'runtest_int', assumed default net type 'wire' [d:/codex_project/sonofield/v3/build/prepcb/master/ebaz_master_serializer_prepcb.gen/sources_1/ip/ila_prepcb/hdl/verilog/xsdbm_v3_0_5_bs_core_ext.vh:237]
INFO: [Synth 8-11241] undeclared symbol 'tms_int', assumed default net type 'wire' [d:/codex_project/sonofield/v3/build/prepcb/master/ebaz_master_serializer_prepcb.gen/sources_1/ip/ila_prepcb/hdl/verilog/xsdbm_v3_0_5_bs_core_ext.vh:279]
INFO: [Synth 8-11241] undeclared symbol 'runtest_int', assumed default net type 'wire' [d:/codex_project/sonofield/v3/build/prepcb/master/ebaz_master_serializer_prepcb.gen/sources_1/ip/ila_prepcb/hdl/verilog/xsdbm_v3_0_5_bs_core_ext.vh:281]
INFO: [Synth 8-11241] undeclared symbol 'tms_int', assumed default net type 'wire' [d:/codex_project/sonofield/v3/build/prepcb/master/ebaz_master_serializer_prepcb.gen/sources_1/ip/ila_prepcb/hdl/verilog/xsdbm_v3_0_5_bs_core_ext.vh:324]
INFO: [Synth 8-11241] undeclared symbol 'runtest_int', assumed default net type 'wire' [d:/codex_project/sonofield/v3/build/prepcb/master/ebaz_master_serializer_prepcb.gen/sources_1/ip/ila_prepcb/hdl/verilog/xsdbm_v3_0_5_bs_core_ext.vh:326]
INFO: [Synth 8-11241] undeclared symbol 'tms_int', assumed default net type 'wire' [d:/codex_project/sonofield/v3/build/prepcb/master/ebaz_master_serializer_prepcb.gen/sources_1/ip/ila_prepcb/hdl/verilog/xsdbm_v3_0_5_bs_core_ext.vh:370]
INFO: [Synth 8-11241] undeclared symbol 'runtest_int', assumed default net type 'wire' [d:/codex_project/sonofield/v3/build/prepcb/master/ebaz_master_serializer_prepcb.gen/sources_1/ip/ila_prepcb/hdl/verilog/xsdbm_v3_0_5_bs_core_ext.vh:372]
INFO: [Synth 8-11241] undeclared symbol 'tms_int', assumed default net type 'wire' [d:/codex_project/sonofield/v3/build/prepcb/master/ebaz_master_serializer_prepcb.gen/sources_1/ip/ila_prepcb/hdl/verilog/xsdbm_v3_0_5_bs_core_ext.vh:417]
INFO: [Synth 8-11241] undeclared symbol 'runtest_int', assumed default net type 'wire' [d:/codex_project/sonofield/v3/build/prepcb/master/ebaz_master_serializer_prepcb.gen/sources_1/ip/ila_prepcb/hdl/verilog/xsdbm_v3_0_5_bs_core_ext.vh:419]
INFO: [Synth 8-11241] undeclared symbol 'tms_int', assumed default net type 'wire' [d:/codex_project/sonofield/v3/build/prepcb/master/ebaz_master_serializer_prepcb.gen/sources_1/ip/ila_prepcb/hdl/verilog/xsdbm_v3_0_5_bs_core_ext.vh:465]
INFO: [Synth 8-11241] undeclared symbol 'runtest_int', assumed default net type 'wire' [d:/codex_project/sonofield/v3/build/prepcb/master/ebaz_master_serializer_prepcb.gen/sources_1/ip/ila_prepcb/hdl/verilog/xsdbm_v3_0_5_bs_core_ext.vh:467]
INFO: [Synth 8-11241] undeclared symbol 'tms_int', assumed default net type 'wire' [d:/codex_project/sonofield/v3/build/prepcb/master/ebaz_master_serializer_prepcb.gen/sources_1/ip/ila_prepcb/hdl/verilog/xsdbm_v3_0_5_bs_core_ext.vh:514]
INFO: [Synth 8-11241] undeclared symbol 'runtest_int', assumed default net type 'wire' [d:/codex_project/sonofield/v3/build/prepcb/master/ebaz_master_serializer_prepcb.gen/sources_1/ip/ila_prepcb/hdl/verilog/xsdbm_v3_0_5_bs_core_ext.vh:516]
INFO: [Synth 8-11241] undeclared symbol 'tms_int', assumed default net type 'wire' [d:/codex_project/sonofield/v3/build/prepcb/master/ebaz_master_serializer_prepcb.gen/sources_1/ip/ila_prepcb/hdl/verilog/xsdbm_v3_0_5_bs_core_ext.vh:564]
INFO: [Synth 8-11241] undeclared symbol 'runtest_int', assumed default net type 'wire' [d:/codex_project/sonofield/v3/build/prepcb/master/ebaz_master_serializer_prepcb.gen/sources_1/ip/ila_prepcb/hdl/verilog/xsdbm_v3_0_5_bs_core_ext.vh:566]
INFO: [Synth 8-11241] undeclared symbol 'tms_int', assumed default net type 'wire' [d:/codex_project/sonofield/v3/build/prepcb/master/ebaz_master_serializer_prepcb.gen/sources_1/ip/ila_prepcb/hdl/verilog/xsdbm_v3_0_5_bs_core_ext.vh:615]
INFO: [Synth 8-11241] undeclared symbol 'runtest_int', assumed default net type 'wire' [d:/codex_project/sonofield/v3/build/prepcb/master/ebaz_master_serializer_prepcb.gen/sources_1/ip/ila_prepcb/hdl/verilog/xsdbm_v3_0_5_bs_core_ext.vh:617]
INFO: [Synth 8-11241] undeclared symbol 'tms_int', assumed default net type 'wire' [d:/codex_project/sonofield/v3/build/prepcb/master/ebaz_master_serializer_prepcb.gen/sources_1/ip/ila_prepcb/hdl/verilog/xsdbm_v3_0_5_bs_core.vh:30]
INFO: [Synth 8-11241] undeclared symbol 'runtest_int', assumed default net type 'wire' [d:/codex_project/sonofield/v3/build/prepcb/master/ebaz_master_serializer_prepcb.gen/sources_1/ip/ila_prepcb/hdl/verilog/xsdbm_v3_0_5_bs_core.vh:32]
INFO: [Synth 8-11241] undeclared symbol 'tms_int', assumed default net type 'wire' [d:/codex_project/sonofield/v3/build/prepcb/master/ebaz_master_serializer_prepcb.gen/sources_1/ip/ila_prepcb/hdl/verilog/xsdbm_v3_0_5_bs_core.vh:69]
INFO: [Synth 8-11241] undeclared symbol 'runtest_int', assumed default net type 'wire' [d:/codex_project/sonofield/v3/build/prepcb/master/ebaz_master_serializer_prepcb.gen/sources_1/ip/ila_prepcb/hdl/verilog/xsdbm_v3_0_5_bs_core.vh:71]
INFO: [Synth 8-11241] undeclared symbol 'tms_int', assumed default net type 'wire' [d:/codex_project/sonofield/v3/build/prepcb/master/ebaz_master_serializer_prepcb.gen/sources_1/ip/ila_prepcb/hdl/verilog/xsdbm_v3_0_5_bs_core.vh:109]
INFO: [Synth 8-11241] undeclared symbol 'runtest_int', assumed default net type 'wire' [d:/codex_project/sonofield/v3/build/prepcb/master/ebaz_master_serializer_prepcb.gen/sources_1/ip/ila_prepcb/hdl/verilog/xsdbm_v3_0_5_bs_core.vh:111]
INFO: [Synth 8-11241] undeclared symbol 'tms_int', assumed default net type 'wire' [d:/codex_project/sonofield/v3/build/prepcb/master/ebaz_master_serializer_prepcb.gen/sources_1/ip/ila_prepcb/hdl/verilog/xsdbm_v3_0_5_bs_core.vh:150]
INFO: [Synth 8-11241] undeclared symbol 'runtest_int', assumed default net type 'wire' [d:/codex_project/sonofield/v3/build/prepcb/master/ebaz_master_serializer_prepcb.gen/sources_1/ip/ila_prepcb/hdl/verilog/xsdbm_v3_0_5_bs_core.vh:152]
INFO: [Synth 8-11241] undeclared symbol 'tms_int', assumed default net type 'wire' [d:/codex_project/sonofield/v3/build/prepcb/master/ebaz_master_serializer_prepcb.gen/sources_1/ip/ila_prepcb/hdl/verilog/xsdbm_v3_0_5_bs_core.vh:192]
INFO: [Synth 8-11241] undeclared symbol 'runtest_int', assumed default net type 'wire' [d:/codex_project/sonofield/v3/build/prepcb/master/ebaz_master_serializer_prepcb.gen/sources_1/ip/ila_prepcb/hdl/verilog/xsdbm_v3_0_5_bs_core.vh:194]
INFO: [Synth 8-11241] undeclared symbol 'tms_int', assumed default net type 'wire' [d:/codex_project/sonofield/v3/build/prepcb/master/ebaz_master_serializer_prepcb.gen/sources_1/ip/ila_prepcb/hdl/verilog/xsdbm_v3_0_5_bs_core.vh:235]
INFO: [Synth 8-11241] undeclared symbol 'runtest_int', assumed default net type 'wire' [d:/codex_project/sonofield/v3/build/prepcb/master/ebaz_master_serializer_prepcb.gen/sources_1/ip/ila_prepcb/hdl/verilog/xsdbm_v3_0_5_bs_core.vh:237]
INFO: [Synth 8-11241] undeclared symbol 'tms_int', assumed default net type 'wire' [d:/codex_project/sonofield/v3/build/prepcb/master/ebaz_master_serializer_prepcb.gen/sources_1/ip/ila_prepcb/hdl/verilog/xsdbm_v3_0_5_bs_core.vh:279]
INFO: [Synth 8-11241] undeclared symbol 'runtest_int', assumed default net type 'wire' [d:/codex_project/sonofield/v3/build/prepcb/master/ebaz_master_serializer_prepcb.gen/sources_1/ip/ila_prepcb/hdl/verilog/xsdbm_v3_0_5_bs_core.vh:281]
INFO: [Synth 8-11241] undeclared symbol 'tms_int', assumed default net type 'wire' [d:/codex_project/sonofield/v3/build/prepcb/master/ebaz_master_serializer_prepcb.gen/sources_1/ip/ila_prepcb/hdl/verilog/xsdbm_v3_0_5_bs_core.vh:324]
INFO: [Synth 8-11241] undeclared symbol 'runtest_int', assumed default net type 'wire' [d:/codex_project/sonofield/v3/build/prepcb/master/ebaz_master_serializer_prepcb.gen/sources_1/ip/ila_prepcb/hdl/verilog/xsdbm_v3_0_5_bs_core.vh:326]
INFO: [Synth 8-11241] undeclared symbol 'tms_int', assumed default net type 'wire' [d:/codex_project/sonofield/v3/build/prepcb/master/ebaz_master_serializer_prepcb.gen/sources_1/ip/ila_prepcb/hdl/verilog/xsdbm_v3_0_5_bs_core.vh:370]
INFO: [Synth 8-11241] undeclared symbol 'runtest_int', assumed default net type 'wire' [d:/codex_project/sonofield/v3/build/prepcb/master/ebaz_master_serializer_prepcb.gen/sources_1/ip/ila_prepcb/hdl/verilog/xsdbm_v3_0_5_bs_core.vh:372]
INFO: [Synth 8-11241] undeclared symbol 'tms_int', assumed default net type 'wire' [d:/codex_project/sonofield/v3/build/prepcb/master/ebaz_master_serializer_prepcb.gen/sources_1/ip/ila_prepcb/hdl/verilog/xsdbm_v3_0_5_bs_core.vh:417]
INFO: [Synth 8-11241] undeclared symbol 'runtest_int', assumed default net type 'wire' [d:/codex_project/sonofield/v3/build/prepcb/master/ebaz_master_serializer_prepcb.gen/sources_1/ip/ila_prepcb/hdl/verilog/xsdbm_v3_0_5_bs_core.vh:419]
INFO: [Synth 8-11241] undeclared symbol 'tms_int', assumed default net type 'wire' [d:/codex_project/sonofield/v3/build/prepcb/master/ebaz_master_serializer_prepcb.gen/sources_1/ip/ila_prepcb/hdl/verilog/xsdbm_v3_0_5_bs_core.vh:465]
INFO: [Synth 8-11241] undeclared symbol 'runtest_int', assumed default net type 'wire' [d:/codex_project/sonofield/v3/build/prepcb/master/ebaz_master_serializer_prepcb.gen/sources_1/ip/ila_prepcb/hdl/verilog/xsdbm_v3_0_5_bs_core.vh:467]
INFO: [Synth 8-11241] undeclared symbol 'tms_int', assumed default net type 'wire' [d:/codex_project/sonofield/v3/build/prepcb/master/ebaz_master_serializer_prepcb.gen/sources_1/ip/ila_prepcb/hdl/verilog/xsdbm_v3_0_5_bs_core.vh:514]
INFO: [Synth 8-11241] undeclared symbol 'runtest_int', assumed default net type 'wire' [d:/codex_project/sonofield/v3/build/prepcb/master/ebaz_master_serializer_prepcb.gen/sources_1/ip/ila_prepcb/hdl/verilog/xsdbm_v3_0_5_bs_core.vh:516]
INFO: [Synth 8-11241] undeclared symbol 'tms_int', assumed default net type 'wire' [d:/codex_project/sonofield/v3/build/prepcb/master/ebaz_master_serializer_prepcb.gen/sources_1/ip/ila_prepcb/hdl/verilog/xsdbm_v3_0_5_bs_core.vh:564]
INFO: [Synth 8-11241] undeclared symbol 'runtest_int', assumed default net type 'wire' [d:/codex_project/sonofield/v3/build/prepcb/master/ebaz_master_serializer_prepcb.gen/sources_1/ip/ila_prepcb/hdl/verilog/xsdbm_v3_0_5_bs_core.vh:566]
INFO: [Synth 8-11241] undeclared symbol 'tms_int', assumed default net type 'wire' [d:/codex_project/sonofield/v3/build/prepcb/master/ebaz_master_serializer_prepcb.gen/sources_1/ip/ila_prepcb/hdl/verilog/xsdbm_v3_0_5_bs_core.vh:615]
INFO: [Synth 8-11241] undeclared symbol 'runtest_int', assumed default net type 'wire' [d:/codex_project/sonofield/v3/build/prepcb/master/ebaz_master_serializer_prepcb.gen/sources_1/ip/ila_prepcb/hdl/verilog/xsdbm_v3_0_5_bs_core.vh:617]
INFO: [Synth 8-11241] undeclared symbol 'tms_int', assumed default net type 'wire' [d:/codex_project/sonofield/v3/build/prepcb/master/ebaz_master_serializer_prepcb.gen/sources_1/ip/ila_prepcb/hdl/verilog/xsdbm_v3_0_5_bs_core_vec.vh:30]
INFO: [Synth 8-11241] undeclared symbol 'runtest_int', assumed default net type 'wire' [d:/codex_project/sonofield/v3/build/prepcb/master/ebaz_master_serializer_prepcb.gen/sources_1/ip/ila_prepcb/hdl/verilog/xsdbm_v3_0_5_bs_core_vec.vh:32]
INFO: [Synth 8-11241] undeclared symbol 'tms_int', assumed default net type 'wire' [d:/codex_project/sonofield/v3/build/prepcb/master/ebaz_master_serializer_prepcb.gen/sources_1/ip/ila_prepcb/hdl/verilog/xsdbm_v3_0_5_bs_core_vec.vh:65]
INFO: [Synth 8-11241] undeclared symbol 'runtest_int', assumed default net type 'wire' [d:/codex_project/sonofield/v3/build/prepcb/master/ebaz_master_serializer_prepcb.gen/sources_1/ip/ila_prepcb/hdl/verilog/xsdbm_v3_0_5_bs_core_vec.vh:67]
INFO: [Synth 8-11241] undeclared symbol 'tms_int', assumed default net type 'wire' [d:/codex_project/sonofield/v3/build/prepcb/master/ebaz_master_serializer_prepcb.gen/sources_1/ip/ila_prepcb/hdl/verilog/xsdbm_v3_0_5_bs_core_vec.vh:100]
INFO: [Synth 8-11241] undeclared symbol 'runtest_int', assumed default net type 'wire' [d:/codex_project/sonofield/v3/build/prepcb/master/ebaz_master_serializer_prepcb.gen/sources_1/ip/ila_prepcb/hdl/verilog/xsdbm_v3_0_5_bs_core_vec.vh:102]
INFO: [Synth 8-11241] undeclared symbol 'tms_int', assumed default net type 'wire' [d:/codex_project/sonofield/v3/build/prepcb/master/ebaz_master_serializer_prepcb.gen/sources_1/ip/ila_prepcb/hdl/verilog/xsdbm_v3_0_5_bs_core_vec.vh:135]
INFO: [Synth 8-11241] undeclared symbol 'runtest_int', assumed default net type 'wire' [d:/codex_project/sonofield/v3/build/prepcb/master/ebaz_master_serializer_prepcb.gen/sources_1/ip/ila_prepcb/hdl/verilog/xsdbm_v3_0_5_bs_core_vec.vh:137]
INFO: [Synth 8-11241] undeclared symbol 'tms_int', assumed default net type 'wire' [d:/codex_project/sonofield/v3/build/prepcb/master/ebaz_master_serializer_prepcb.gen/sources_1/ip/ila_prepcb/hdl/verilog/xsdbm_v3_0_5_bs_core_vec.vh:170]
INFO: [Synth 8-11241] undeclared symbol 'runtest_int', assumed default net type 'wire' [d:/codex_project/sonofield/v3/build/prepcb/master/ebaz_master_serializer_prepcb.gen/sources_1/ip/ila_prepcb/hdl/verilog/xsdbm_v3_0_5_bs_core_vec.vh:172]
INFO: [Synth 8-11241] undeclared symbol 'tms_int', assumed default net type 'wire' [d:/codex_project/sonofield/v3/build/prepcb/master/ebaz_master_serializer_prepcb.gen/sources_1/ip/ila_prepcb/hdl/verilog/xsdbm_v3_0_5_bs_core_vec.vh:205]
INFO: [Synth 8-11241] undeclared symbol 'runtest_int', assumed default net type 'wire' [d:/codex_project/sonofield/v3/build/prepcb/master/ebaz_master_serializer_prepcb.gen/sources_1/ip/ila_prepcb/hdl/verilog/xsdbm_v3_0_5_bs_core_vec.vh:207]
INFO: [Synth 8-11241] undeclared symbol 'tms_int', assumed default net type 'wire' [d:/codex_project/sonofield/v3/build/prepcb/master/ebaz_master_serializer_prepcb.gen/sources_1/ip/ila_prepcb/hdl/verilog/xsdbm_v3_0_5_bs_core_vec.vh:240]
INFO: [Synth 8-11241] undeclared symbol 'runtest_int', assumed default net type 'wire' [d:/codex_project/sonofield/v3/build/prepcb/master/ebaz_master_serializer_prepcb.gen/sources_1/ip/ila_prepcb/hdl/verilog/xsdbm_v3_0_5_bs_core_vec.vh:242]
INFO: [Synth 8-11241] undeclared symbol 'tms_int', assumed default net type 'wire' [d:/codex_project/sonofield/v3/build/prepcb/master/ebaz_master_serializer_prepcb.gen/sources_1/ip/ila_prepcb/hdl/verilog/xsdbm_v3_0_5_bs_core_vec.vh:275]
INFO: [Synth 8-11241] undeclared symbol 'runtest_int', assumed default net type 'wire' [d:/codex_project/sonofield/v3/build/prepcb/master/ebaz_master_serializer_prepcb.gen/sources_1/ip/ila_prepcb/hdl/verilog/xsdbm_v3_0_5_bs_core_vec.vh:277]
INFO: [Synth 8-11241] undeclared symbol 'tms_int', assumed default net type 'wire' [d:/codex_project/sonofield/v3/build/prepcb/master/ebaz_master_serializer_prepcb.gen/sources_1/ip/ila_prepcb/hdl/verilog/xsdbm_v3_0_5_bs_core_vec.vh:310]
INFO: [Synth 8-11241] undeclared symbol 'runtest_int', assumed default net type 'wire' [d:/codex_project/sonofield/v3/build/prepcb/master/ebaz_master_serializer_prepcb.gen/sources_1/ip/ila_prepcb/hdl/verilog/xsdbm_v3_0_5_bs_core_vec.vh:312]
INFO: [Synth 8-11241] undeclared symbol 'tms_int', assumed default net type 'wire' [d:/codex_project/sonofield/v3/build/prepcb/master/ebaz_master_serializer_prepcb.gen/sources_1/ip/ila_prepcb/hdl/verilog/xsdbm_v3_0_5_bs_core_vec.vh:345]
INFO: [Synth 8-11241] undeclared symbol 'runtest_int', assumed default net type 'wire' [d:/codex_project/sonofield/v3/build/prepcb/master/ebaz_master_serializer_prepcb.gen/sources_1/ip/ila_prepcb/hdl/verilog/xsdbm_v3_0_5_bs_core_vec.vh:347]
INFO: [Synth 8-11241] undeclared symbol 'tms_int', assumed default net type 'wire' [d:/codex_project/sonofield/v3/build/prepcb/master/ebaz_master_serializer_prepcb.gen/sources_1/ip/ila_prepcb/hdl/verilog/xsdbm_v3_0_5_bs_core_vec.vh:380]
INFO: [Synth 8-11241] undeclared symbol 'runtest_int', assumed default net type 'wire' [d:/codex_project/sonofield/v3/build/prepcb/master/ebaz_master_serializer_prepcb.gen/sources_1/ip/ila_prepcb/hdl/verilog/xsdbm_v3_0_5_bs_core_vec.vh:382]
INFO: [Synth 8-11241] undeclared symbol 'tms_int', assumed default net type 'wire' [d:/codex_project/sonofield/v3/build/prepcb/master/ebaz_master_serializer_prepcb.gen/sources_1/ip/ila_prepcb/hdl/verilog/xsdbm_v3_0_5_bs_core_vec.vh:415]
INFO: [Synth 8-11241] undeclared symbol 'runtest_int', assumed default net type 'wire' [d:/codex_project/sonofield/v3/build/prepcb/master/ebaz_master_serializer_prepcb.gen/sources_1/ip/ila_prepcb/hdl/verilog/xsdbm_v3_0_5_bs_core_vec.vh:417]
INFO: [Synth 8-11241] undeclared symbol 'tms_int', assumed default net type 'wire' [d:/codex_project/sonofield/v3/build/prepcb/master/ebaz_master_serializer_prepcb.gen/sources_1/ip/ila_prepcb/hdl/verilog/xsdbm_v3_0_5_bs_core_vec.vh:450]
INFO: [Synth 8-11241] undeclared symbol 'runtest_int', assumed default net type 'wire' [d:/codex_project/sonofield/v3/build/prepcb/master/ebaz_master_serializer_prepcb.gen/sources_1/ip/ila_prepcb/hdl/verilog/xsdbm_v3_0_5_bs_core_vec.vh:452]
INFO: [Synth 8-11241] undeclared symbol 'tms_int', assumed default net type 'wire' [d:/codex_project/sonofield/v3/build/prepcb/master/ebaz_master_serializer_prepcb.gen/sources_1/ip/ila_prepcb/hdl/verilog/xsdbm_v3_0_5_bs_core_vec.vh:485]
INFO: [Synth 8-11241] undeclared symbol 'runtest_int', assumed default net type 'wire' [d:/codex_project/sonofield/v3/build/prepcb/master/ebaz_master_serializer_prepcb.gen/sources_1/ip/ila_prepcb/hdl/verilog/xsdbm_v3_0_5_bs_core_vec.vh:487]
INFO: [Synth 8-11241] undeclared symbol 'tms_int', assumed default net type 'wire' [d:/codex_project/sonofield/v3/build/prepcb/master/ebaz_master_serializer_prepcb.gen/sources_1/ip/ila_prepcb/hdl/verilog/xsdbm_v3_0_5_bs_core_vec.vh:30]
INFO: [Synth 8-11241] undeclared symbol 'runtest_int', assumed default net type 'wire' [d:/codex_project/sonofield/v3/build/prepcb/master/ebaz_master_serializer_prepcb.gen/sources_1/ip/ila_prepcb/hdl/verilog/xsdbm_v3_0_5_bs_core_vec.vh:32]
INFO: [Synth 8-11241] undeclared symbol 'tms_int', assumed default net type 'wire' [d:/codex_project/sonofield/v3/build/prepcb/master/ebaz_master_serializer_prepcb.gen/sources_1/ip/ila_prepcb/hdl/verilog/xsdbm_v3_0_5_bs_core_vec.vh:65]
INFO: [Synth 8-11241] undeclared symbol 'runtest_int', assumed default net type 'wire' [d:/codex_project/sonofield/v3/build/prepcb/master/ebaz_master_serializer_prepcb.gen/sources_1/ip/ila_prepcb/hdl/verilog/xsdbm_v3_0_5_bs_core_vec.vh:67]
INFO: [Synth 8-11241] undeclared symbol 'tms_int', assumed default net type 'wire' [d:/codex_project/sonofield/v3/build/prepcb/master/ebaz_master_serializer_prepcb.gen/sources_1/ip/ila_prepcb/hdl/verilog/xsdbm_v3_0_5_bs_core_vec.vh:100]
INFO: [Synth 8-11241] undeclared symbol 'runtest_int', assumed default net type 'wire' [d:/codex_project/sonofield/v3/build/prepcb/master/ebaz_master_serializer_prepcb.gen/sources_1/ip/ila_prepcb/hdl/verilog/xsdbm_v3_0_5_bs_core_vec.vh:102]
INFO: [Synth 8-11241] undeclared symbol 'tms_int', assumed default net type 'wire' [d:/codex_project/sonofield/v3/build/prepcb/master/ebaz_master_serializer_prepcb.gen/sources_1/ip/ila_prepcb/hdl/verilog/xsdbm_v3_0_5_bs_core_vec.vh:135]
INFO: [Synth 8-11241] undeclared symbol 'runtest_int', assumed default net type 'wire' [d:/codex_project/sonofield/v3/build/prepcb/master/ebaz_master_serializer_prepcb.gen/sources_1/ip/ila_prepcb/hdl/verilog/xsdbm_v3_0_5_bs_core_vec.vh:137]
INFO: [Synth 8-11241] undeclared symbol 'tms_int', assumed default net type 'wire' [d:/codex_project/sonofield/v3/build/prepcb/master/ebaz_master_serializer_prepcb.gen/sources_1/ip/ila_prepcb/hdl/verilog/xsdbm_v3_0_5_bs_core_vec.vh:170]
INFO: [Synth 8-11241] undeclared symbol 'runtest_int', assumed default net type 'wire' [d:/codex_project/sonofield/v3/build/prepcb/master/ebaz_master_serializer_prepcb.gen/sources_1/ip/ila_prepcb/hdl/verilog/xsdbm_v3_0_5_bs_core_vec.vh:172]
INFO: [Synth 8-11241] undeclared symbol 'tms_int', assumed default net type 'wire' [d:/codex_project/sonofield/v3/build/prepcb/master/ebaz_master_serializer_prepcb.gen/sources_1/ip/ila_prepcb/hdl/verilog/xsdbm_v3_0_5_bs_core_vec.vh:205]
INFO: [Synth 8-11241] undeclared symbol 'runtest_int', assumed default net type 'wire' [d:/codex_project/sonofield/v3/build/prepcb/master/ebaz_master_serializer_prepcb.gen/sources_1/ip/ila_prepcb/hdl/verilog/xsdbm_v3_0_5_bs_core_vec.vh:207]
INFO: [Synth 8-11241] undeclared symbol 'tms_int', assumed default net type 'wire' [d:/codex_project/sonofield/v3/build/prepcb/master/ebaz_master_serializer_prepcb.gen/sources_1/ip/ila_prepcb/hdl/verilog/xsdbm_v3_0_5_bs_core_vec.vh:240]
INFO: [Synth 8-11241] undeclared symbol 'runtest_int', assumed default net type 'wire' [d:/codex_project/sonofield/v3/build/prepcb/master/ebaz_master_serializer_prepcb.gen/sources_1/ip/ila_prepcb/hdl/verilog/xsdbm_v3_0_5_bs_core_vec.vh:242]
INFO: [Synth 8-11241] undeclared symbol 'tms_int', assumed default net type 'wire' [d:/codex_project/sonofield/v3/build/prepcb/master/ebaz_master_serializer_prepcb.gen/sources_1/ip/ila_prepcb/hdl/verilog/xsdbm_v3_0_5_bs_core_vec.vh:275]
INFO: [Synth 8-11241] undeclared symbol 'runtest_int', assumed default net type 'wire' [d:/codex_project/sonofield/v3/build/prepcb/master/ebaz_master_serializer_prepcb.gen/sources_1/ip/ila_prepcb/hdl/verilog/xsdbm_v3_0_5_bs_core_vec.vh:277]
INFO: [Common 17-14] Message 'Synth 8-11241' appears 100 times and further instances of the messages will be disabled. Use the Tcl command set_msg_config to change the current settings.
INFO: [Synth 8-6157] synthesizing module 'ebaz_master_serializer_prepcb' [D:/codex_project/sonofield/v3/rtl/top/serializer_prepcb_top.sv:33]
INFO: [Synth 8-6157] synthesizing module 'serializer_prepcb_core' [D:/codex_project/sonofield/v3/rtl/top/serializer_prepcb_top.sv:2]
	Parameter MASTER bound to: 1'b1 
INFO: [Synth 8-6157] synthesizing module 'dual_sync_top' [D:/codex_project/sonofield/v3/rtl/top/dual_sync_top.sv:3]
	Parameter MASTER bound to: 1'b1 
INFO: [Synth 8-6157] synthesizing module 'ODDR' [D:/amd2025_2/2025.2/Vivado/scripts/rt/data/unisim_comp.v:117225]
	Parameter DDR_CLK_EDGE bound to: SAME_EDGE - type: string 
INFO: [Synth 8-6155] done synthesizing module 'ODDR' (0#1) [D:/amd2025_2/2025.2/Vivado/scripts/rt/data/unisim_comp.v:117225]
INFO: [Synth 8-6157] synthesizing module 'sync_button' [D:/codex_project/sonofield/v3/rtl/sync/sync_button.sv:2]
	Parameter STABLE_CYCLES bound to: 250000 - type: integer 
INFO: [Synth 8-6155] done synthesizing module 'sync_button' (0#1) [D:/codex_project/sonofield/v3/rtl/sync/sync_button.sv:2]
INFO: [Synth 8-6157] synthesizing module 'timestamp_counter' [D:/codex_project/sonofield/v3/rtl/sync/timestamp_counter.sv:3]
INFO: [Synth 8-6155] done synthesizing module 'timestamp_counter' (0#1) [D:/codex_project/sonofield/v3/rtl/sync/timestamp_counter.sv:3]
INFO: [Synth 8-6157] synthesizing module 'sync_master' [D:/codex_project/sonofield/v3/rtl/sync/sync_master.sv:2]
INFO: [Synth 8-6155] done synthesizing module 'sync_master' (0#1) [D:/codex_project/sonofield/v3/rtl/sync/sync_master.sv:2]
INFO: [Synth 8-6157] synthesizing module 'delay_measure' [D:/codex_project/sonofield/v3/rtl/sync/delay_measure.sv:4]
INFO: [Synth 8-6155] done synthesizing module 'delay_measure' (0#1) [D:/codex_project/sonofield/v3/rtl/sync/delay_measure.sv:4]
INFO: [Synth 8-6157] synthesizing module 'clk_manager' [D:/codex_project/sonofield/v3/rtl/clock/clk_manager.sv:2]
	Parameter SIMULATION bound to: 1'b0 
INFO: [Synth 8-6157] synthesizing module 'IBUF' [D:/amd2025_2/2025.2/Vivado/scripts/rt/data/unisim_comp.v:82804]
INFO: [Synth 8-6155] done synthesizing module 'IBUF' (0#1) [D:/amd2025_2/2025.2/Vivado/scripts/rt/data/unisim_comp.v:82804]
INFO: [Synth 8-6157] synthesizing module 'MMCME2_BASE' [D:/amd2025_2/2025.2/Vivado/scripts/rt/data/unisim_comp.v:95964]
	Parameter CLKFBOUT_MULT_F bound to: 2.000000e+01 - type: double 
	Parameter CLKIN1_PERIOD bound to: 2.000000e+01 - type: double 
	Parameter CLKOUT0_DIVIDE_F bound to: 2.000000e+01 - type: double 
	Parameter DIVCLK_DIVIDE bound to: 1 - type: integer 
	Parameter STARTUP_WAIT bound to: FALSE - type: string 
INFO: [Synth 8-6155] done synthesizing module 'MMCME2_BASE' (0#1) [D:/amd2025_2/2025.2/Vivado/scripts/rt/data/unisim_comp.v:95964]
WARNING: [Synth 8-7071] port 'CLKFBOUTB' of module 'MMCME2_BASE' is unconnected for instance 'mmcm' [D:/codex_project/sonofield/v3/rtl/clock/clk_manager.sv:10]
WARNING: [Synth 8-7071] port 'CLKOUT0B' of module 'MMCME2_BASE' is unconnected for instance 'mmcm' [D:/codex_project/sonofield/v3/rtl/clock/clk_manager.sv:10]
WARNING: [Synth 8-7071] port 'CLKOUT1' of module 'MMCME2_BASE' is unconnected for instance 'mmcm' [D:/codex_project/sonofield/v3/rtl/clock/clk_manager.sv:10]
WARNING: [Synth 8-7071] port 'CLKOUT1B' of module 'MMCME2_BASE' is unconnected for instance 'mmcm' [D:/codex_project/sonofield/v3/rtl/clock/clk_manager.sv:10]
WARNING: [Synth 8-7071] port 'CLKOUT2' of module 'MMCME2_BASE' is unconnected for instance 'mmcm' [D:/codex_project/sonofield/v3/rtl/clock/clk_manager.sv:10]
WARNING: [Synth 8-7071] port 'CLKOUT2B' of module 'MMCME2_BASE' is unconnected for instance 'mmcm' [D:/codex_project/sonofield/v3/rtl/clock/clk_manager.sv:10]
WARNING: [Synth 8-7071] port 'CLKOUT3' of module 'MMCME2_BASE' is unconnected for instance 'mmcm' [D:/codex_project/sonofield/v3/rtl/clock/clk_manager.sv:10]
WARNING: [Synth 8-7071] port 'CLKOUT3B' of module 'MMCME2_BASE' is unconnected for instance 'mmcm' [D:/codex_project/sonofield/v3/rtl/clock/clk_manager.sv:10]
WARNING: [Synth 8-7071] port 'CLKOUT4' of module 'MMCME2_BASE' is unconnected for instance 'mmcm' [D:/codex_project/sonofield/v3/rtl/clock/clk_manager.sv:10]
WARNING: [Synth 8-7071] port 'CLKOUT5' of module 'MMCME2_BASE' is unconnected for instance 'mmcm' [D:/codex_project/sonofield/v3/rtl/clock/clk_manager.sv:10]
WARNING: [Synth 8-7071] port 'CLKOUT6' of module 'MMCME2_BASE' is unconnected for instance 'mmcm' [D:/codex_project/sonofield/v3/rtl/clock/clk_manager.sv:10]
WARNING: [Synth 8-7023] instance 'mmcm' of module 'MMCME2_BASE' has 18 connections declared, but only 7 given [D:/codex_project/sonofield/v3/rtl/clock/clk_manager.sv:10]
INFO: [Synth 8-6157] synthesizing module 'BUFG' [D:/amd2025_2/2025.2/Vivado/scripts/rt/data/unisim_comp.v:2678]
INFO: [Synth 8-6155] done synthesizing module 'BUFG' (0#1) [D:/amd2025_2/2025.2/Vivado/scripts/rt/data/unisim_comp.v:2678]
INFO: [Synth 8-6155] done synthesizing module 'clk_manager' (0#1) [D:/codex_project/sonofield/v3/rtl/clock/clk_manager.sv:2]
INFO: [Synth 8-6155] done synthesizing module 'dual_sync_top' (0#1) [D:/codex_project/sonofield/v3/rtl/top/dual_sync_top.sv:3]
INFO: [Synth 8-6157] synthesizing module 'array_test_endpoint' [D:/codex_project/sonofield/v3/rtl/array/array_test_endpoint.sv:2]
INFO: [Synth 8-6157] synthesizing module 'serializer64' [D:/codex_project/sonofield/v3/rtl/array/serializer64.sv:2]
INFO: [Synth 8-6155] done synthesizing module 'serializer64' (0#1) [D:/codex_project/sonofield/v3/rtl/array/serializer64.sv:2]
INFO: [Synth 8-6157] synthesizing module 'array_output_guard' [D:/codex_project/sonofield/v3/rtl/array/array_output_guard.sv:2]
INFO: [Synth 8-6155] done synthesizing module 'array_output_guard' (0#1) [D:/codex_project/sonofield/v3/rtl/array/array_output_guard.sv:2]
INFO: [Synth 8-6155] done synthesizing module 'array_test_endpoint' (0#1) [D:/codex_project/sonofield/v3/rtl/array/array_test_endpoint.sv:2]
WARNING: [Synth 8-4446] all outputs are unconnected for this instance and logic may be removed [D:/codex_project/sonofield/v3/rtl/top/serializer_prepcb_top.sv:30]
INFO: [Synth 8-6157] synthesizing module 'ila_prepcb' [d:/codex_project/sonofield/v3/build/prepcb/master/ebaz_master_serializer_prepcb.gen/sources_1/ip/ila_prepcb/synth/ila_prepcb.v:48]
INFO: [Synth 8-6157] synthesizing module 'CFGLUT5' [D:/amd2025_2/2025.2/Vivado/scripts/rt/data/unisim_comp.v:3131]
INFO: [Synth 8-6155] done synthesizing module 'CFGLUT5' (0#1) [D:/amd2025_2/2025.2/Vivado/scripts/rt/data/unisim_comp.v:3131]
INFO: [Synth 8-6157] synthesizing module 'CARRY4' [D:/amd2025_2/2025.2/Vivado/scripts/rt/data/unisim_comp.v:3094]
INFO: [Synth 8-6155] done synthesizing module 'CARRY4' (0#1) [D:/amd2025_2/2025.2/Vivado/scripts/rt/data/unisim_comp.v:3094]
INFO: [Synth 8-6157] synthesizing module 'SRLC32E' [D:/amd2025_2/2025.2/Vivado/scripts/rt/data/unisim_comp.v:165484]
INFO: [Synth 8-6155] done synthesizing module 'SRLC32E' (0#1) [D:/amd2025_2/2025.2/Vivado/scripts/rt/data/unisim_comp.v:165484]
INFO: [Synth 8-6157] synthesizing module 'SRL16E' [D:/amd2025_2/2025.2/Vivado/scripts/rt/data/unisim_comp.v:165334]
INFO: [Synth 8-6155] done synthesizing module 'SRL16E' (0#1) [D:/amd2025_2/2025.2/Vivado/scripts/rt/data/unisim_comp.v:165334]
INFO: [Synth 8-6157] synthesizing module 'SRLC16E' [D:/amd2025_2/2025.2/Vivado/scripts/rt/data/unisim_comp.v:165423]
INFO: [Synth 8-6155] done synthesizing module 'SRLC16E' (0#1) [D:/amd2025_2/2025.2/Vivado/scripts/rt/data/unisim_comp.v:165423]
INFO: [Synth 8-6157] synthesizing module 'FDRE' [D:/amd2025_2/2025.2/Vivado/scripts/rt/data/unisim_comp.v:49396]
INFO: [Synth 8-6155] done synthesizing module 'FDRE' (0#1) [D:/amd2025_2/2025.2/Vivado/scripts/rt/data/unisim_comp.v:49396]
INFO: [Synth 8-7071] port 'clk_nobuf' of module 'ila_v6_2_19_ila' is unconnected for instance 'inst' [d:/codex_project/sonofield/v3/build/prepcb/master/ebaz_master_serializer_prepcb.gen/sources_1/ip/ila_prepcb/synth/ila_prepcb.v:3209]
INFO: [Synth 8-7071] port 'clkdiv_out' of module 'ila_v6_2_19_ila' is unconnected for instance 'inst' [d:/codex_project/sonofield/v3/build/prepcb/master/ebaz_master_serializer_prepcb.gen/sources_1/ip/ila_prepcb/synth/ila_prepcb.v:3209]
INFO: [Synth 8-7071] port 'trig_in' of module 'ila_v6_2_19_ila' is unconnected for instance 'inst' [d:/codex_project/sonofield/v3/build/prepcb/master/ebaz_master_serializer_prepcb.gen/sources_1/ip/ila_prepcb/synth/ila_prepcb.v:3209]
INFO: [Synth 8-7071] port 'trig_in_ack' of module 'ila_v6_2_19_ila' is unconnected for instance 'inst' [d:/codex_project/sonofield/v3/build/prepcb/master/ebaz_master_serializer_prepcb.gen/sources_1/ip/ila_prepcb/synth/ila_prepcb.v:3209]
INFO: [Synth 8-7071] port 'trig_out' of module 'ila_v6_2_19_ila' is unconnected for instance 'inst' [d:/codex_project/sonofield/v3/build/prepcb/master/ebaz_master_serializer_prepcb.gen/sources_1/ip/ila_prepcb/synth/ila_prepcb.v:3209]
INFO: [Synth 8-7071] port 'trig_out_ack' of module 'ila_v6_2_19_ila' is unconnected for instance 'inst' [d:/codex_project/sonofield/v3/build/prepcb/master/ebaz_master_serializer_prepcb.gen/sources_1/ip/ila_prepcb/synth/ila_prepcb.v:3209]
INFO: [Synth 8-7023] instance 'inst' of module 'ila_v6_2_19_ila' has 1033 connections declared, but only 1027 given [d:/codex_project/sonofield/v3/build/prepcb/master/ebaz_master_serializer_prepcb.gen/sources_1/ip/ila_prepcb/synth/ila_prepcb.v:3209]
INFO: [Synth 8-6155] done synthesizing module 'ila_prepcb' (0#1) [d:/codex_project/sonofield/v3/build/prepcb/master/ebaz_master_serializer_prepcb.gen/sources_1/ip/ila_prepcb/synth/ila_prepcb.v:48]
INFO: [Synth 8-6155] done synthesizing module 'serializer_prepcb_core' (0#1) [D:/codex_project/sonofield/v3/rtl/top/serializer_prepcb_top.sv:2]
INFO: [Synth 8-6155] done synthesizing module 'ebaz_master_serializer_prepcb' (0#1) [D:/codex_project/sonofield/v3/rtl/top/serializer_prepcb_top.sv:33]
INFO: [Synth 8-6071] Mark debug on the nets applies keep_hierarchy on instance 'g_master.delay_meter'. This will prevent further optimization [D:/codex_project/sonofield/v3/rtl/top/dual_sync_top.sv:73]
INFO: [Synth 8-3848] Net sl_iport0 in module/entity ila_prepcb does not have driver. [d:/codex_project/sonofield/v3/build/prepcb/master/ebaz_master_serializer_prepcb.gen/sources_1/ip/ila_prepcb/synth/ila_prepcb.v:98]
INFO: [Synth 8-6071] Mark debug on the nets applies keep_hierarchy on instance 'debug_ila'. This will prevent further optimization [D:/codex_project/sonofield/v3/rtl/top/serializer_prepcb_top.sv:30]
WARNING: [Synth 8-7129] Port CLKB in module blk_mem_gen_v8_4_12_blk_mem_output_block is either unconnected or has no load
WARNING: [Synth 8-7129] Port DOUTA_I[64] in module blk_mem_gen_v8_4_12_blk_mem_output_block is either unconnected or has no load
WARNING: [Synth 8-7129] Port DOUTA_I[63] in module blk_mem_gen_v8_4_12_blk_mem_output_block is either unconnected or has no load
WARNING: [Synth 8-7129] Port DOUTA_I[62] in module blk_mem_gen_v8_4_12_blk_mem_output_block is either unconnected or has no load
WARNING: [Synth 8-7129] Port DOUTA_I[61] in module blk_mem_gen_v8_4_12_blk_mem_output_block is either unconnected or has no load
WARNING: [Synth 8-7129] Port DOUTA_I[60] in module blk_mem_gen_v8_4_12_blk_mem_output_block is either unconnected or has no load
WARNING: [Synth 8-7129] Port DOUTA_I[59] in module blk_mem_gen_v8_4_12_blk_mem_output_block is either unconnected or has no load
WARNING: [Synth 8-7129] Port DOUTA_I[58] in module blk_mem_gen_v8_4_12_blk_mem_output_block is either unconnected or has no load
WARNING: [Synth 8-7129] Port DOUTA_I[57] in module blk_mem_gen_v8_4_12_blk_mem_output_block is either unconnected or has no load
WARNING: [Synth 8-7129] Port DOUTA_I[56] in module blk_mem_gen_v8_4_12_blk_mem_output_block is either unconnected or has no load
WARNING: [Synth 8-7129] Port DOUTA_I[55] in module blk_mem_gen_v8_4_12_blk_mem_output_block is either unconnected or has no load
WARNING: [Synth 8-7129] Port DOUTA_I[54] in module blk_mem_gen_v8_4_12_blk_mem_output_block is either unconnected or has no load
WARNING: [Synth 8-7129] Port DOUTA_I[53] in module blk_mem_gen_v8_4_12_blk_mem_output_block is either unconnected or has no load
WARNING: [Synth 8-7129] Port DOUTA_I[52] in module blk_mem_gen_v8_4_12_blk_mem_output_block is either unconnected or has no load
WARNING: [Synth 8-7129] Port DOUTA_I[51] in module blk_mem_gen_v8_4_12_blk_mem_output_block is either unconnected or has no load
WARNING: [Synth 8-7129] Port DOUTA_I[50] in module blk_mem_gen_v8_4_12_blk_mem_output_block is either unconnected or has no load
WARNING: [Synth 8-7129] Port DOUTA_I[49] in module blk_mem_gen_v8_4_12_blk_mem_output_block is either unconnected or has no load
WARNING: [Synth 8-7129] Port DOUTA_I[48] in module blk_mem_gen_v8_4_12_blk_mem_output_block is either unconnected or has no load
WARNING: [Synth 8-7129] Port DOUTA_I[47] in module blk_mem_gen_v8_4_12_blk_mem_output_block is either unconnected or has no load
WARNING: [Synth 8-7129] Port DOUTA_I[46] in module blk_mem_gen_v8_4_12_blk_mem_output_block is either unconnected or has no load
WARNING: [Synth 8-7129] Port DOUTA_I[45] in module blk_mem_gen_v8_4_12_blk_mem_output_block is either unconnected or has no load
WARNING: [Synth 8-7129] Port DOUTA_I[44] in module blk_mem_gen_v8_4_12_blk_mem_output_block is either unconnected or has no load
WARNING: [Synth 8-7129] Port DOUTA_I[43] in module blk_mem_gen_v8_4_12_blk_mem_output_block is either unconnected or has no load
WARNING: [Synth 8-7129] Port DOUTA_I[42] in module blk_mem_gen_v8_4_12_blk_mem_output_block is either unconnected or has no load
WARNING: [Synth 8-7129] Port DOUTA_I[41] in module blk_mem_gen_v8_4_12_blk_mem_output_block is either unconnected or has no load
WARNING: [Synth 8-7129] Port DOUTA_I[40] in module blk_mem_gen_v8_4_12_blk_mem_output_block is either unconnected or has no load
WARNING: [Synth 8-7129] Port DOUTA_I[39] in module blk_mem_gen_v8_4_12_blk_mem_output_block is either unconnected or has no load
WARNING: [Synth 8-7129] Port DOUTA_I[38] in module blk_mem_gen_v8_4_12_blk_mem_output_block is either unconnected or has no load
WARNING: [Synth 8-7129] Port DOUTA_I[37] in module blk_mem_gen_v8_4_12_blk_mem_output_block is either unconnected or has no load
WARNING: [Synth 8-7129] Port DOUTA_I[36] in module blk_mem_gen_v8_4_12_blk_mem_output_block is either unconnected or has no load
WARNING: [Synth 8-7129] Port DOUTA_I[35] in module blk_mem_gen_v8_4_12_blk_mem_output_block is either unconnected or has no load
WARNING: [Synth 8-7129] Port DOUTA_I[34] in module blk_mem_gen_v8_4_12_blk_mem_output_block is either unconnected or has no load
WARNING: [Synth 8-7129] Port DOUTA_I[33] in module blk_mem_gen_v8_4_12_blk_mem_output_block is either unconnected or has no load
WARNING: [Synth 8-7129] Port DOUTA_I[32] in module blk_mem_gen_v8_4_12_blk_mem_output_block is either unconnected or has no load
WARNING: [Synth 8-7129] Port DOUTA_I[31] in module blk_mem_gen_v8_4_12_blk_mem_output_block is either unconnected or has no load
WARNING: [Synth 8-7129] Port DOUTA_I[30] in module blk_mem_gen_v8_4_12_blk_mem_output_block is either unconnected or has no load
WARNING: [Synth 8-7129] Port DOUTA_I[29] in module blk_mem_gen_v8_4_12_blk_mem_output_block is either unconnected or has no load
WARNING: [Synth 8-7129] Port DOUTA_I[28] in module blk_mem_gen_v8_4_12_blk_mem_output_block is either unconnected or has no load
WARNING: [Synth 8-7129] Port DOUTA_I[27] in module blk_mem_gen_v8_4_12_blk_mem_output_block is either unconnected or has no load
WARNING: [Synth 8-7129] Port DOUTA_I[26] in module blk_mem_gen_v8_4_12_blk_mem_output_block is either unconnected or has no load
WARNING: [Synth 8-7129] Port DOUTA_I[25] in module blk_mem_gen_v8_4_12_blk_mem_output_block is either unconnected or has no load
WARNING: [Synth 8-7129] Port DOUTA_I[24] in module blk_mem_gen_v8_4_12_blk_mem_output_block is either unconnected or has no load
WARNING: [Synth 8-7129] Port DOUTA_I[23] in module blk_mem_gen_v8_4_12_blk_mem_output_block is either unconnected or has no load
WARNING: [Synth 8-7129] Port DOUTA_I[22] in module blk_mem_gen_v8_4_12_blk_mem_output_block is either unconnected or has no load
WARNING: [Synth 8-7129] Port DOUTA_I[21] in module blk_mem_gen_v8_4_12_blk_mem_output_block is either unconnected or has no load
WARNING: [Synth 8-7129] Port DOUTA_I[20] in module blk_mem_gen_v8_4_12_blk_mem_output_block is either unconnected or has no load
WARNING: [Synth 8-7129] Port DOUTA_I[19] in module blk_mem_gen_v8_4_12_blk_mem_output_block is either unconnected or has no load
WARNING: [Synth 8-7129] Port DOUTA_I[18] in module blk_mem_gen_v8_4_12_blk_mem_output_block is either unconnected or has no load
WARNING: [Synth 8-7129] Port DOUTA_I[17] in module blk_mem_gen_v8_4_12_blk_mem_output_block is either unconnected or has no load
WARNING: [Synth 8-7129] Port DOUTA_I[16] in module blk_mem_gen_v8_4_12_blk_mem_output_block is either unconnected or has no load
WARNING: [Synth 8-7129] Port DOUTA_I[15] in module blk_mem_gen_v8_4_12_blk_mem_output_block is either unconnected or has no load
WARNING: [Synth 8-7129] Port DOUTA_I[14] in module blk_mem_gen_v8_4_12_blk_mem_output_block is either unconnected or has no load
WARNING: [Synth 8-7129] Port DOUTA_I[13] in module blk_mem_gen_v8_4_12_blk_mem_output_block is either unconnected or has no load
WARNING: [Synth 8-7129] Port DOUTA_I[12] in module blk_mem_gen_v8_4_12_blk_mem_output_block is either unconnected or has no load
WARNING: [Synth 8-7129] Port DOUTA_I[11] in module blk_mem_gen_v8_4_12_blk_mem_output_block is either unconnected or has no load
WARNING: [Synth 8-7129] Port DOUTA_I[10] in module blk_mem_gen_v8_4_12_blk_mem_output_block is either unconnected or has no load
WARNING: [Synth 8-7129] Port DOUTA_I[9] in module blk_mem_gen_v8_4_12_blk_mem_output_block is either unconnected or has no load
WARNING: [Synth 8-7129] Port DOUTA_I[8] in module blk_mem_gen_v8_4_12_blk_mem_output_block is either unconnected or has no load
WARNING: [Synth 8-7129] Port DOUTA_I[7] in module blk_mem_gen_v8_4_12_blk_mem_output_block is either unconnected or has no load
WARNING: [Synth 8-7129] Port DOUTA_I[6] in module blk_mem_gen_v8_4_12_blk_mem_output_block is either unconnected or has no load
WARNING: [Synth 8-7129] Port DOUTA_I[5] in module blk_mem_gen_v8_4_12_blk_mem_output_block is either unconnected or has no load
WARNING: [Synth 8-7129] Port DOUTA_I[4] in module blk_mem_gen_v8_4_12_blk_mem_output_block is either unconnected or has no load
WARNING: [Synth 8-7129] Port DOUTA_I[3] in module blk_mem_gen_v8_4_12_blk_mem_output_block is either unconnected or has no load
WARNING: [Synth 8-7129] Port DOUTA_I[2] in module blk_mem_gen_v8_4_12_blk_mem_output_block is either unconnected or has no load
WARNING: [Synth 8-7129] Port DOUTA_I[1] in module blk_mem_gen_v8_4_12_blk_mem_output_block is either unconnected or has no load
WARNING: [Synth 8-7129] Port DOUTA_I[0] in module blk_mem_gen_v8_4_12_blk_mem_output_block is either unconnected or has no load
WARNING: [Synth 8-7129] Port SBITERR_I in module blk_mem_gen_v8_4_12_blk_mem_output_block is either unconnected or has no load
WARNING: [Synth 8-7129] Port DBITERR_I in module blk_mem_gen_v8_4_12_blk_mem_output_block is either unconnected or has no load
WARNING: [Synth 8-7129] Port RDADDRECC_I[9] in module blk_mem_gen_v8_4_12_blk_mem_output_block is either unconnected or has no load
WARNING: [Synth 8-7129] Port RDADDRECC_I[8] in module blk_mem_gen_v8_4_12_blk_mem_output_block is either unconnected or has no load
WARNING: [Synth 8-7129] Port RDADDRECC_I[7] in module blk_mem_gen_v8_4_12_blk_mem_output_block is either unconnected or has no load
WARNING: [Synth 8-7129] Port RDADDRECC_I[6] in module blk_mem_gen_v8_4_12_blk_mem_output_block is either unconnected or has no load
WARNING: [Synth 8-7129] Port RDADDRECC_I[5] in module blk_mem_gen_v8_4_12_blk_mem_output_block is either unconnected or has no load
WARNING: [Synth 8-7129] Port RDADDRECC_I[4] in module blk_mem_gen_v8_4_12_blk_mem_output_block is either unconnected or has no load
WARNING: [Synth 8-7129] Port RDADDRECC_I[3] in module blk_mem_gen_v8_4_12_blk_mem_output_block is either unconnected or has no load
WARNING: [Synth 8-7129] Port RDADDRECC_I[2] in module blk_mem_gen_v8_4_12_blk_mem_output_block is either unconnected or has no load
WARNING: [Synth 8-7129] Port RDADDRECC_I[1] in module blk_mem_gen_v8_4_12_blk_mem_output_block is either unconnected or has no load
WARNING: [Synth 8-7129] Port RDADDRECC_I[0] in module blk_mem_gen_v8_4_12_blk_mem_output_block is either unconnected or has no load
WARNING: [Synth 8-7129] Port DOUTA[35] in module blk_mem_gen_v8_4_12_blk_mem_gen_prim_wrapper__parameterized0 is either unconnected or has no load
WARNING: [Synth 8-7129] Port DOUTA[34] in module blk_mem_gen_v8_4_12_blk_mem_gen_prim_wrapper__parameterized0 is either unconnected or has no load
WARNING: [Synth 8-7129] Port DOUTA[33] in module blk_mem_gen_v8_4_12_blk_mem_gen_prim_wrapper__parameterized0 is either unconnected or has no load
WARNING: [Synth 8-7129] Port DOUTA[32] in module blk_mem_gen_v8_4_12_blk_mem_gen_prim_wrapper__parameterized0 is either unconnected or has no load
WARNING: [Synth 8-7129] Port DOUTA[31] in module blk_mem_gen_v8_4_12_blk_mem_gen_prim_wrapper__parameterized0 is either unconnected or has no load
WARNING: [Synth 8-7129] Port DOUTA[30] in module blk_mem_gen_v8_4_12_blk_mem_gen_prim_wrapper__parameterized0 is either unconnected or has no load
WARNING: [Synth 8-7129] Port DOUTA[29] in module blk_mem_gen_v8_4_12_blk_mem_gen_prim_wrapper__parameterized0 is either unconnected or has no load
WARNING: [Synth 8-7129] Port DOUTA[28] in module blk_mem_gen_v8_4_12_blk_mem_gen_prim_wrapper__parameterized0 is either unconnected or has no load
WARNING: [Synth 8-7129] Port DOUTA[27] in module blk_mem_gen_v8_4_12_blk_mem_gen_prim_wrapper__parameterized0 is either unconnected or has no load
WARNING: [Synth 8-7129] Port DOUTA[26] in module blk_mem_gen_v8_4_12_blk_mem_gen_prim_wrapper__parameterized0 is either unconnected or has no load
WARNING: [Synth 8-7129] Port DOUTA[25] in module blk_mem_gen_v8_4_12_blk_mem_gen_prim_wrapper__parameterized0 is either unconnected or has no load
WARNING: [Synth 8-7129] Port DOUTA[24] in module blk_mem_gen_v8_4_12_blk_mem_gen_prim_wrapper__parameterized0 is either unconnected or has no load
WARNING: [Synth 8-7129] Port DOUTA[23] in module blk_mem_gen_v8_4_12_blk_mem_gen_prim_wrapper__parameterized0 is either unconnected or has no load
WARNING: [Synth 8-7129] Port DOUTA[22] in module blk_mem_gen_v8_4_12_blk_mem_gen_prim_wrapper__parameterized0 is either unconnected or has no load
WARNING: [Synth 8-7129] Port DOUTA[21] in module blk_mem_gen_v8_4_12_blk_mem_gen_prim_wrapper__parameterized0 is either unconnected or has no load
WARNING: [Synth 8-7129] Port DOUTA[20] in module blk_mem_gen_v8_4_12_blk_mem_gen_prim_wrapper__parameterized0 is either unconnected or has no load
WARNING: [Synth 8-7129] Port DOUTA[19] in module blk_mem_gen_v8_4_12_blk_mem_gen_prim_wrapper__parameterized0 is either unconnected or has no load
WARNING: [Synth 8-7129] Port DOUTA[18] in module blk_mem_gen_v8_4_12_blk_mem_gen_prim_wrapper__parameterized0 is either unconnected or has no load
WARNING: [Synth 8-7129] Port DOUTA[17] in module blk_mem_gen_v8_4_12_blk_mem_gen_prim_wrapper__parameterized0 is either unconnected or has no load
WARNING: [Synth 8-7129] Port DOUTA[16] in module blk_mem_gen_v8_4_12_blk_mem_gen_prim_wrapper__parameterized0 is either unconnected or has no load
WARNING: [Synth 8-7129] Port DOUTA[15] in module blk_mem_gen_v8_4_12_blk_mem_gen_prim_wrapper__parameterized0 is either unconnected or has no load
WARNING: [Synth 8-7129] Port DOUTA[14] in module blk_mem_gen_v8_4_12_blk_mem_gen_prim_wrapper__parameterized0 is either unconnected or has no load
INFO: [Common 17-14] Message 'Synth 8-7129' appears 100 times and further instances of the messages will be disabled. Use the Tcl command set_msg_config to change the current settings.
---------------------------------------------------------------------------------
Finished RTL Elaboration : Time (s): cpu = 00:00:53 ; elapsed = 00:00:58 . Memory (MB): peak = 1965.371 ; gain = 1103.609
---------------------------------------------------------------------------------
---------------------------------------------------------------------------------
Start Handling Custom Attributes
---------------------------------------------------------------------------------
---------------------------------------------------------------------------------
Finished Handling Custom Attributes : Time (s): cpu = 00:00:53 ; elapsed = 00:00:58 . Memory (MB): peak = 1965.371 ; gain = 1103.609
---------------------------------------------------------------------------------
---------------------------------------------------------------------------------
Finished RTL Optimization Phase 1 : Time (s): cpu = 00:00:53 ; elapsed = 00:00:58 . Memory (MB): peak = 1965.371 ; gain = 1103.609
---------------------------------------------------------------------------------
Netlist sorting complete. Time (s): cpu = 00:00:00 ; elapsed = 00:00:00.260 . Memory (MB): peak = 1965.371 ; gain = 0.000
INFO: [Netlist 29-17] Analyzing 89 Unisim elements for replacement
INFO: [Netlist 29-28] Unisim Transformation completed in 0 CPU seconds
INFO: [Project 1-570] Preparing netlist for logic optimization

Processing XDC Constraints
Initializing timing engine
Parsing XDC File [d:/codex_project/sonofield/v3/build/prepcb/master/ebaz_master_serializer_prepcb.gen/sources_1/ip/ila_prepcb/ila_v6_2/constraints/ila.xdc] for cell 'core/debug_ila/inst'
Finished Parsing XDC File [d:/codex_project/sonofield/v3/build/prepcb/master/ebaz_master_serializer_prepcb.gen/sources_1/ip/ila_prepcb/ila_v6_2/constraints/ila.xdc] for cell 'core/debug_ila/inst'
INFO: [Project 1-236] Implementation specific constraints were found while reading constraint file [d:/codex_project/sonofield/v3/build/prepcb/master/ebaz_master_serializer_prepcb.gen/sources_1/ip/ila_prepcb/ila_v6_2/constraints/ila.xdc]. These constraints will be ignored for synthesis but will be used in implementation. Impacted constraints are listed in the file [.Xil/ebaz_master_serializer_prepcb_propImpl.xdc].
Resolution: To avoid this warning, move constraints listed in [.Xil/ebaz_master_serializer_prepcb_propImpl.xdc] to another XDC file and exclude this new file from synthesis with the used_in_synthesis property (File Properties dialog in GUI) and re-run elaboration/synthesis.
Parsing XDC File [D:/codex_project/sonofield/v3/constraints/ebaz_master_prepcb_sync.xdc]
INFO: [Timing 38-2] Deriving generated clocks [D:/codex_project/sonofield/v3/constraints/ebaz_master_prepcb_sync.xdc:34]
Finished Parsing XDC File [D:/codex_project/sonofield/v3/constraints/ebaz_master_prepcb_sync.xdc]
INFO: [Project 1-236] Implementation specific constraints were found while reading constraint file [D:/codex_project/sonofield/v3/constraints/ebaz_master_prepcb_sync.xdc]. These constraints will be ignored for synthesis but will be used in implementation. Impacted constraints are listed in the file [.Xil/ebaz_master_serializer_prepcb_propImpl.xdc].
Resolution: To avoid this warning, move constraints listed in [.Xil/ebaz_master_serializer_prepcb_propImpl.xdc] to another XDC file and exclude this new file from synthesis with the used_in_synthesis property (File Properties dialog in GUI) and re-run elaboration/synthesis.
Parsing XDC File [D:/codex_project/sonofield/v3/constraints/ebaz_master_array.xdc]
Finished Parsing XDC File [D:/codex_project/sonofield/v3/constraints/ebaz_master_array.xdc]
INFO: [Project 1-236] Implementation specific constraints were found while reading constraint file [D:/codex_project/sonofield/v3/constraints/ebaz_master_array.xdc]. These constraints will be ignored for synthesis but will be used in implementation. Impacted constraints are listed in the file [.Xil/ebaz_master_serializer_prepcb_propImpl.xdc].
Resolution: To avoid this warning, move constraints listed in [.Xil/ebaz_master_serializer_prepcb_propImpl.xdc] to another XDC file and exclude this new file from synthesis with the used_in_synthesis property (File Properties dialog in GUI) and re-run elaboration/synthesis.
Completed Processing XDC Constraints

Netlist sorting complete. Time (s): cpu = 00:00:00 ; elapsed = 00:00:00.007 . Memory (MB): peak = 1965.371 ; gain = 0.000
INFO: [Project 1-111] Unisim Transformation Summary:
  A total of 66 instances were transformed.
  CFGLUT5 => CFGLUT5 (SRL16E, SRLC32E): 60 instances
  CFGLUT5 => SRLC32E: 5 instances
  MMCME2_BASE => MMCME2_ADV: 1 instance 

Constraint Validation Runtime : Time (s): cpu = 00:00:00 ; elapsed = 00:00:00.242 . Memory (MB): peak = 1965.371 ; gain = 0.000
---------------------------------------------------------------------------------
Finished Constraint Validation : Time (s): cpu = 00:01:26 ; elapsed = 00:01:32 . Memory (MB): peak = 1965.371 ; gain = 1103.609
---------------------------------------------------------------------------------
---------------------------------------------------------------------------------
Start Loading Part and Timing Information
---------------------------------------------------------------------------------
Loading part: xc7z010clg400-1
---------------------------------------------------------------------------------
Finished Loading Part and Timing Information : Time (s): cpu = 00:01:26 ; elapsed = 00:01:32 . Memory (MB): peak = 1965.371 ; gain = 1103.609
---------------------------------------------------------------------------------
---------------------------------------------------------------------------------
Start Applying 'set_property' XDC Constraints
---------------------------------------------------------------------------------
---------------------------------------------------------------------------------
Finished applying 'set_property' XDC Constraints : Time (s): cpu = 00:01:27 ; elapsed = 00:01:32 . Memory (MB): peak = 1965.371 ; gain = 1103.609
---------------------------------------------------------------------------------
INFO: [Synth 8-802] inferred FSM for state register 'state_reg' in module 'serializer64'
INFO: [Synth 8-802] inferred FSM for state register 'current_state_reg' in module 'xsdbs_v1_0_5_reg_p2s'
INFO: [Synth 8-802] inferred FSM for state register 'current_state_reg' in module 'xsdbs_v1_0_5_reg_p2s__parameterized0'
INFO: [Synth 8-802] inferred FSM for state register 'current_state_reg' in module 'xsdbs_v1_0_5_reg_p2s__parameterized1'
INFO: [Synth 8-802] inferred FSM for state register 'current_state_reg' in module 'ltlib_v1_0_3_generic_memrd'
---------------------------------------------------------------------------------------------------
                   State |                     New Encoding |                Previous Encoding 
---------------------------------------------------------------------------------------------------
                    IDLE |                              000 |                              000
                   SETUP |                              001 |                              001
                    HIGH |                              010 |                              010
              WAIT_APPLY |                              011 |                              011
                   LATCH |                              100 |                              100
                  FINISH |                              101 |                              101
---------------------------------------------------------------------------------------------------
INFO: [Synth 8-3354] encoded FSM with state register 'state_reg' using encoding 'sequential' in module 'serializer64'
---------------------------------------------------------------------------------------------------
                   State |                     New Encoding |                Previous Encoding 
---------------------------------------------------------------------------------------------------
                    IDLE |                             0001 |                             0001
                     REG |                             0010 |                             0010
                     P2S |                             0100 |                             0100
                     S2P |                             1000 |                             1000
---------------------------------------------------------------------------------------------------
INFO: [Synth 8-3354] encoded FSM with state register 'current_state_reg' using encoding 'one-hot' in module 'xsdbs_v1_0_5_reg_p2s'
---------------------------------------------------------------------------------------------------
                   State |                     New Encoding |                Previous Encoding 
---------------------------------------------------------------------------------------------------
                    IDLE |                             0001 |                             0001
                     REG |                             0010 |                             0010
                     P2S |                             0100 |                             0100
                     S2P |                             1000 |                             1000
---------------------------------------------------------------------------------------------------
INFO: [Synth 8-3354] encoded FSM with state register 'current_state_reg' using encoding 'one-hot' in module 'xsdbs_v1_0_5_reg_p2s__parameterized0'
---------------------------------------------------------------------------------------------------
                   State |                     New Encoding |                Previous Encoding 
---------------------------------------------------------------------------------------------------
                    IDLE |                             0001 |                             0001
                     REG |                             0010 |                             0010
                     P2S |                             0100 |                             0100
                     S2P |                             1000 |                             1000
---------------------------------------------------------------------------------------------------
INFO: [Synth 8-3354] encoded FSM with state register 'current_state_reg' using encoding 'one-hot' in module 'xsdbs_v1_0_5_reg_p2s__parameterized1'
---------------------------------------------------------------------------------------------------
                   State |                     New Encoding |                Previous Encoding 
---------------------------------------------------------------------------------------------------
              RESET_ADDR |                          0000001 |                          0000001
            REQUEST_READ |                          0000010 |                          0000010
           WAIT_READ_ACK |                          0000100 |                          0000100
             OUTPUT_DATA |                          0001000 |                          0001000
                    IDLE |                          0010000 |                          0010000
         INCREMENT_BLOCK |                          0100000 |                          0100000
       INCREMENT_ADDRESS |                          1000000 |                          1000000
---------------------------------------------------------------------------------------------------
INFO: [Synth 8-3354] encoded FSM with state register 'current_state_reg' using encoding 'one-hot' in module 'ltlib_v1_0_3_generic_memrd'
---------------------------------------------------------------------------------
Finished RTL Optimization Phase 2 : Time (s): cpu = 00:01:29 ; elapsed = 00:01:35 . Memory (MB): peak = 1965.371 ; gain = 1103.609
---------------------------------------------------------------------------------
---------------------------------------------------------------------------------
Start RTL Component Statistics 
---------------------------------------------------------------------------------
---------------------------------------------------------------------------------
Finished RTL Component Statistics 
---------------------------------------------------------------------------------
---------------------------------------------------------------------------------
Start Part Resource Summary
---------------------------------------------------------------------------------
Part Resources:
DSPs: 80 (col length:40)
BRAMs: 120 (col length: RAMB18 40 RAMB36 20)
---------------------------------------------------------------------------------
Finished Part Resource Summary
---------------------------------------------------------------------------------
---------------------------------------------------------------------------------
Start Cross Boundary and Area Optimization
---------------------------------------------------------------------------------
---------------------------------------------------------------------------------
Finished Cross Boundary and Area Optimization : Time (s): cpu = 00:01:52 ; elapsed = 00:01:59 . Memory (MB): peak = 1965.371 ; gain = 1103.609
---------------------------------------------------------------------------------
---------------------------------------------------------------------------------
Start Applying XDC Timing Constraints
---------------------------------------------------------------------------------
---------------------------------------------------------------------------------
Finished Applying XDC Timing Constraints : Time (s): cpu = 00:02:02 ; elapsed = 00:02:09 . Memory (MB): peak = 1965.371 ; gain = 1103.609
---------------------------------------------------------------------------------
---------------------------------------------------------------------------------
Start Timing Optimization
---------------------------------------------------------------------------------
---------------------------------------------------------------------------------
Finished Timing Optimization : Time (s): cpu = 00:02:05 ; elapsed = 00:02:12 . Memory (MB): peak = 1965.371 ; gain = 1103.609
---------------------------------------------------------------------------------
---------------------------------------------------------------------------------
Start Technology Mapping
---------------------------------------------------------------------------------
---------------------------------------------------------------------------------
Finished Technology Mapping : Time (s): cpu = 00:02:07 ; elapsed = 00:02:15 . Memory (MB): peak = 1965.371 ; gain = 1103.609
---------------------------------------------------------------------------------
---------------------------------------------------------------------------------
Start IO Insertion
---------------------------------------------------------------------------------
---------------------------------------------------------------------------------
Start Flattening Before IO Insertion
---------------------------------------------------------------------------------
---------------------------------------------------------------------------------
Finished Flattening Before IO Insertion
---------------------------------------------------------------------------------
---------------------------------------------------------------------------------
Start Final Netlist Cleanup
---------------------------------------------------------------------------------
---------------------------------------------------------------------------------
Finished Final Netlist Cleanup
---------------------------------------------------------------------------------
---------------------------------------------------------------------------------
Finished IO Insertion : Time (s): cpu = 00:02:14 ; elapsed = 00:02:22 . Memory (MB): peak = 2086.445 ; gain = 1224.684
---------------------------------------------------------------------------------
---------------------------------------------------------------------------------
Start Renaming Generated Instances
---------------------------------------------------------------------------------
---------------------------------------------------------------------------------
Finished Renaming Generated Instances : Time (s): cpu = 00:02:14 ; elapsed = 00:02:22 . Memory (MB): peak = 2086.445 ; gain = 1224.684
---------------------------------------------------------------------------------
---------------------------------------------------------------------------------
Start Rebuilding User Hierarchy
---------------------------------------------------------------------------------
---------------------------------------------------------------------------------
Finished Rebuilding User Hierarchy : Time (s): cpu = 00:02:15 ; elapsed = 00:02:22 . Memory (MB): peak = 2086.445 ; gain = 1224.684
---------------------------------------------------------------------------------
---------------------------------------------------------------------------------
Start Renaming Generated Ports
---------------------------------------------------------------------------------
---------------------------------------------------------------------------------
Finished Renaming Generated Ports : Time (s): cpu = 00:02:15 ; elapsed = 00:02:22 . Memory (MB): peak = 2086.445 ; gain = 1224.684
---------------------------------------------------------------------------------
---------------------------------------------------------------------------------
Start Handling Custom Attributes
---------------------------------------------------------------------------------
---------------------------------------------------------------------------------
Finished Handling Custom Attributes : Time (s): cpu = 00:02:15 ; elapsed = 00:02:22 . Memory (MB): peak = 2086.445 ; gain = 1224.684
---------------------------------------------------------------------------------
---------------------------------------------------------------------------------
Start Renaming Generated Nets
---------------------------------------------------------------------------------
---------------------------------------------------------------------------------
Finished Renaming Generated Nets : Time (s): cpu = 00:02:15 ; elapsed = 00:02:22 . Memory (MB): peak = 2086.445 ; gain = 1224.684
---------------------------------------------------------------------------------
---------------------------------------------------------------------------------
Start Writing Synthesis Report
---------------------------------------------------------------------------------

Report BlackBoxes: 
+-+--------------+----------+
| |BlackBox name |Instances |
+-+--------------+----------+
+-+--------------+----------+

Report Cell Usage: 
+------+------------+------+
|      |Cell        |Count |
+------+------------+------+
|1     |BUFG        |     2|
|2     |CARRY4      |   283|
|3     |CFGLUT5     |    65|
|4     |LUT1        |   299|
|5     |LUT2        |   691|
|6     |LUT3        |   195|
|7     |LUT4        |   165|
|8     |LUT5        |   162|
|9     |LUT6        |   533|
|10    |MMCME2_BASE |     1|
|11    |MUXF7       |     3|
|12    |ODDR        |     1|
|13    |RAMB36E1    |     2|
|14    |SRL16E      |    68|
|15    |SRLC16E     |     2|
|16    |SRLC32E     |    17|
|17    |FDCE        |   173|
|18    |FDRE        |  1982|
|19    |FDSE        |    32|
|20    |IBUF        |     6|
|21    |OBUF        |    26|
+------+------------+------+
---------------------------------------------------------------------------------
Finished Writing Synthesis Report : Time (s): cpu = 00:02:15 ; elapsed = 00:02:22 . Memory (MB): peak = 2086.445 ; gain = 1224.684
---------------------------------------------------------------------------------
Synthesis finished with 0 errors, 0 critical warnings and 2540 warnings.
Synthesis Optimization Runtime : Time (s): cpu = 00:00:58 ; elapsed = 00:01:59 . Memory (MB): peak = 2086.445 ; gain = 1224.684
Synthesis Optimization Complete : Time (s): cpu = 00:02:15 ; elapsed = 00:02:23 . Memory (MB): peak = 2086.445 ; gain = 1224.684
INFO: [Project 1-571] Translating synthesized netlist
Netlist sorting complete. Time (s): cpu = 00:00:00 ; elapsed = 00:00:00.149 . Memory (MB): peak = 2086.445 ; gain = 0.000
INFO: [Netlist 29-17] Analyzing 355 Unisim elements for replacement
INFO: [Netlist 29-28] Unisim Transformation completed in 1 CPU seconds
INFO: [Project 1-570] Preparing netlist for logic optimization
INFO: [Chipscope 16-324] Core: core/debug_ila UUID: 65bda9ba-863c-5fba-9111-973cfada7956 
Parsing XDC File [d:/codex_project/sonofield/v3/build/prepcb/master/ebaz_master_serializer_prepcb.gen/sources_1/ip/ila_prepcb/ila_v6_2/constraints/ila_impl.xdc] for cell 'core/debug_ila/inst'
WARNING: [Vivado_Tcl 4-921] Waiver ID 'CDC-10' -to list should not be empty. [d:/codex_project/sonofield/v3/build/prepcb/master/ebaz_master_serializer_prepcb.gen/sources_1/ip/ila_prepcb/ila_v6_2/constraints/ila_impl.xdc:31]
Finished Parsing XDC File [d:/codex_project/sonofield/v3/build/prepcb/master/ebaz_master_serializer_prepcb.gen/sources_1/ip/ila_prepcb/ila_v6_2/constraints/ila_impl.xdc] for cell 'core/debug_ila/inst'
Parsing XDC File [d:/codex_project/sonofield/v3/build/prepcb/master/ebaz_master_serializer_prepcb.gen/sources_1/ip/ila_prepcb/ila_v6_2/constraints/ila.xdc] for cell 'core/debug_ila/inst'
WARNING: [Vivado_Tcl 4-921] Waiver ID 'CDC-10' -to list should not be empty. [d:/codex_project/sonofield/v3/build/prepcb/master/ebaz_master_serializer_prepcb.gen/sources_1/ip/ila_prepcb/ila_v6_2/constraints/ila.xdc:108]
Finished Parsing XDC File [d:/codex_project/sonofield/v3/build/prepcb/master/ebaz_master_serializer_prepcb.gen/sources_1/ip/ila_prepcb/ila_v6_2/constraints/ila.xdc] for cell 'core/debug_ila/inst'
Parsing XDC File [D:/codex_project/sonofield/v3/constraints/ebaz_master_prepcb_sync.xdc]
INFO: [Timing 38-35] Done setting XDC timing constraints. [D:/codex_project/sonofield/v3/constraints/ebaz_master_prepcb_sync.xdc:34]
INFO: [Timing 38-2] Deriving generated clocks [D:/codex_project/sonofield/v3/constraints/ebaz_master_prepcb_sync.xdc:34]
get_clocks: Time (s): cpu = 00:00:08 ; elapsed = 00:00:08 . Memory (MB): peak = 2595.473 ; gain = 496.195
Finished Parsing XDC File [D:/codex_project/sonofield/v3/constraints/ebaz_master_prepcb_sync.xdc]
Parsing XDC File [D:/codex_project/sonofield/v3/constraints/ebaz_master_array.xdc]
Finished Parsing XDC File [D:/codex_project/sonofield/v3/constraints/ebaz_master_array.xdc]
INFO: [Opt 31-138] Pushed 0 inverter(s) to 0 load pin(s).
INFO: [Project 1-1687] 2 scoped IP constraints or related sub-commands were skipped due to synthesis logic optimizations usually triggered by constant connectivity or unconnected output pins. To review the skipped constraints and messages, run the command 'set_param netlist.IPMsgFiltering false' before opening the design.
Netlist sorting complete. Time (s): cpu = 00:00:00 ; elapsed = 00:00:00.003 . Memory (MB): peak = 2595.473 ; gain = 0.000
INFO: [Project 1-111] Unisim Transformation Summary:
  A total of 66 instances were transformed.
  CFGLUT5 => CFGLUT5 (SRL16E, SRLC32E): 60 instances
  CFGLUT5 => SRLC32E: 5 instances
  MMCME2_BASE => MMCME2_ADV: 1 instance 

Synth Design complete | Checksum: d7d22cc5
INFO: [Common 17-83] Releasing license: Synthesis
198 Infos, 123 Warnings, 0 Critical Warnings and 0 Errors encountered.
synth_design completed successfully
synth_design: Time (s): cpu = 00:02:45 ; elapsed = 00:03:08 . Memory (MB): peak = 2595.473 ; gain = 1948.836
INFO: [Timing 38-35] Done setting XDC timing constraints.
INFO: [Timing 38-480] Writing timing data to binary archive.
Wrote PlaceDB: Time (s): cpu = 00:00:00 ; elapsed = 00:00:00 . Memory (MB): peak = 2595.473 ; gain = 0.000
Wrote PulsedLatchDB: Time (s): cpu = 00:00:00 ; elapsed = 00:00:00 . Memory (MB): peak = 2595.473 ; gain = 0.000
Writing XDEF routing.
Write ShapeDB Complete: Time (s): cpu = 00:00:00 ; elapsed = 00:00:00.016 . Memory (MB): peak = 2595.473 ; gain = 0.000
Writing XDEF routing logical nets.
Writing XDEF routing special nets.
Wrote RouteStorage: Time (s): cpu = 00:00:00 ; elapsed = 00:00:00.042 . Memory (MB): peak = 2595.473 ; gain = 0.000
Wrote PlaceStorage: Time (s): cpu = 00:00:00 ; elapsed = 00:00:00.002 . Memory (MB): peak = 2595.473 ; gain = 0.000
Wrote Netlist Cache: Time (s): cpu = 00:00:00 ; elapsed = 00:00:00 . Memory (MB): peak = 2595.473 ; gain = 0.000
Wrote Device Cache: Time (s): cpu = 00:00:00 ; elapsed = 00:00:00.015 . Memory (MB): peak = 2595.473 ; gain = 0.000
Write Physdb Complete: Time (s): cpu = 00:00:01 ; elapsed = 00:00:00.073 . Memory (MB): peak = 2595.473 ; gain = 0.000
INFO: [Common 17-1381] The checkpoint 'D:/codex_project/sonofield/v3/evidence/task001b/master/synthesized.dcp' has been generated.
Command: opt_design
Attempting to get a license for feature 'Implementation' and/or device 'xc7z010'
INFO: [Common 17-349] Got license for feature 'Implementation' and/or device 'xc7z010'
Running DRC as a precondition to command opt_design

Starting DRC Task
INFO: [DRC 23-27] Running DRC with 4 threads
INFO: [Project 1-461] DRC finished with 0 Errors
INFO: [Project 1-462] Please refer to the DRC report (report_drc) for more information.

Time (s): cpu = 00:00:02 ; elapsed = 00:00:02 . Memory (MB): peak = 2595.473 ; gain = 0.000

Starting Cache Timing Information Task
Ending Cache Timing Information Task | Checksum: 1f7ae2397

Time (s): cpu = 00:00:01 ; elapsed = 00:00:00.068 . Memory (MB): peak = 2595.473 ; gain = 0.000

Starting Logic Optimization Task

Phase 1 Initialization

Phase 1.1 Core Generation And Design Setup

Phase 1.1.1 Generate And Synthesize Debug Cores
INFO: [Chipscope 16-329] Generating Script for core instance : dbg_hub 
INFO: [IP_Flow 19-3806] Processing IP xilinx.com:ip:xsdbm:3.0 for cell dbg_hub_CV.
Done building netlist checker database: Time (s): cpu = 00:00:00 ; elapsed = 00:00:00.004 . Memory (MB): peak = 2595.473 ; gain = 0.000
Netlist sorting complete. Time (s): cpu = 00:00:00 ; elapsed = 00:00:00.043 . Memory (MB): peak = 2595.473 ; gain = 0.000
Phase 1.1.1 Generate And Synthesize Debug Cores | Checksum: 2754aec3f

Time (s): cpu = 00:00:04 ; elapsed = 00:02:27 . Memory (MB): peak = 2595.473 ; gain = 0.000
Phase 1.1 Core Generation And Design Setup | Checksum: 2754aec3f

Time (s): cpu = 00:00:04 ; elapsed = 00:02:27 . Memory (MB): peak = 2595.473 ; gain = 0.000

Phase 1.2 Setup Constraints And Sort Netlist
Phase 1.2 Setup Constraints And Sort Netlist | Checksum: 2754aec3f

Time (s): cpu = 00:00:04 ; elapsed = 00:02:27 . Memory (MB): peak = 2595.473 ; gain = 0.000
Phase 1 Initialization | Checksum: 2754aec3f

Time (s): cpu = 00:00:04 ; elapsed = 00:02:27 . Memory (MB): peak = 2595.473 ; gain = 0.000

Phase 2 Timer Update And Timing Data Collection

Phase 2.1 Detect if minReqCache needed
Phase 2.1 Detect if minReqCache needed | Checksum: 2754aec3f

Time (s): cpu = 00:00:04 ; elapsed = 00:02:27 . Memory (MB): peak = 2595.473 ; gain = 0.000

Phase 2.2 Timer Update
Phase 2.2 Timer Update | Checksum: 2754aec3f

Time (s): cpu = 00:00:05 ; elapsed = 00:02:27 . Memory (MB): peak = 2595.473 ; gain = 0.000

Phase 2.3 Timing Data Collection
Phase 2.3 Timing Data Collection | Checksum: 2754aec3f

Time (s): cpu = 00:00:05 ; elapsed = 00:02:27 . Memory (MB): peak = 2595.473 ; gain = 0.000
Phase 2 Timer Update And Timing Data Collection | Checksum: 2754aec3f

Time (s): cpu = 00:00:05 ; elapsed = 00:02:27 . Memory (MB): peak = 2595.473 ; gain = 0.000

Phase 3 Retarget
INFO: [Opt 31-1851] Number of loadless carry chains removed were: 0
INFO: [Opt 31-1834] Total Chains To Be Transformed Were: 0 AND Number of Transformed insts Created are: 0
INFO: [Opt 31-138] Pushed 2 inverter(s) to 2 load pin(s).
INFO: [Opt 31-49] Retargeted 0 cell(s).
Phase 3 Retarget | Checksum: 255414847

Time (s): cpu = 00:00:05 ; elapsed = 00:02:28 . Memory (MB): peak = 2595.473 ; gain = 0.000
Retarget | Checksum: 255414847
INFO: [Opt 31-389] Phase Retarget created 4 cells and removed 11 cells
INFO: [Opt 31-1021] In phase Retarget, 72 netlist objects are constrained preventing optimization. Please run opt_design with -debug_log to get more detail. 

Phase 4 Constant propagation
INFO: [Opt 31-138] Pushed 0 inverter(s) to 0 load pin(s).
Phase 4 Constant propagation | Checksum: 2ad2250a5

Time (s): cpu = 00:00:05 ; elapsed = 00:02:28 . Memory (MB): peak = 2595.473 ; gain = 0.000
Constant propagation | Checksum: 2ad2250a5
INFO: [Opt 31-389] Phase Constant propagation created 0 cells and removed 16 cells
INFO: [Opt 31-1021] In phase Constant propagation, 53 netlist objects are constrained preventing optimization. Please run opt_design with -debug_log to get more detail. 

Phase 5 Sweep
INFO: [Constraints 18-11670] Building netlist checker database with flags, 0x8
Done building netlist checker database: Time (s): cpu = 00:00:00 ; elapsed = 00:00:00.004 . Memory (MB): peak = 2595.473 ; gain = 0.000
INFO: [Constraints 18-11670] Building netlist checker database with flags, 0x8
Done building netlist checker database: Time (s): cpu = 00:00:00 ; elapsed = 00:00:00.004 . Memory (MB): peak = 2595.473 ; gain = 0.000
Phase 5 Sweep | Checksum: 24ba5f44a

Time (s): cpu = 00:00:05 ; elapsed = 00:02:28 . Memory (MB): peak = 2595.473 ; gain = 0.000
Sweep | Checksum: 24ba5f44a
INFO: [Opt 31-389] Phase Sweep created 0 cells and removed 442 cells
INFO: [Opt 31-1021] In phase Sweep, 985 netlist objects are constrained preventing optimization. Please run opt_design with -debug_log to get more detail. 

Phase 6 BUFG optimization
Phase 6 BUFG optimization | Checksum: 24ba5f44a

Time (s): cpu = 00:00:05 ; elapsed = 00:02:28 . Memory (MB): peak = 2595.473 ; gain = 0.000
BUFG optimization | Checksum: 24ba5f44a
INFO: [Opt 31-662] Phase BUFG optimization created 0 cells of which 0 are BUFGs and removed 0 cells.

Phase 7 Shift Register Optimization
INFO: [Opt 31-1064] SRL Remap converted 0 SRLs to 0 registers and converted 0 registers of register chains to 0 SRLs
Phase 7 Shift Register Optimization | Checksum: 24ba5f44a

Time (s): cpu = 00:00:05 ; elapsed = 00:02:28 . Memory (MB): peak = 2595.473 ; gain = 0.000
Shift Register Optimization | Checksum: 24ba5f44a
INFO: [Opt 31-389] Phase Shift Register Optimization created 0 cells and removed 0 cells

Phase 8 Post Processing Netlist
Phase 8 Post Processing Netlist | Checksum: 24ba5f44a

Time (s): cpu = 00:00:05 ; elapsed = 00:02:28 . Memory (MB): peak = 2595.473 ; gain = 0.000
Post Processing Netlist | Checksum: 24ba5f44a
INFO: [Opt 31-389] Phase Post Processing Netlist created 0 cells and removed 0 cells
INFO: [Opt 31-1021] In phase Post Processing Netlist, 62 netlist objects are constrained preventing optimization. Please run opt_design with -debug_log to get more detail. 

Phase 9 Finalization

Phase 9.1 Finalizing Design Cores and Updating Shapes
Phase 9.1 Finalizing Design Cores and Updating Shapes | Checksum: 1b557370f

Time (s): cpu = 00:00:06 ; elapsed = 00:02:28 . Memory (MB): peak = 2595.473 ; gain = 0.000

Phase 9.2 Verifying Netlist Connectivity

Starting Connectivity Check Task

Time (s): cpu = 00:00:00 ; elapsed = 00:00:00.032 . Memory (MB): peak = 2595.473 ; gain = 0.000
Phase 9.2 Verifying Netlist Connectivity | Checksum: 1b557370f

Time (s): cpu = 00:00:06 ; elapsed = 00:02:28 . Memory (MB): peak = 2595.473 ; gain = 0.000
Phase 9 Finalization | Checksum: 1b557370f

Time (s): cpu = 00:00:06 ; elapsed = 00:02:28 . Memory (MB): peak = 2595.473 ; gain = 0.000
Opt_design Change Summary
=========================


-------------------------------------------------------------------------------------------------------------------------
|  Phase                        |  #Cells created  |  #Cells Removed  |  #Constrained objects preventing optimizations  |
-------------------------------------------------------------------------------------------------------------------------
|  Retarget                     |               4  |              11  |                                             72  |
|  Constant propagation         |               0  |              16  |                                             53  |
|  Sweep                        |               0  |             442  |                                            985  |
|  BUFG optimization            |               0  |               0  |                                              0  |
|  Shift Register Optimization  |               0  |               0  |                                              0  |
|  Post Processing Netlist      |               0  |               0  |                                             62  |
-------------------------------------------------------------------------------------------------------------------------


Ending Logic Optimization Task | Checksum: 1b557370f

Time (s): cpu = 00:00:06 ; elapsed = 00:02:28 . Memory (MB): peak = 2595.473 ; gain = 0.000

Starting Power Optimization Task
INFO: [Pwropt 34-132] Skipping clock gating for clocks with a period < 2.00 ns.
INFO: [Pwropt 34-9] Applying IDT optimizations ...
INFO: [Pwropt 34-10] Applying ODC optimizations ...
INFO: [Timing 38-35] Done setting XDC timing constraints.
Running Vector-less Activity Propagation...

Finished Running Vector-less Activity Propagation


Starting PowerOpt Patch Enables Task
INFO: [Pwropt 34-162] WRITE_MODE attribute of 0 BRAM(s) out of a total of 2 has been updated to save power. Run report_power_opt to get a complete listing of the BRAMs updated.
INFO: [Pwropt 34-201] Structural ODC has moved 0 WE to EN ports
Number of BRAM Ports augmented: 2 newly gated: 0 Total Ports: 4
Ending PowerOpt Patch Enables Task | Checksum: 23db118bc

Time (s): cpu = 00:00:00 ; elapsed = 00:00:00.052 . Memory (MB): peak = 2595.473 ; gain = 0.000
Ending Power Optimization Task | Checksum: 23db118bc

Time (s): cpu = 00:00:03 ; elapsed = 00:00:02 . Memory (MB): peak = 2595.473 ; gain = 0.000

Starting Final Cleanup Task
Ending Final Cleanup Task | Checksum: 23db118bc

Time (s): cpu = 00:00:00 ; elapsed = 00:00:00.004 . Memory (MB): peak = 2595.473 ; gain = 0.000
Netlist sorting complete. Time (s): cpu = 00:00:00 ; elapsed = 00:00:00.006 . Memory (MB): peak = 2595.473 ; gain = 0.000
INFO: [Common 17-83] Releasing license: Implementation
236 Infos, 123 Warnings, 0 Critical Warnings and 0 Errors encountered.
opt_design completed successfully
opt_design: Time (s): cpu = 00:00:17 ; elapsed = 00:02:37 . Memory (MB): peak = 2595.473 ; gain = 0.000
Command: place_design
Attempting to get a license for feature 'Implementation' and/or device 'xc7z010'
INFO: [Common 17-349] Got license for feature 'Implementation' and/or device 'xc7z010'
INFO: [Common 17-83] Releasing license: Implementation
INFO: [DRC 23-27] Running DRC with 4 threads
INFO: [Vivado_Tcl 4-198] DRC finished with 0 Errors
INFO: [Vivado_Tcl 4-199] Please refer to the DRC report (report_drc) for more information.
INFO: [Timing 38-35] Done setting XDC timing constraints.
Running DRC as a precondition to command place_design
INFO: [DRC 23-27] Running DRC with 4 threads
INFO: [Vivado_Tcl 4-198] DRC finished with 0 Errors
INFO: [Vivado_Tcl 4-199] Please refer to the DRC report (report_drc) for more information.
INFO: [Place 30-611] Multithreading enabled for place_design using a maximum of 4 CPUs

Starting Placer Task

Phase 1 Placer Initialization

Phase 1.1 Placer Initialization Netlist Sorting
Netlist sorting complete. Time (s): cpu = 00:00:00 ; elapsed = 00:00:00.006 . Memory (MB): peak = 2595.473 ; gain = 0.000
Phase 1.1 Placer Initialization Netlist Sorting | Checksum: 19863420b

Time (s): cpu = 00:00:00 ; elapsed = 00:00:00.010 . Memory (MB): peak = 2595.473 ; gain = 0.000
Netlist sorting complete. Time (s): cpu = 00:00:00 ; elapsed = 00:00:00.004 . Memory (MB): peak = 2595.473 ; gain = 0.000

Phase 1.2 IO Placement/ Clock Placement/ Build Placer Device
Phase 1.2 IO Placement/ Clock Placement/ Build Placer Device | Checksum: cecf27d7

Time (s): cpu = 00:00:01 ; elapsed = 00:00:00.410 . Memory (MB): peak = 2595.473 ; gain = 0.000

Phase 1.3 Build Placer Netlist Model
Phase 1.3 Build Placer Netlist Model | Checksum: 1108205c7

Time (s): cpu = 00:00:04 ; elapsed = 00:00:02 . Memory (MB): peak = 2595.473 ; gain = 0.000

Phase 1.4 Constrain Clocks/Macros
Phase 1.4 Constrain Clocks/Macros | Checksum: 1108205c7

Time (s): cpu = 00:00:04 ; elapsed = 00:00:02 . Memory (MB): peak = 2595.473 ; gain = 0.000
Phase 1 Placer Initialization | Checksum: 1108205c7

Time (s): cpu = 00:00:04 ; elapsed = 00:00:02 . Memory (MB): peak = 2595.473 ; gain = 0.000

Phase 2 Global Placement

Phase 2.1 Floorplanning
Phase 2.1 Floorplanning | Checksum: 14db2b784

Time (s): cpu = 00:00:05 ; elapsed = 00:00:02 . Memory (MB): peak = 2595.473 ; gain = 0.000

Phase 2.2 Update Timing before SLR Path Opt
Phase 2.2 Update Timing before SLR Path Opt | Checksum: 16051fba9

Time (s): cpu = 00:00:06 ; elapsed = 00:00:03 . Memory (MB): peak = 2595.473 ; gain = 0.000

Phase 2.3 Post-Processing in Floorplanning
Phase 2.3 Post-Processing in Floorplanning | Checksum: 16051fba9

Time (s): cpu = 00:00:06 ; elapsed = 00:00:03 . Memory (MB): peak = 2595.473 ; gain = 0.000

Phase 2.4 Global Place Phase1
Phase 2.4 Global Place Phase1 | Checksum: 152a0611e

Time (s): cpu = 00:00:15 ; elapsed = 00:00:06 . Memory (MB): peak = 2595.473 ; gain = 0.000

Phase 2.5 Global Place Phase2

Phase 2.5.1 UpdateTiming Before Physical Synthesis
Phase 2.5.1 UpdateTiming Before Physical Synthesis | Checksum: 1b7f76e41

Time (s): cpu = 00:00:16 ; elapsed = 00:00:07 . Memory (MB): peak = 2595.473 ; gain = 0.000

Phase 2.5.2 Physical Synthesis In Placer
INFO: [Physopt 32-1035] Found 0 LUTNM shape to break, 131 LUT instances to create LUTNM shape
INFO: [Physopt 32-1044] Break lutnm for timing: one critical 0, two critical 0, total 0, new lutff created 0
INFO: [Physopt 32-1138] End 1 Pass. Optimized 57 nets or LUTs. Breaked 0 LUT, combined 57 existing LUTs and moved 0 existing LUT
INFO: [Physopt 32-65] No nets found for high-fanout optimization.
INFO: [Physopt 32-232] Optimized 0 net. Created 0 new instance.
INFO: [Physopt 32-775] End 1 Pass. Optimized 0 net or cell. Created 0 new cell, deleted 0 existing cell and moved 0 existing cell
INFO: [Physopt 32-456] No candidate cells for DSP register optimization found in the design.
INFO: [Physopt 32-775] End 2 Pass. Optimized 0 net or cell. Created 0 new cell, deleted 0 existing cell and moved 0 existing cell
INFO: [Physopt 32-1123] No candidate cells found for Shift Register to Pipeline optimization
INFO: [Physopt 32-775] End 2 Pass. Optimized 0 net or cell. Created 0 new cell, deleted 0 existing cell and moved 0 existing cell
INFO: [Physopt 32-1401] No candidate cells found for Shift Register optimization.
INFO: [Physopt 32-677] No candidate cells for Shift Register optimization found in the design
INFO: [Physopt 32-775] End 1 Pass. Optimized 0 net or cell. Created 0 new cell, deleted 0 existing cell and moved 0 existing cell
INFO: [Physopt 32-526] No candidate cells for BRAM register optimization found in the design
INFO: [Physopt 32-775] End 1 Pass. Optimized 0 net or cell. Created 0 new cell, deleted 0 existing cell and moved 0 existing cell
INFO: [Physopt 32-846] No candidate cells for URAM register optimization found in the design
INFO: [Physopt 32-775] End 1 Pass. Optimized 0 net or cell. Created 0 new cell, deleted 0 existing cell and moved 0 existing cell
INFO: [Physopt 32-846] No candidate cells for URAM register optimization found in the design
INFO: [Physopt 32-775] End 1 Pass. Optimized 0 net or cell. Created 0 new cell, deleted 0 existing cell and moved 0 existing cell
INFO: [Physopt 32-949] No candidate nets found for dynamic/static region interface net replication
INFO: [Physopt 32-775] End 1 Pass. Optimized 0 net or cell. Created 0 new cell, deleted 0 existing cell and moved 0 existing cell
Netlist sorting complete. Time (s): cpu = 00:00:00 ; elapsed = 00:00:00.005 . Memory (MB): peak = 2595.473 ; gain = 0.000

Summary of Physical Synthesis Optimizations
============================================


-----------------------------------------------------------------------------------------------------------------------------------------------------------
|  Optimization                                     |  Added Cells  |  Removed Cells  |  Optimized Cells/Nets  |  Dont Touch  |  Iterations  |  Elapsed   |
-----------------------------------------------------------------------------------------------------------------------------------------------------------
|  LUT Combining                                    |            0  |             57  |                    57  |           0  |           1  |  00:00:00  |
|  Retime                                           |            0  |              0  |                     0  |           0  |           1  |  00:00:00  |
|  Very High Fanout                                 |            0  |              0  |                     0  |           0  |           1  |  00:00:00  |
|  DSP Register                                     |            0  |              0  |                     0  |           0  |           1  |  00:00:00  |
|  Shift Register to Pipeline                       |            0  |              0  |                     0  |           0  |           1  |  00:00:00  |
|  Shift Register                                   |            0  |              0  |                     0  |           0  |           1  |  00:00:00  |
|  BRAM Register                                    |            0  |              0  |                     0  |           0  |           1  |  00:00:00  |
|  URAM Register                                    |            0  |              0  |                     0  |           0  |           1  |  00:00:00  |
|  Dynamic/Static Region Interface Net Replication  |            0  |              0  |                     0  |           0  |           1  |  00:00:00  |
|  Total                                            |            0  |             57  |                    57  |           0  |           9  |  00:00:00  |
-----------------------------------------------------------------------------------------------------------------------------------------------------------


Phase 2.5.2 Physical Synthesis In Placer | Checksum: 1b9ae36b8

Time (s): cpu = 00:00:18 ; elapsed = 00:00:08 . Memory (MB): peak = 2595.473 ; gain = 0.000
Phase 2.5 Global Place Phase2 | Checksum: 244eb7302

Time (s): cpu = 00:00:18 ; elapsed = 00:00:08 . Memory (MB): peak = 2595.473 ; gain = 0.000
Phase 2 Global Placement | Checksum: 244eb7302

Time (s): cpu = 00:00:18 ; elapsed = 00:00:08 . Memory (MB): peak = 2595.473 ; gain = 0.000

Phase 3 Detail Placement

Phase 3.1 Commit Multi Column Macros
Phase 3.1 Commit Multi Column Macros | Checksum: 23a3e8e0e

Time (s): cpu = 00:00:20 ; elapsed = 00:00:08 . Memory (MB): peak = 2595.473 ; gain = 0.000

Phase 3.2 Commit Most Macros & LUTRAMs
Phase 3.2 Commit Most Macros & LUTRAMs | Checksum: 2bc5afb0f

Time (s): cpu = 00:00:21 ; elapsed = 00:00:09 . Memory (MB): peak = 2595.473 ; gain = 0.000

Phase 3.3 Area Swap Optimization
Phase 3.3 Area Swap Optimization | Checksum: 27ba64234

Time (s): cpu = 00:00:21 ; elapsed = 00:00:09 . Memory (MB): peak = 2595.473 ; gain = 0.000

Phase 3.4 Pipeline Register Optimization
Phase 3.4 Pipeline Register Optimization | Checksum: 29a98dbdf

Time (s): cpu = 00:00:21 ; elapsed = 00:00:09 . Memory (MB): peak = 2595.473 ; gain = 0.000

Phase 3.5 Fast Optimization
Phase 3.5 Fast Optimization | Checksum: 25fd4fcf2

Time (s): cpu = 00:00:23 ; elapsed = 00:00:10 . Memory (MB): peak = 2595.473 ; gain = 0.000

Phase 3.6 Small Shape Detail Placement
Phase 3.6 Small Shape Detail Placement | Checksum: 110d359b7

Time (s): cpu = 00:00:26 ; elapsed = 00:00:12 . Memory (MB): peak = 2595.473 ; gain = 0.000

Phase 3.7 Re-assign LUT pins
Phase 3.7 Re-assign LUT pins | Checksum: 1bf6bb23d

Time (s): cpu = 00:00:27 ; elapsed = 00:00:13 . Memory (MB): peak = 2595.473 ; gain = 0.000

Phase 3.8 Pipeline Register Optimization
Phase 3.8 Pipeline Register Optimization | Checksum: 2686f3ce2

Time (s): cpu = 00:00:27 ; elapsed = 00:00:13 . Memory (MB): peak = 2595.473 ; gain = 0.000
Phase 3 Detail Placement | Checksum: 2686f3ce2

Time (s): cpu = 00:00:27 ; elapsed = 00:00:13 . Memory (MB): peak = 2595.473 ; gain = 0.000

Phase 4 Post Placement Optimization and Clean-Up

Phase 4.1 Post Commit Optimization
INFO: [Timing 38-35] Done setting XDC timing constraints.

Phase 4.1.1 Post Placement Optimization
Post Placement Optimization Initialization | Checksum: 23934f0d4

Phase 4.1.1.1 BUFG Insertion

Starting Physical Synthesis Task

Phase 1 Physical Synthesis Initialization
INFO: [Physopt 32-721] Multithreading enabled for phys_opt_design using a maximum of 4 CPUs
INFO: [Physopt 32-619] Estimated Timing Summary | WNS=-0.360 | TNS=-2.460 |
Phase 1 Physical Synthesis Initialization | Checksum: 19f104b32

Time (s): cpu = 00:00:01 ; elapsed = 00:00:00.123 . Memory (MB): peak = 2595.473 ; gain = 0.000
INFO: [Place 46-56] BUFG insertion identified 0 candidate nets. Inserted BUFG: 0, Replicated BUFG Driver: 0, Skipped due to Placement/Routing Conflicts: 0, Skipped due to Timing Degradation: 0, Skipped due to netlist editing failed: 0.
Ending Physical Synthesis Task | Checksum: 28955c4d1

Time (s): cpu = 00:00:01 ; elapsed = 00:00:00.145 . Memory (MB): peak = 2595.473 ; gain = 0.000
Phase 4.1.1.1 BUFG Insertion | Checksum: 23934f0d4

Time (s): cpu = 00:00:30 ; elapsed = 00:00:14 . Memory (MB): peak = 2595.473 ; gain = 0.000

Phase 4.1.1.2 Post Placement Timing Optimization
INFO: [Place 30-746] Post Placement Timing Summary WNS=0.630. For the most accurate timing information please run report_timing.
Phase 4.1.1.2 Post Placement Timing Optimization | Checksum: 25c60e42d

Time (s): cpu = 00:01:15 ; elapsed = 00:01:01 . Memory (MB): peak = 2595.473 ; gain = 0.000

Time (s): cpu = 00:01:15 ; elapsed = 00:01:01 . Memory (MB): peak = 2595.473 ; gain = 0.000
Phase 4.1 Post Commit Optimization | Checksum: 25c60e42d

Time (s): cpu = 00:01:15 ; elapsed = 00:01:01 . Memory (MB): peak = 2595.473 ; gain = 0.000

Phase 4.2 Post Placement Cleanup
Phase 4.2 Post Placement Cleanup | Checksum: 25c60e42d

Time (s): cpu = 00:01:16 ; elapsed = 00:01:01 . Memory (MB): peak = 2595.473 ; gain = 0.000

Phase 4.3 Placer Reporting

Phase 4.3.1 Print Estimated Congestion
INFO: [Place 30-612] Post-Placement Estimated Congestion 
 ____________________________________________________
|           | Global Congestion | Short Congestion  |
| Direction | Region Size       | Region Size       |
|___________|___________________|___________________|
|      North|                1x1|                1x1|
|___________|___________________|___________________|
|      South|                1x1|                2x2|
|___________|___________________|___________________|
|       East|                1x1|                1x1|
|___________|___________________|___________________|
|       West|                1x1|                1x1|
|___________|___________________|___________________|

Phase 4.3.1 Print Estimated Congestion | Checksum: 25c60e42d

Time (s): cpu = 00:01:16 ; elapsed = 00:01:01 . Memory (MB): peak = 2595.473 ; gain = 0.000
Phase 4.3 Placer Reporting | Checksum: 25c60e42d

Time (s): cpu = 00:01:16 ; elapsed = 00:01:01 . Memory (MB): peak = 2595.473 ; gain = 0.000

Phase 4.4 Final Placement Cleanup
Netlist sorting complete. Time (s): cpu = 00:00:00 ; elapsed = 00:00:00.005 . Memory (MB): peak = 2595.473 ; gain = 0.000

Time (s): cpu = 00:01:16 ; elapsed = 00:01:01 . Memory (MB): peak = 2595.473 ; gain = 0.000
Phase 4 Post Placement Optimization and Clean-Up | Checksum: 22035d39f

Time (s): cpu = 00:01:16 ; elapsed = 00:01:01 . Memory (MB): peak = 2595.473 ; gain = 0.000
Ending Placer Task | Checksum: 12f3ac39d

Time (s): cpu = 00:01:16 ; elapsed = 00:01:01 . Memory (MB): peak = 2595.473 ; gain = 0.000
273 Infos, 123 Warnings, 0 Critical Warnings and 0 Errors encountered.
place_design completed successfully
place_design: Time (s): cpu = 00:01:20 ; elapsed = 00:01:04 . Memory (MB): peak = 2595.473 ; gain = 0.000
Command: phys_opt_design
Attempting to get a license for feature 'Implementation' and/or device 'xc7z010'
INFO: [Common 17-349] Got license for feature 'Implementation' and/or device 'xc7z010'

Starting Initial Update Timing Task

Time (s): cpu = 00:00:02 ; elapsed = 00:00:00.697 . Memory (MB): peak = 2595.473 ; gain = 0.000
INFO: [Vivado_Tcl 4-2279] Estimated Timing Summary | WNS= 0.630 | TNS= 0.000 | 
INFO: [Vivado_Tcl 4-383] Design worst setup slack (WNS) is greater than or equal to 0.000 ns. All physical synthesis setup optimizations will be skipped.
INFO: [Vivado_Tcl 4-232] No setup violation found. The netlist was not modified.
INFO: [Common 17-83] Releasing license: Implementation
278 Infos, 123 Warnings, 0 Critical Warnings and 0 Errors encountered.
phys_opt_design completed successfully
Command: route_design
Attempting to get a license for feature 'Implementation' and/or device 'xc7z010'
INFO: [Common 17-349] Got license for feature 'Implementation' and/or device 'xc7z010'


Starting Routing Task
INFO: [Route 35-254] Multithreading enabled for route_design using a maximum of 4 CPUs

Phase 1 Build RT Design
Checksum: PlaceDB: 46867e27 ConstDB: 0 ShapeSum: 7f1bee4b RouteDB: 6998572b
Post Restoration Checksum: NetGraph: 83e10775 | NumContArr: 81c7e53a | Constraints: c2a8fa9d | Timing: c2a8fa9d
Phase 1 Build RT Design | Checksum: 28afae1e9

Time (s): cpu = 00:00:21 ; elapsed = 00:00:19 . Memory (MB): peak = 2595.473 ; gain = 0.000

Phase 2 Router Initialization

Phase 2.1 Fix Topology Constraints
Phase 2.1 Fix Topology Constraints | Checksum: 28afae1e9

Time (s): cpu = 00:00:21 ; elapsed = 00:00:19 . Memory (MB): peak = 2595.473 ; gain = 0.000

Phase 2.2 Pre Route Cleanup
Phase 2.2 Pre Route Cleanup | Checksum: 28afae1e9

Time (s): cpu = 00:00:21 ; elapsed = 00:00:19 . Memory (MB): peak = 2595.473 ; gain = 0.000
 Number of Nodes with overlaps = 0

Phase 2.3 Update Timing
Phase 2.3 Update Timing | Checksum: 24c869335

Time (s): cpu = 00:00:25 ; elapsed = 00:00:20 . Memory (MB): peak = 2595.473 ; gain = 0.000
INFO: [Route 35-416] Intermediate Timing Summary | WNS=0.723  | TNS=0.000  | WHS=-0.389 | THS=-448.870|


Phase 2.4 Update Timing for Bus Skew

Phase 2.4.1 Update Timing
Phase 2.4.1 Update Timing | Checksum: 1b91d5e2d

Time (s): cpu = 00:00:27 ; elapsed = 00:00:21 . Memory (MB): peak = 2595.473 ; gain = 0.000
INFO: [Route 35-416] Intermediate Timing Summary | WNS=0.723  | TNS=0.000  | WHS=-0.258 | THS=-15.844|

Phase 2.4 Update Timing for Bus Skew | Checksum: 1c9f247df

Time (s): cpu = 00:00:27 ; elapsed = 00:00:21 . Memory (MB): peak = 2595.473 ; gain = 0.000

Phase 2.5 Soft Constraint Pins - Fast Budgeting
Phase 2.5 Soft Constraint Pins - Fast Budgeting | Checksum: 1c9f247df

Time (s): cpu = 00:00:27 ; elapsed = 00:00:21 . Memory (MB): peak = 2595.473 ; gain = 0.000

Router Utilization Summary
  Global Vertical Routing Utilization    = 0 %
  Global Horizontal Routing Utilization  = 0 %
  Routable Net Status*
  *Does not include unroutable nets such as driverless and loadless.
  Run report_route_status for detailed report.
  Number of Failed Nets               = 4237
    (Failed Nets is the sum of unrouted and partially routed nets)
  Number of Unrouted Nets             = 4237
  Number of Partially Routed Nets     = 0
  Number of Node Overlaps             = 0

Phase 2 Router Initialization | Checksum: 222d6686b

Time (s): cpu = 00:00:28 ; elapsed = 00:00:21 . Memory (MB): peak = 2595.473 ; gain = 0.000

Phase 3 Global Routing
Phase 3 Global Routing | Checksum: 222d6686b

Time (s): cpu = 00:00:28 ; elapsed = 00:00:21 . Memory (MB): peak = 2595.473 ; gain = 0.000

Phase 4 Initial Routing

Phase 4.1 Initial Net Routing Pass
Phase 4.1 Initial Net Routing Pass | Checksum: 21f9da86e

Time (s): cpu = 00:00:29 ; elapsed = 00:00:22 . Memory (MB): peak = 2595.473 ; gain = 0.000
Phase 4 Initial Routing | Checksum: 21f9da86e

Time (s): cpu = 00:00:29 ; elapsed = 00:00:22 . Memory (MB): peak = 2595.473 ; gain = 0.000

Phase 5 Rip-up And Reroute

Phase 5.1 Global Iteration 0
 Number of Nodes with overlaps = 300
 Number of Nodes with overlaps = 23
 Number of Nodes with overlaps = 2
 Number of Nodes with overlaps = 1
 Number of Nodes with overlaps = 0
INFO: [Route 35-416] Intermediate Timing Summary | WNS=0.343  | TNS=0.000  | WHS=N/A    | THS=N/A    |

Phase 5.1 Global Iteration 0 | Checksum: 18eeb7b31

Time (s): cpu = 00:00:33 ; elapsed = 00:00:24 . Memory (MB): peak = 2595.473 ; gain = 0.000

Phase 5.2 Global Iteration 1
 Number of Nodes with overlaps = 0
INFO: [Route 35-416] Intermediate Timing Summary | WNS=0.343  | TNS=0.000  | WHS=N/A    | THS=N/A    |

Phase 5.2 Global Iteration 1 | Checksum: fdb9c5e0

Time (s): cpu = 00:00:33 ; elapsed = 00:00:24 . Memory (MB): peak = 2595.473 ; gain = 0.000
Phase 5 Rip-up And Reroute | Checksum: fdb9c5e0

Time (s): cpu = 00:00:33 ; elapsed = 00:00:24 . Memory (MB): peak = 2595.473 ; gain = 0.000

Phase 6 Delay and Skew Optimization

Phase 6.1 Delay CleanUp
Phase 6.1 Delay CleanUp | Checksum: fdb9c5e0

Time (s): cpu = 00:00:33 ; elapsed = 00:00:24 . Memory (MB): peak = 2595.473 ; gain = 0.000

Phase 6.2 Clock Skew Optimization
Phase 6.2 Clock Skew Optimization | Checksum: fdb9c5e0

Time (s): cpu = 00:00:33 ; elapsed = 00:00:24 . Memory (MB): peak = 2595.473 ; gain = 0.000
Phase 6 Delay and Skew Optimization | Checksum: fdb9c5e0

Time (s): cpu = 00:00:33 ; elapsed = 00:00:24 . Memory (MB): peak = 2595.473 ; gain = 0.000

Phase 7 Post Hold Fix

Phase 7.1 Hold Fix Iter
INFO: [Route 35-416] Intermediate Timing Summary | WNS=0.458  | TNS=0.000  | WHS=0.007  | THS=0.000  |

Phase 7.1 Hold Fix Iter | Checksum: 106665eaf

Time (s): cpu = 00:00:34 ; elapsed = 00:00:24 . Memory (MB): peak = 2595.473 ; gain = 0.000
Phase 7 Post Hold Fix | Checksum: 106665eaf

Time (s): cpu = 00:00:34 ; elapsed = 00:00:24 . Memory (MB): peak = 2595.473 ; gain = 0.000

Phase 8 Route finalize

Router Utilization Summary
  Global Vertical Routing Utilization    = 2.15752 %
  Global Horizontal Routing Utilization  = 2.94623 %
  Routable Net Status*
  *Does not include unroutable nets such as driverless and loadless.
  Run report_route_status for detailed report.
  Number of Failed Nets               = 0
    (Failed Nets is the sum of unrouted and partially routed nets)
  Number of Unrouted Nets             = 0
  Number of Partially Routed Nets     = 0
  Number of Node Overlaps             = 0

Phase 8 Route finalize | Checksum: 106665eaf

Time (s): cpu = 00:00:34 ; elapsed = 00:00:24 . Memory (MB): peak = 2595.473 ; gain = 0.000

Phase 9 Verifying routed nets

 Verification completed successfully
Phase 9 Verifying routed nets | Checksum: 106665eaf

Time (s): cpu = 00:00:34 ; elapsed = 00:00:24 . Memory (MB): peak = 2595.473 ; gain = 0.000

Phase 10 Depositing Routes
Phase 10 Depositing Routes | Checksum: 1ceb4a2b9

Time (s): cpu = 00:00:35 ; elapsed = 00:00:25 . Memory (MB): peak = 2595.473 ; gain = 0.000

Phase 11 Post Process Routing
Phase 11 Post Process Routing | Checksum: 1ceb4a2b9

Time (s): cpu = 00:00:35 ; elapsed = 00:00:25 . Memory (MB): peak = 2595.473 ; gain = 0.000

Phase 12 Post Router Timing
INFO: [Route 35-57] Estimated Timing Summary | WNS=0.458  | TNS=0.000  | WHS=0.007  | THS=0.000  |

INFO: [Route 35-327] The final timing numbers are based on the router estimated timing analysis. For a complete and accurate timing signoff, please run report_timing_summary.
Phase 12 Post Router Timing | Checksum: 1ceb4a2b9

Time (s): cpu = 00:00:35 ; elapsed = 00:00:25 . Memory (MB): peak = 2595.473 ; gain = 0.000
Total Elapsed time in route_design: 24.948 secs

Phase 13 Post-Route Event Processing
Phase 13 Post-Route Event Processing | Checksum: 19de5610d

Time (s): cpu = 00:00:35 ; elapsed = 00:00:25 . Memory (MB): peak = 2595.473 ; gain = 0.000
INFO: [Route 35-16] Router Completed Successfully
Ending Routing Task | Checksum: 19de5610d

Time (s): cpu = 00:00:35 ; elapsed = 00:00:25 . Memory (MB): peak = 2595.473 ; gain = 0.000

Routing Is Done.
INFO: [Common 17-83] Releasing license: Implementation
289 Infos, 123 Warnings, 0 Critical Warnings and 0 Errors encountered.
route_design completed successfully
route_design: Time (s): cpu = 00:00:35 ; elapsed = 00:00:25 . Memory (MB): peak = 2595.473 ; gain = 0.000
INFO: [Timing 38-480] Writing timing data to binary archive.
Wrote PlaceDB: Time (s): cpu = 00:00:00 ; elapsed = 00:00:00 . Memory (MB): peak = 2595.473 ; gain = 0.000
Wrote PulsedLatchDB: Time (s): cpu = 00:00:00 ; elapsed = 00:00:00 . Memory (MB): peak = 2595.473 ; gain = 0.000
Writing XDEF routing.
Write ShapeDB Complete: Time (s): cpu = 00:00:00 ; elapsed = 00:00:00.025 . Memory (MB): peak = 2595.473 ; gain = 0.000
Writing XDEF routing logical nets.
Writing XDEF routing special nets.
Wrote RouteStorage: Time (s): cpu = 00:00:00 ; elapsed = 00:00:00.110 . Memory (MB): peak = 2595.473 ; gain = 0.000
Wrote PlaceStorage: Time (s): cpu = 00:00:01 ; elapsed = 00:00:00.270 . Memory (MB): peak = 2595.473 ; gain = 0.000
Wrote Netlist Cache: Time (s): cpu = 00:00:00 ; elapsed = 00:00:00.013 . Memory (MB): peak = 2595.473 ; gain = 0.000
Wrote Device Cache: Time (s): cpu = 00:00:00 ; elapsed = 00:00:00.017 . Memory (MB): peak = 2595.473 ; gain = 0.000
Write Physdb Complete: Time (s): cpu = 00:00:01 ; elapsed = 00:00:00.426 . Memory (MB): peak = 2595.473 ; gain = 0.000
INFO: [Common 17-1381] The checkpoint 'D:/codex_project/sonofield/v3/evidence/task001b/master/routed.dcp' has been generated.
INFO: [Timing 38-91] UpdateTimingParams: Speed grade: -1, Delay Type: min_max.
INFO: [Timing 38-191] Multithreading enabled for timing update using a maximum of 4 CPUs
WARNING: [Timing 38-436] There are set_bus_skew constraint(s) in this design. Please run report_bus_skew to ensure that bus skew requirements are met.
INFO: [Timing 38-91] UpdateTimingParams: Speed grade: -1, Delay Type: max.
INFO: [Timing 38-191] Multithreading enabled for timing update using a maximum of 4 CPUs
INFO: [Timing 38-78] ReportTimingParams: -max_paths 10 -nworst 1 -delay_type max -sort_by slack.
INFO: [Timing 38-91] UpdateTimingParams: Speed grade: -1, Delay Type: min.
INFO: [Timing 38-191] Multithreading enabled for timing update using a maximum of 4 CPUs
INFO: [Timing 38-78] ReportTimingParams: -max_paths 10 -nworst 1 -delay_type min -sort_by slack.
INFO: [Timing 38-91] UpdateTimingParams: Speed grade: -1, Delay Type: min_max.
INFO: [Timing 38-191] Multithreading enabled for timing update using a maximum of 4 CPUs
INFO: [Timing 38-91] UpdateTimingParams: Speed grade: -1, Delay Type: min_max.
INFO: [Timing 38-191] Multithreading enabled for timing update using a maximum of 4 CPUs
INFO: [Timing 38-314] The report_cdc command only analyzes and reports clock domain crossing paths where clocks have been defined on both source and destination sides. Ports with no input delay constraint are skipped. Please run check_timing to verify there are no missing clock definitions in your design, nor any unconstrained input port.
Command: report_drc -file D:/codex_project/sonofield/v3/evidence/task001b/master/drc.rpt
INFO: [IP_Flow 19-1839] IP Catalog is up to date.
INFO: [DRC 23-27] Running DRC with 4 threads
INFO: [Vivado_Tcl 2-168] The results of DRC are in file D:/codex_project/sonofield/v3/evidence/task001b/master/drc.rpt.
report_drc completed successfully
Command: report_methodology -file D:/codex_project/sonofield/v3/evidence/task001b/master/methodology.rpt
INFO: [Timing 38-35] Done setting XDC timing constraints.
INFO: [DRC 23-133] Running Methodology with 4 threads
INFO: [Vivado_Tcl 2-1520] The results of Report Methodology are in file D:/codex_project/sonofield/v3/evidence/task001b/master/methodology.rpt.
report_methodology completed successfully
report_io: Time (s): cpu = 00:00:00 ; elapsed = 00:00:00.166 . Memory (MB): peak = 2595.473 ; gain = 0.000
INFO: [Timing 38-35] Done setting XDC timing constraints.
INFO: [Timing 38-91] UpdateTimingParams: Speed grade: -1, Delay Type: max.
INFO: [Timing 38-191] Multithreading enabled for timing update using a maximum of 4 CPUs
WARNING: [Timing 38-164] This design has multiple clocks. Inter clock paths are considered valid unless explicitly excluded by timing constraints such as set_clock_groups or set_false_path.
WARNING: [Vivado_Tcl 4-49] No violations matched 'SEVERITY == Error'.
INFO: [IP_Flow 19-234] Refreshing IP repositories
INFO: [IP_Flow 19-1704] No user IP repositories specified
INFO: [IP_Flow 19-2313] Loaded Vivado IP repository 'D:/amd2025_2/2025.2/Vivado/data/ip'.
create_ip: Time (s): cpu = 00:00:06 ; elapsed = 00:00:06 . Memory (MB): peak = 2595.473 ; gain = 0.000
INFO: [IP_Flow 19-1686] Generating 'Instantiation Template' target for IP 'ila_prepcb'...
INFO: [IP_Flow 19-1686] Generating 'Synthesis' target for IP 'ila_prepcb'...
WARNING: [IP_Flow 19-4994] Overwriting existing constraint file 'd:/codex_project/sonofield/v3/build/prepcb/slave/ebaz_slave_serializer_prepcb.gen/sources_1/ip/ila_prepcb/ila_prepcb_ooc.xdc'
INFO: [IP_Flow 19-1686] Generating 'Simulation' target for IP 'ila_prepcb'...
INFO: [IP_Flow 19-1686] Generating 'Implementation' target for IP 'ila_prepcb'...
INFO: [IP_Flow 19-1686] Generating 'Change Log' target for IP 'ila_prepcb'...
Command: synth_design -top ebaz_slave_serializer_prepcb -part xc7z010clg400-1
Starting synth_design
WARNING: [Vivado_Tcl 4-393] The 'Synthesis' target of the following IPs are stale, please generate the output products using the generate_target or synth_ip command before running synth_design.
d:/codex_project/sonofield/v3/build/prepcb/slave/ebaz_slave_serializer_prepcb.srcs/sources_1/ip/ila_prepcb/ila_prepcb.xci

WARNING: [Vivado_Tcl 4-393] The 'Implementation' target of the following IPs are stale, please generate the output products using the generate_target or synth_ip command before running synth_design.
d:/codex_project/sonofield/v3/build/prepcb/slave/ebaz_slave_serializer_prepcb.srcs/sources_1/ip/ila_prepcb/ila_prepcb.xci

Attempting to get a license for feature 'Synthesis' and/or device 'xc7z010'
INFO: [Common 17-349] Got license for feature 'Synthesis' and/or device 'xc7z010'
INFO: [Synth 8-7079] Multithreading enabled for synth_design using a maximum of 4 processes.
---------------------------------------------------------------------------------
Starting RTL Elaboration : Time (s): cpu = 00:00:18 ; elapsed = 00:00:18 . Memory (MB): peak = 2595.473 ; gain = 0.000
---------------------------------------------------------------------------------
WARNING: [Synth 8-6901] identifier 'lock_pipe' is used before its declaration [D:/codex_project/sonofield/v3/rtl/top/dual_sync_top.sv:41]
WARNING: [Synth 8-6901] identifier 'trigger_request' is used before its declaration [D:/codex_project/sonofield/v3/rtl/top/dual_sync_top.sv:44]
WARNING: [Synth 8-6901] identifier 'event_at' is used before its declaration [D:/codex_project/sonofield/v3/rtl/top/dual_sync_top.sv:45]
WARNING: [Synth 8-6901] identifier 'lock_pipe' is used before its declaration [D:/codex_project/sonofield/v3/rtl/top/dual_sync_top.sv:63]
WARNING: [Synth 8-6901] identifier 'lock_pipe' is used before its declaration [D:/codex_project/sonofield/v3/rtl/top/dual_sync_top.sv:64]
INFO: [Synth 8-11241] undeclared symbol 'tms_int', assumed default net type 'wire' [d:/codex_project/sonofield/v3/build/prepcb/slave/ebaz_slave_serializer_prepcb.gen/sources_1/ip/ila_prepcb/hdl/verilog/xsdbm_v3_0_5_bs_core_ext.vh:30]
INFO: [Synth 8-11241] undeclared symbol 'runtest_int', assumed default net type 'wire' [d:/codex_project/sonofield/v3/build/prepcb/slave/ebaz_slave_serializer_prepcb.gen/sources_1/ip/ila_prepcb/hdl/verilog/xsdbm_v3_0_5_bs_core_ext.vh:32]
INFO: [Synth 8-11241] undeclared symbol 'tms_int', assumed default net type 'wire' [d:/codex_project/sonofield/v3/build/prepcb/slave/ebaz_slave_serializer_prepcb.gen/sources_1/ip/ila_prepcb/hdl/verilog/xsdbm_v3_0_5_bs_core_ext.vh:69]
INFO: [Synth 8-11241] undeclared symbol 'runtest_int', assumed default net type 'wire' [d:/codex_project/sonofield/v3/build/prepcb/slave/ebaz_slave_serializer_prepcb.gen/sources_1/ip/ila_prepcb/hdl/verilog/xsdbm_v3_0_5_bs_core_ext.vh:71]
INFO: [Synth 8-11241] undeclared symbol 'tms_int', assumed default net type 'wire' [d:/codex_project/sonofield/v3/build/prepcb/slave/ebaz_slave_serializer_prepcb.gen/sources_1/ip/ila_prepcb/hdl/verilog/xsdbm_v3_0_5_bs_core_ext.vh:109]
INFO: [Synth 8-11241] undeclared symbol 'runtest_int', assumed default net type 'wire' [d:/codex_project/sonofield/v3/build/prepcb/slave/ebaz_slave_serializer_prepcb.gen/sources_1/ip/ila_prepcb/hdl/verilog/xsdbm_v3_0_5_bs_core_ext.vh:111]
INFO: [Synth 8-11241] undeclared symbol 'tms_int', assumed default net type 'wire' [d:/codex_project/sonofield/v3/build/prepcb/slave/ebaz_slave_serializer_prepcb.gen/sources_1/ip/ila_prepcb/hdl/verilog/xsdbm_v3_0_5_bs_core_ext.vh:150]
INFO: [Synth 8-11241] undeclared symbol 'runtest_int', assumed default net type 'wire' [d:/codex_project/sonofield/v3/build/prepcb/slave/ebaz_slave_serializer_prepcb.gen/sources_1/ip/ila_prepcb/hdl/verilog/xsdbm_v3_0_5_bs_core_ext.vh:152]
INFO: [Synth 8-11241] undeclared symbol 'tms_int', assumed default net type 'wire' [d:/codex_project/sonofield/v3/build/prepcb/slave/ebaz_slave_serializer_prepcb.gen/sources_1/ip/ila_prepcb/hdl/verilog/xsdbm_v3_0_5_bs_core_ext.vh:192]
INFO: [Synth 8-11241] undeclared symbol 'runtest_int', assumed default net type 'wire' [d:/codex_project/sonofield/v3/build/prepcb/slave/ebaz_slave_serializer_prepcb.gen/sources_1/ip/ila_prepcb/hdl/verilog/xsdbm_v3_0_5_bs_core_ext.vh:194]
INFO: [Synth 8-11241] undeclared symbol 'tms_int', assumed default net type 'wire' [d:/codex_project/sonofield/v3/build/prepcb/slave/ebaz_slave_serializer_prepcb.gen/sources_1/ip/ila_prepcb/hdl/verilog/xsdbm_v3_0_5_bs_core_ext.vh:235]
INFO: [Synth 8-11241] undeclared symbol 'runtest_int', assumed default net type 'wire' [d:/codex_project/sonofield/v3/build/prepcb/slave/ebaz_slave_serializer_prepcb.gen/sources_1/ip/ila_prepcb/hdl/verilog/xsdbm_v3_0_5_bs_core_ext.vh:237]
INFO: [Synth 8-11241] undeclared symbol 'tms_int', assumed default net type 'wire' [d:/codex_project/sonofield/v3/build/prepcb/slave/ebaz_slave_serializer_prepcb.gen/sources_1/ip/ila_prepcb/hdl/verilog/xsdbm_v3_0_5_bs_core_ext.vh:279]
INFO: [Synth 8-11241] undeclared symbol 'runtest_int', assumed default net type 'wire' [d:/codex_project/sonofield/v3/build/prepcb/slave/ebaz_slave_serializer_prepcb.gen/sources_1/ip/ila_prepcb/hdl/verilog/xsdbm_v3_0_5_bs_core_ext.vh:281]
INFO: [Synth 8-11241] undeclared symbol 'tms_int', assumed default net type 'wire' [d:/codex_project/sonofield/v3/build/prepcb/slave/ebaz_slave_serializer_prepcb.gen/sources_1/ip/ila_prepcb/hdl/verilog/xsdbm_v3_0_5_bs_core_ext.vh:324]
INFO: [Synth 8-11241] undeclared symbol 'runtest_int', assumed default net type 'wire' [d:/codex_project/sonofield/v3/build/prepcb/slave/ebaz_slave_serializer_prepcb.gen/sources_1/ip/ila_prepcb/hdl/verilog/xsdbm_v3_0_5_bs_core_ext.vh:326]
INFO: [Synth 8-11241] undeclared symbol 'tms_int', assumed default net type 'wire' [d:/codex_project/sonofield/v3/build/prepcb/slave/ebaz_slave_serializer_prepcb.gen/sources_1/ip/ila_prepcb/hdl/verilog/xsdbm_v3_0_5_bs_core_ext.vh:370]
INFO: [Synth 8-11241] undeclared symbol 'runtest_int', assumed default net type 'wire' [d:/codex_project/sonofield/v3/build/prepcb/slave/ebaz_slave_serializer_prepcb.gen/sources_1/ip/ila_prepcb/hdl/verilog/xsdbm_v3_0_5_bs_core_ext.vh:372]
INFO: [Synth 8-11241] undeclared symbol 'tms_int', assumed default net type 'wire' [d:/codex_project/sonofield/v3/build/prepcb/slave/ebaz_slave_serializer_prepcb.gen/sources_1/ip/ila_prepcb/hdl/verilog/xsdbm_v3_0_5_bs_core_ext.vh:417]
INFO: [Synth 8-11241] undeclared symbol 'runtest_int', assumed default net type 'wire' [d:/codex_project/sonofield/v3/build/prepcb/slave/ebaz_slave_serializer_prepcb.gen/sources_1/ip/ila_prepcb/hdl/verilog/xsdbm_v3_0_5_bs_core_ext.vh:419]
INFO: [Synth 8-11241] undeclared symbol 'tms_int', assumed default net type 'wire' [d:/codex_project/sonofield/v3/build/prepcb/slave/ebaz_slave_serializer_prepcb.gen/sources_1/ip/ila_prepcb/hdl/verilog/xsdbm_v3_0_5_bs_core_ext.vh:465]
INFO: [Synth 8-11241] undeclared symbol 'runtest_int', assumed default net type 'wire' [d:/codex_project/sonofield/v3/build/prepcb/slave/ebaz_slave_serializer_prepcb.gen/sources_1/ip/ila_prepcb/hdl/verilog/xsdbm_v3_0_5_bs_core_ext.vh:467]
INFO: [Synth 8-11241] undeclared symbol 'tms_int', assumed default net type 'wire' [d:/codex_project/sonofield/v3/build/prepcb/slave/ebaz_slave_serializer_prepcb.gen/sources_1/ip/ila_prepcb/hdl/verilog/xsdbm_v3_0_5_bs_core_ext.vh:514]
INFO: [Synth 8-11241] undeclared symbol 'runtest_int', assumed default net type 'wire' [d:/codex_project/sonofield/v3/build/prepcb/slave/ebaz_slave_serializer_prepcb.gen/sources_1/ip/ila_prepcb/hdl/verilog/xsdbm_v3_0_5_bs_core_ext.vh:516]
INFO: [Synth 8-11241] undeclared symbol 'tms_int', assumed default net type 'wire' [d:/codex_project/sonofield/v3/build/prepcb/slave/ebaz_slave_serializer_prepcb.gen/sources_1/ip/ila_prepcb/hdl/verilog/xsdbm_v3_0_5_bs_core_ext.vh:564]
INFO: [Synth 8-11241] undeclared symbol 'runtest_int', assumed default net type 'wire' [d:/codex_project/sonofield/v3/build/prepcb/slave/ebaz_slave_serializer_prepcb.gen/sources_1/ip/ila_prepcb/hdl/verilog/xsdbm_v3_0_5_bs_core_ext.vh:566]
INFO: [Synth 8-11241] undeclared symbol 'tms_int', assumed default net type 'wire' [d:/codex_project/sonofield/v3/build/prepcb/slave/ebaz_slave_serializer_prepcb.gen/sources_1/ip/ila_prepcb/hdl/verilog/xsdbm_v3_0_5_bs_core_ext.vh:615]
INFO: [Synth 8-11241] undeclared symbol 'runtest_int', assumed default net type 'wire' [d:/codex_project/sonofield/v3/build/prepcb/slave/ebaz_slave_serializer_prepcb.gen/sources_1/ip/ila_prepcb/hdl/verilog/xsdbm_v3_0_5_bs_core_ext.vh:617]
INFO: [Synth 8-11241] undeclared symbol 'tms_int', assumed default net type 'wire' [d:/codex_project/sonofield/v3/build/prepcb/slave/ebaz_slave_serializer_prepcb.gen/sources_1/ip/ila_prepcb/hdl/verilog/xsdbm_v3_0_5_bs_core.vh:30]
INFO: [Synth 8-11241] undeclared symbol 'runtest_int', assumed default net type 'wire' [d:/codex_project/sonofield/v3/build/prepcb/slave/ebaz_slave_serializer_prepcb.gen/sources_1/ip/ila_prepcb/hdl/verilog/xsdbm_v3_0_5_bs_core.vh:32]
INFO: [Synth 8-11241] undeclared symbol 'tms_int', assumed default net type 'wire' [d:/codex_project/sonofield/v3/build/prepcb/slave/ebaz_slave_serializer_prepcb.gen/sources_1/ip/ila_prepcb/hdl/verilog/xsdbm_v3_0_5_bs_core.vh:69]
INFO: [Synth 8-11241] undeclared symbol 'runtest_int', assumed default net type 'wire' [d:/codex_project/sonofield/v3/build/prepcb/slave/ebaz_slave_serializer_prepcb.gen/sources_1/ip/ila_prepcb/hdl/verilog/xsdbm_v3_0_5_bs_core.vh:71]
INFO: [Synth 8-11241] undeclared symbol 'tms_int', assumed default net type 'wire' [d:/codex_project/sonofield/v3/build/prepcb/slave/ebaz_slave_serializer_prepcb.gen/sources_1/ip/ila_prepcb/hdl/verilog/xsdbm_v3_0_5_bs_core.vh:109]
INFO: [Synth 8-11241] undeclared symbol 'runtest_int', assumed default net type 'wire' [d:/codex_project/sonofield/v3/build/prepcb/slave/ebaz_slave_serializer_prepcb.gen/sources_1/ip/ila_prepcb/hdl/verilog/xsdbm_v3_0_5_bs_core.vh:111]
INFO: [Synth 8-11241] undeclared symbol 'tms_int', assumed default net type 'wire' [d:/codex_project/sonofield/v3/build/prepcb/slave/ebaz_slave_serializer_prepcb.gen/sources_1/ip/ila_prepcb/hdl/verilog/xsdbm_v3_0_5_bs_core.vh:150]
INFO: [Synth 8-11241] undeclared symbol 'runtest_int', assumed default net type 'wire' [d:/codex_project/sonofield/v3/build/prepcb/slave/ebaz_slave_serializer_prepcb.gen/sources_1/ip/ila_prepcb/hdl/verilog/xsdbm_v3_0_5_bs_core.vh:152]
INFO: [Synth 8-11241] undeclared symbol 'tms_int', assumed default net type 'wire' [d:/codex_project/sonofield/v3/build/prepcb/slave/ebaz_slave_serializer_prepcb.gen/sources_1/ip/ila_prepcb/hdl/verilog/xsdbm_v3_0_5_bs_core.vh:192]
INFO: [Synth 8-11241] undeclared symbol 'runtest_int', assumed default net type 'wire' [d:/codex_project/sonofield/v3/build/prepcb/slave/ebaz_slave_serializer_prepcb.gen/sources_1/ip/ila_prepcb/hdl/verilog/xsdbm_v3_0_5_bs_core.vh:194]
INFO: [Synth 8-11241] undeclared symbol 'tms_int', assumed default net type 'wire' [d:/codex_project/sonofield/v3/build/prepcb/slave/ebaz_slave_serializer_prepcb.gen/sources_1/ip/ila_prepcb/hdl/verilog/xsdbm_v3_0_5_bs_core.vh:235]
INFO: [Synth 8-11241] undeclared symbol 'runtest_int', assumed default net type 'wire' [d:/codex_project/sonofield/v3/build/prepcb/slave/ebaz_slave_serializer_prepcb.gen/sources_1/ip/ila_prepcb/hdl/verilog/xsdbm_v3_0_5_bs_core.vh:237]
INFO: [Synth 8-11241] undeclared symbol 'tms_int', assumed default net type 'wire' [d:/codex_project/sonofield/v3/build/prepcb/slave/ebaz_slave_serializer_prepcb.gen/sources_1/ip/ila_prepcb/hdl/verilog/xsdbm_v3_0_5_bs_core.vh:279]
INFO: [Synth 8-11241] undeclared symbol 'runtest_int', assumed default net type 'wire' [d:/codex_project/sonofield/v3/build/prepcb/slave/ebaz_slave_serializer_prepcb.gen/sources_1/ip/ila_prepcb/hdl/verilog/xsdbm_v3_0_5_bs_core.vh:281]
INFO: [Synth 8-11241] undeclared symbol 'tms_int', assumed default net type 'wire' [d:/codex_project/sonofield/v3/build/prepcb/slave/ebaz_slave_serializer_prepcb.gen/sources_1/ip/ila_prepcb/hdl/verilog/xsdbm_v3_0_5_bs_core.vh:324]
INFO: [Synth 8-11241] undeclared symbol 'runtest_int', assumed default net type 'wire' [d:/codex_project/sonofield/v3/build/prepcb/slave/ebaz_slave_serializer_prepcb.gen/sources_1/ip/ila_prepcb/hdl/verilog/xsdbm_v3_0_5_bs_core.vh:326]
INFO: [Synth 8-11241] undeclared symbol 'tms_int', assumed default net type 'wire' [d:/codex_project/sonofield/v3/build/prepcb/slave/ebaz_slave_serializer_prepcb.gen/sources_1/ip/ila_prepcb/hdl/verilog/xsdbm_v3_0_5_bs_core.vh:370]
INFO: [Synth 8-11241] undeclared symbol 'runtest_int', assumed default net type 'wire' [d:/codex_project/sonofield/v3/build/prepcb/slave/ebaz_slave_serializer_prepcb.gen/sources_1/ip/ila_prepcb/hdl/verilog/xsdbm_v3_0_5_bs_core.vh:372]
INFO: [Synth 8-11241] undeclared symbol 'tms_int', assumed default net type 'wire' [d:/codex_project/sonofield/v3/build/prepcb/slave/ebaz_slave_serializer_prepcb.gen/sources_1/ip/ila_prepcb/hdl/verilog/xsdbm_v3_0_5_bs_core.vh:417]
INFO: [Synth 8-11241] undeclared symbol 'runtest_int', assumed default net type 'wire' [d:/codex_project/sonofield/v3/build/prepcb/slave/ebaz_slave_serializer_prepcb.gen/sources_1/ip/ila_prepcb/hdl/verilog/xsdbm_v3_0_5_bs_core.vh:419]
INFO: [Synth 8-11241] undeclared symbol 'tms_int', assumed default net type 'wire' [d:/codex_project/sonofield/v3/build/prepcb/slave/ebaz_slave_serializer_prepcb.gen/sources_1/ip/ila_prepcb/hdl/verilog/xsdbm_v3_0_5_bs_core.vh:465]
INFO: [Synth 8-11241] undeclared symbol 'runtest_int', assumed default net type 'wire' [d:/codex_project/sonofield/v3/build/prepcb/slave/ebaz_slave_serializer_prepcb.gen/sources_1/ip/ila_prepcb/hdl/verilog/xsdbm_v3_0_5_bs_core.vh:467]
INFO: [Synth 8-11241] undeclared symbol 'tms_int', assumed default net type 'wire' [d:/codex_project/sonofield/v3/build/prepcb/slave/ebaz_slave_serializer_prepcb.gen/sources_1/ip/ila_prepcb/hdl/verilog/xsdbm_v3_0_5_bs_core.vh:514]
INFO: [Synth 8-11241] undeclared symbol 'runtest_int', assumed default net type 'wire' [d:/codex_project/sonofield/v3/build/prepcb/slave/ebaz_slave_serializer_prepcb.gen/sources_1/ip/ila_prepcb/hdl/verilog/xsdbm_v3_0_5_bs_core.vh:516]
INFO: [Synth 8-11241] undeclared symbol 'tms_int', assumed default net type 'wire' [d:/codex_project/sonofield/v3/build/prepcb/slave/ebaz_slave_serializer_prepcb.gen/sources_1/ip/ila_prepcb/hdl/verilog/xsdbm_v3_0_5_bs_core.vh:564]
INFO: [Synth 8-11241] undeclared symbol 'runtest_int', assumed default net type 'wire' [d:/codex_project/sonofield/v3/build/prepcb/slave/ebaz_slave_serializer_prepcb.gen/sources_1/ip/ila_prepcb/hdl/verilog/xsdbm_v3_0_5_bs_core.vh:566]
INFO: [Synth 8-11241] undeclared symbol 'tms_int', assumed default net type 'wire' [d:/codex_project/sonofield/v3/build/prepcb/slave/ebaz_slave_serializer_prepcb.gen/sources_1/ip/ila_prepcb/hdl/verilog/xsdbm_v3_0_5_bs_core.vh:615]
INFO: [Synth 8-11241] undeclared symbol 'runtest_int', assumed default net type 'wire' [d:/codex_project/sonofield/v3/build/prepcb/slave/ebaz_slave_serializer_prepcb.gen/sources_1/ip/ila_prepcb/hdl/verilog/xsdbm_v3_0_5_bs_core.vh:617]
INFO: [Synth 8-11241] undeclared symbol 'tms_int', assumed default net type 'wire' [d:/codex_project/sonofield/v3/build/prepcb/slave/ebaz_slave_serializer_prepcb.gen/sources_1/ip/ila_prepcb/hdl/verilog/xsdbm_v3_0_5_bs_core_vec.vh:30]
INFO: [Synth 8-11241] undeclared symbol 'runtest_int', assumed default net type 'wire' [d:/codex_project/sonofield/v3/build/prepcb/slave/ebaz_slave_serializer_prepcb.gen/sources_1/ip/ila_prepcb/hdl/verilog/xsdbm_v3_0_5_bs_core_vec.vh:32]
INFO: [Synth 8-11241] undeclared symbol 'tms_int', assumed default net type 'wire' [d:/codex_project/sonofield/v3/build/prepcb/slave/ebaz_slave_serializer_prepcb.gen/sources_1/ip/ila_prepcb/hdl/verilog/xsdbm_v3_0_5_bs_core_vec.vh:65]
INFO: [Synth 8-11241] undeclared symbol 'runtest_int', assumed default net type 'wire' [d:/codex_project/sonofield/v3/build/prepcb/slave/ebaz_slave_serializer_prepcb.gen/sources_1/ip/ila_prepcb/hdl/verilog/xsdbm_v3_0_5_bs_core_vec.vh:67]
INFO: [Synth 8-11241] undeclared symbol 'tms_int', assumed default net type 'wire' [d:/codex_project/sonofield/v3/build/prepcb/slave/ebaz_slave_serializer_prepcb.gen/sources_1/ip/ila_prepcb/hdl/verilog/xsdbm_v3_0_5_bs_core_vec.vh:100]
INFO: [Synth 8-11241] undeclared symbol 'runtest_int', assumed default net type 'wire' [d:/codex_project/sonofield/v3/build/prepcb/slave/ebaz_slave_serializer_prepcb.gen/sources_1/ip/ila_prepcb/hdl/verilog/xsdbm_v3_0_5_bs_core_vec.vh:102]
INFO: [Synth 8-11241] undeclared symbol 'tms_int', assumed default net type 'wire' [d:/codex_project/sonofield/v3/build/prepcb/slave/ebaz_slave_serializer_prepcb.gen/sources_1/ip/ila_prepcb/hdl/verilog/xsdbm_v3_0_5_bs_core_vec.vh:135]
INFO: [Synth 8-11241] undeclared symbol 'runtest_int', assumed default net type 'wire' [d:/codex_project/sonofield/v3/build/prepcb/slave/ebaz_slave_serializer_prepcb.gen/sources_1/ip/ila_prepcb/hdl/verilog/xsdbm_v3_0_5_bs_core_vec.vh:137]
INFO: [Synth 8-11241] undeclared symbol 'tms_int', assumed default net type 'wire' [d:/codex_project/sonofield/v3/build/prepcb/slave/ebaz_slave_serializer_prepcb.gen/sources_1/ip/ila_prepcb/hdl/verilog/xsdbm_v3_0_5_bs_core_vec.vh:170]
INFO: [Synth 8-11241] undeclared symbol 'runtest_int', assumed default net type 'wire' [d:/codex_project/sonofield/v3/build/prepcb/slave/ebaz_slave_serializer_prepcb.gen/sources_1/ip/ila_prepcb/hdl/verilog/xsdbm_v3_0_5_bs_core_vec.vh:172]
INFO: [Synth 8-11241] undeclared symbol 'tms_int', assumed default net type 'wire' [d:/codex_project/sonofield/v3/build/prepcb/slave/ebaz_slave_serializer_prepcb.gen/sources_1/ip/ila_prepcb/hdl/verilog/xsdbm_v3_0_5_bs_core_vec.vh:205]
INFO: [Synth 8-11241] undeclared symbol 'runtest_int', assumed default net type 'wire' [d:/codex_project/sonofield/v3/build/prepcb/slave/ebaz_slave_serializer_prepcb.gen/sources_1/ip/ila_prepcb/hdl/verilog/xsdbm_v3_0_5_bs_core_vec.vh:207]
INFO: [Synth 8-11241] undeclared symbol 'tms_int', assumed default net type 'wire' [d:/codex_project/sonofield/v3/build/prepcb/slave/ebaz_slave_serializer_prepcb.gen/sources_1/ip/ila_prepcb/hdl/verilog/xsdbm_v3_0_5_bs_core_vec.vh:240]
INFO: [Synth 8-11241] undeclared symbol 'runtest_int', assumed default net type 'wire' [d:/codex_project/sonofield/v3/build/prepcb/slave/ebaz_slave_serializer_prepcb.gen/sources_1/ip/ila_prepcb/hdl/verilog/xsdbm_v3_0_5_bs_core_vec.vh:242]
INFO: [Synth 8-11241] undeclared symbol 'tms_int', assumed default net type 'wire' [d:/codex_project/sonofield/v3/build/prepcb/slave/ebaz_slave_serializer_prepcb.gen/sources_1/ip/ila_prepcb/hdl/verilog/xsdbm_v3_0_5_bs_core_vec.vh:275]
INFO: [Synth 8-11241] undeclared symbol 'runtest_int', assumed default net type 'wire' [d:/codex_project/sonofield/v3/build/prepcb/slave/ebaz_slave_serializer_prepcb.gen/sources_1/ip/ila_prepcb/hdl/verilog/xsdbm_v3_0_5_bs_core_vec.vh:277]
INFO: [Synth 8-11241] undeclared symbol 'tms_int', assumed default net type 'wire' [d:/codex_project/sonofield/v3/build/prepcb/slave/ebaz_slave_serializer_prepcb.gen/sources_1/ip/ila_prepcb/hdl/verilog/xsdbm_v3_0_5_bs_core_vec.vh:310]
INFO: [Synth 8-11241] undeclared symbol 'runtest_int', assumed default net type 'wire' [d:/codex_project/sonofield/v3/build/prepcb/slave/ebaz_slave_serializer_prepcb.gen/sources_1/ip/ila_prepcb/hdl/verilog/xsdbm_v3_0_5_bs_core_vec.vh:312]
INFO: [Synth 8-11241] undeclared symbol 'tms_int', assumed default net type 'wire' [d:/codex_project/sonofield/v3/build/prepcb/slave/ebaz_slave_serializer_prepcb.gen/sources_1/ip/ila_prepcb/hdl/verilog/xsdbm_v3_0_5_bs_core_vec.vh:345]
INFO: [Synth 8-11241] undeclared symbol 'runtest_int', assumed default net type 'wire' [d:/codex_project/sonofield/v3/build/prepcb/slave/ebaz_slave_serializer_prepcb.gen/sources_1/ip/ila_prepcb/hdl/verilog/xsdbm_v3_0_5_bs_core_vec.vh:347]
INFO: [Synth 8-11241] undeclared symbol 'tms_int', assumed default net type 'wire' [d:/codex_project/sonofield/v3/build/prepcb/slave/ebaz_slave_serializer_prepcb.gen/sources_1/ip/ila_prepcb/hdl/verilog/xsdbm_v3_0_5_bs_core_vec.vh:380]
INFO: [Synth 8-11241] undeclared symbol 'runtest_int', assumed default net type 'wire' [d:/codex_project/sonofield/v3/build/prepcb/slave/ebaz_slave_serializer_prepcb.gen/sources_1/ip/ila_prepcb/hdl/verilog/xsdbm_v3_0_5_bs_core_vec.vh:382]
INFO: [Synth 8-11241] undeclared symbol 'tms_int', assumed default net type 'wire' [d:/codex_project/sonofield/v3/build/prepcb/slave/ebaz_slave_serializer_prepcb.gen/sources_1/ip/ila_prepcb/hdl/verilog/xsdbm_v3_0_5_bs_core_vec.vh:415]
INFO: [Synth 8-11241] undeclared symbol 'runtest_int', assumed default net type 'wire' [d:/codex_project/sonofield/v3/build/prepcb/slave/ebaz_slave_serializer_prepcb.gen/sources_1/ip/ila_prepcb/hdl/verilog/xsdbm_v3_0_5_bs_core_vec.vh:417]
INFO: [Synth 8-11241] undeclared symbol 'tms_int', assumed default net type 'wire' [d:/codex_project/sonofield/v3/build/prepcb/slave/ebaz_slave_serializer_prepcb.gen/sources_1/ip/ila_prepcb/hdl/verilog/xsdbm_v3_0_5_bs_core_vec.vh:450]
INFO: [Synth 8-11241] undeclared symbol 'runtest_int', assumed default net type 'wire' [d:/codex_project/sonofield/v3/build/prepcb/slave/ebaz_slave_serializer_prepcb.gen/sources_1/ip/ila_prepcb/hdl/verilog/xsdbm_v3_0_5_bs_core_vec.vh:452]
INFO: [Synth 8-11241] undeclared symbol 'tms_int', assumed default net type 'wire' [d:/codex_project/sonofield/v3/build/prepcb/slave/ebaz_slave_serializer_prepcb.gen/sources_1/ip/ila_prepcb/hdl/verilog/xsdbm_v3_0_5_bs_core_vec.vh:485]
INFO: [Synth 8-11241] undeclared symbol 'runtest_int', assumed default net type 'wire' [d:/codex_project/sonofield/v3/build/prepcb/slave/ebaz_slave_serializer_prepcb.gen/sources_1/ip/ila_prepcb/hdl/verilog/xsdbm_v3_0_5_bs_core_vec.vh:487]
INFO: [Synth 8-11241] undeclared symbol 'tms_int', assumed default net type 'wire' [d:/codex_project/sonofield/v3/build/prepcb/slave/ebaz_slave_serializer_prepcb.gen/sources_1/ip/ila_prepcb/hdl/verilog/xsdbm_v3_0_5_bs_core_vec.vh:30]
INFO: [Synth 8-11241] undeclared symbol 'runtest_int', assumed default net type 'wire' [d:/codex_project/sonofield/v3/build/prepcb/slave/ebaz_slave_serializer_prepcb.gen/sources_1/ip/ila_prepcb/hdl/verilog/xsdbm_v3_0_5_bs_core_vec.vh:32]
INFO: [Synth 8-11241] undeclared symbol 'tms_int', assumed default net type 'wire' [d:/codex_project/sonofield/v3/build/prepcb/slave/ebaz_slave_serializer_prepcb.gen/sources_1/ip/ila_prepcb/hdl/verilog/xsdbm_v3_0_5_bs_core_vec.vh:65]
INFO: [Synth 8-11241] undeclared symbol 'runtest_int', assumed default net type 'wire' [d:/codex_project/sonofield/v3/build/prepcb/slave/ebaz_slave_serializer_prepcb.gen/sources_1/ip/ila_prepcb/hdl/verilog/xsdbm_v3_0_5_bs_core_vec.vh:67]
INFO: [Synth 8-11241] undeclared symbol 'tms_int', assumed default net type 'wire' [d:/codex_project/sonofield/v3/build/prepcb/slave/ebaz_slave_serializer_prepcb.gen/sources_1/ip/ila_prepcb/hdl/verilog/xsdbm_v3_0_5_bs_core_vec.vh:100]
INFO: [Synth 8-11241] undeclared symbol 'runtest_int', assumed default net type 'wire' [d:/codex_project/sonofield/v3/build/prepcb/slave/ebaz_slave_serializer_prepcb.gen/sources_1/ip/ila_prepcb/hdl/verilog/xsdbm_v3_0_5_bs_core_vec.vh:102]
INFO: [Synth 8-11241] undeclared symbol 'tms_int', assumed default net type 'wire' [d:/codex_project/sonofield/v3/build/prepcb/slave/ebaz_slave_serializer_prepcb.gen/sources_1/ip/ila_prepcb/hdl/verilog/xsdbm_v3_0_5_bs_core_vec.vh:135]
INFO: [Synth 8-11241] undeclared symbol 'runtest_int', assumed default net type 'wire' [d:/codex_project/sonofield/v3/build/prepcb/slave/ebaz_slave_serializer_prepcb.gen/sources_1/ip/ila_prepcb/hdl/verilog/xsdbm_v3_0_5_bs_core_vec.vh:137]
INFO: [Synth 8-11241] undeclared symbol 'tms_int', assumed default net type 'wire' [d:/codex_project/sonofield/v3/build/prepcb/slave/ebaz_slave_serializer_prepcb.gen/sources_1/ip/ila_prepcb/hdl/verilog/xsdbm_v3_0_5_bs_core_vec.vh:170]
INFO: [Synth 8-11241] undeclared symbol 'runtest_int', assumed default net type 'wire' [d:/codex_project/sonofield/v3/build/prepcb/slave/ebaz_slave_serializer_prepcb.gen/sources_1/ip/ila_prepcb/hdl/verilog/xsdbm_v3_0_5_bs_core_vec.vh:172]
INFO: [Synth 8-11241] undeclared symbol 'tms_int', assumed default net type 'wire' [d:/codex_project/sonofield/v3/build/prepcb/slave/ebaz_slave_serializer_prepcb.gen/sources_1/ip/ila_prepcb/hdl/verilog/xsdbm_v3_0_5_bs_core_vec.vh:205]
INFO: [Synth 8-11241] undeclared symbol 'runtest_int', assumed default net type 'wire' [d:/codex_project/sonofield/v3/build/prepcb/slave/ebaz_slave_serializer_prepcb.gen/sources_1/ip/ila_prepcb/hdl/verilog/xsdbm_v3_0_5_bs_core_vec.vh:207]
INFO: [Synth 8-11241] undeclared symbol 'tms_int', assumed default net type 'wire' [d:/codex_project/sonofield/v3/build/prepcb/slave/ebaz_slave_serializer_prepcb.gen/sources_1/ip/ila_prepcb/hdl/verilog/xsdbm_v3_0_5_bs_core_vec.vh:240]
INFO: [Synth 8-11241] undeclared symbol 'runtest_int', assumed default net type 'wire' [d:/codex_project/sonofield/v3/build/prepcb/slave/ebaz_slave_serializer_prepcb.gen/sources_1/ip/ila_prepcb/hdl/verilog/xsdbm_v3_0_5_bs_core_vec.vh:242]
INFO: [Synth 8-11241] undeclared symbol 'tms_int', assumed default net type 'wire' [d:/codex_project/sonofield/v3/build/prepcb/slave/ebaz_slave_serializer_prepcb.gen/sources_1/ip/ila_prepcb/hdl/verilog/xsdbm_v3_0_5_bs_core_vec.vh:275]
INFO: [Synth 8-11241] undeclared symbol 'runtest_int', assumed default net type 'wire' [d:/codex_project/sonofield/v3/build/prepcb/slave/ebaz_slave_serializer_prepcb.gen/sources_1/ip/ila_prepcb/hdl/verilog/xsdbm_v3_0_5_bs_core_vec.vh:277]
INFO: [Common 17-14] Message 'Synth 8-11241' appears 100 times and further instances of the messages will be disabled. Use the Tcl command set_msg_config to change the current settings.
INFO: [Synth 8-6157] synthesizing module 'ebaz_slave_serializer_prepcb' [D:/codex_project/sonofield/v3/rtl/top/serializer_prepcb_top.sv:44]
INFO: [Synth 8-6157] synthesizing module 'serializer_prepcb_core' [D:/codex_project/sonofield/v3/rtl/top/serializer_prepcb_top.sv:2]
	Parameter MASTER bound to: 1'b0 
INFO: [Synth 8-6157] synthesizing module 'dual_sync_top' [D:/codex_project/sonofield/v3/rtl/top/dual_sync_top.sv:3]
	Parameter MASTER bound to: 1'b0 
INFO: [Synth 8-6157] synthesizing module 'sync_slave' [D:/codex_project/sonofield/v3/rtl/sync/sync_slave.sv:2]
INFO: [Synth 8-6157] synthesizing module 'sync_protocol' [D:/codex_project/sonofield/v3/rtl/sync/sync_protocol.sv:13]
INFO: [Synth 8-6155] done synthesizing module 'sync_protocol' (0#1) [D:/codex_project/sonofield/v3/rtl/sync/sync_protocol.sv:13]
INFO: [Synth 8-6157] synthesizing module 'timestamp_counter' [D:/codex_project/sonofield/v3/rtl/sync/timestamp_counter.sv:3]
INFO: [Synth 8-6155] done synthesizing module 'timestamp_counter' (0#1) [D:/codex_project/sonofield/v3/rtl/sync/timestamp_counter.sv:3]
INFO: [Synth 8-6155] done synthesizing module 'sync_slave' (0#1) [D:/codex_project/sonofield/v3/rtl/sync/sync_slave.sv:2]
INFO: [Synth 8-6157] synthesizing module 'clk_manager' [D:/codex_project/sonofield/v3/rtl/clock/clk_manager.sv:2]
	Parameter SIMULATION bound to: 1'b0 
INFO: [Synth 8-6157] synthesizing module 'IBUF' [D:/amd2025_2/2025.2/Vivado/scripts/rt/data/unisim_comp.v:82804]
INFO: [Synth 8-6155] done synthesizing module 'IBUF' (0#1) [D:/amd2025_2/2025.2/Vivado/scripts/rt/data/unisim_comp.v:82804]
INFO: [Synth 8-6157] synthesizing module 'MMCME2_BASE' [D:/amd2025_2/2025.2/Vivado/scripts/rt/data/unisim_comp.v:95964]
	Parameter CLKFBOUT_MULT_F bound to: 2.000000e+01 - type: double 
	Parameter CLKIN1_PERIOD bound to: 2.000000e+01 - type: double 
	Parameter CLKOUT0_DIVIDE_F bound to: 2.000000e+01 - type: double 
	Parameter DIVCLK_DIVIDE bound to: 1 - type: integer 
	Parameter STARTUP_WAIT bound to: FALSE - type: string 
INFO: [Synth 8-6155] done synthesizing module 'MMCME2_BASE' (0#1) [D:/amd2025_2/2025.2/Vivado/scripts/rt/data/unisim_comp.v:95964]
WARNING: [Synth 8-7071] port 'CLKFBOUTB' of module 'MMCME2_BASE' is unconnected for instance 'mmcm' [D:/codex_project/sonofield/v3/rtl/clock/clk_manager.sv:10]
WARNING: [Synth 8-7071] port 'CLKOUT0B' of module 'MMCME2_BASE' is unconnected for instance 'mmcm' [D:/codex_project/sonofield/v3/rtl/clock/clk_manager.sv:10]
WARNING: [Synth 8-7071] port 'CLKOUT1' of module 'MMCME2_BASE' is unconnected for instance 'mmcm' [D:/codex_project/sonofield/v3/rtl/clock/clk_manager.sv:10]
WARNING: [Synth 8-7071] port 'CLKOUT1B' of module 'MMCME2_BASE' is unconnected for instance 'mmcm' [D:/codex_project/sonofield/v3/rtl/clock/clk_manager.sv:10]
WARNING: [Synth 8-7071] port 'CLKOUT2' of module 'MMCME2_BASE' is unconnected for instance 'mmcm' [D:/codex_project/sonofield/v3/rtl/clock/clk_manager.sv:10]
WARNING: [Synth 8-7071] port 'CLKOUT2B' of module 'MMCME2_BASE' is unconnected for instance 'mmcm' [D:/codex_project/sonofield/v3/rtl/clock/clk_manager.sv:10]
WARNING: [Synth 8-7071] port 'CLKOUT3' of module 'MMCME2_BASE' is unconnected for instance 'mmcm' [D:/codex_project/sonofield/v3/rtl/clock/clk_manager.sv:10]
WARNING: [Synth 8-7071] port 'CLKOUT3B' of module 'MMCME2_BASE' is unconnected for instance 'mmcm' [D:/codex_project/sonofield/v3/rtl/clock/clk_manager.sv:10]
WARNING: [Synth 8-7071] port 'CLKOUT4' of module 'MMCME2_BASE' is unconnected for instance 'mmcm' [D:/codex_project/sonofield/v3/rtl/clock/clk_manager.sv:10]
WARNING: [Synth 8-7071] port 'CLKOUT5' of module 'MMCME2_BASE' is unconnected for instance 'mmcm' [D:/codex_project/sonofield/v3/rtl/clock/clk_manager.sv:10]
WARNING: [Synth 8-7071] port 'CLKOUT6' of module 'MMCME2_BASE' is unconnected for instance 'mmcm' [D:/codex_project/sonofield/v3/rtl/clock/clk_manager.sv:10]
WARNING: [Synth 8-7023] instance 'mmcm' of module 'MMCME2_BASE' has 18 connections declared, but only 7 given [D:/codex_project/sonofield/v3/rtl/clock/clk_manager.sv:10]
INFO: [Synth 8-6157] synthesizing module 'BUFG' [D:/amd2025_2/2025.2/Vivado/scripts/rt/data/unisim_comp.v:2678]
INFO: [Synth 8-6155] done synthesizing module 'BUFG' (0#1) [D:/amd2025_2/2025.2/Vivado/scripts/rt/data/unisim_comp.v:2678]
INFO: [Synth 8-6155] done synthesizing module 'clk_manager' (0#1) [D:/codex_project/sonofield/v3/rtl/clock/clk_manager.sv:2]
INFO: [Synth 8-6155] done synthesizing module 'dual_sync_top' (0#1) [D:/codex_project/sonofield/v3/rtl/top/dual_sync_top.sv:3]
INFO: [Synth 8-6157] synthesizing module 'array_test_endpoint' [D:/codex_project/sonofield/v3/rtl/array/array_test_endpoint.sv:2]
INFO: [Synth 8-6157] synthesizing module 'serializer64' [D:/codex_project/sonofield/v3/rtl/array/serializer64.sv:2]
INFO: [Synth 8-6155] done synthesizing module 'serializer64' (0#1) [D:/codex_project/sonofield/v3/rtl/array/serializer64.sv:2]
INFO: [Synth 8-6157] synthesizing module 'array_output_guard' [D:/codex_project/sonofield/v3/rtl/array/array_output_guard.sv:2]
INFO: [Synth 8-6155] done synthesizing module 'array_output_guard' (0#1) [D:/codex_project/sonofield/v3/rtl/array/array_output_guard.sv:2]
INFO: [Synth 8-6155] done synthesizing module 'array_test_endpoint' (0#1) [D:/codex_project/sonofield/v3/rtl/array/array_test_endpoint.sv:2]
WARNING: [Synth 8-4446] all outputs are unconnected for this instance and logic may be removed [D:/codex_project/sonofield/v3/rtl/top/serializer_prepcb_top.sv:30]
INFO: [Synth 8-6157] synthesizing module 'ila_prepcb' [d:/codex_project/sonofield/v3/build/prepcb/slave/ebaz_slave_serializer_prepcb.gen/sources_1/ip/ila_prepcb/synth/ila_prepcb.v:48]
INFO: [Synth 8-6157] synthesizing module 'CFGLUT5' [D:/amd2025_2/2025.2/Vivado/scripts/rt/data/unisim_comp.v:3131]
INFO: [Synth 8-6155] done synthesizing module 'CFGLUT5' (0#1) [D:/amd2025_2/2025.2/Vivado/scripts/rt/data/unisim_comp.v:3131]
INFO: [Synth 8-6157] synthesizing module 'CARRY4' [D:/amd2025_2/2025.2/Vivado/scripts/rt/data/unisim_comp.v:3094]
INFO: [Synth 8-6155] done synthesizing module 'CARRY4' (0#1) [D:/amd2025_2/2025.2/Vivado/scripts/rt/data/unisim_comp.v:3094]
INFO: [Synth 8-6157] synthesizing module 'SRLC32E' [D:/amd2025_2/2025.2/Vivado/scripts/rt/data/unisim_comp.v:165484]
INFO: [Synth 8-6155] done synthesizing module 'SRLC32E' (0#1) [D:/amd2025_2/2025.2/Vivado/scripts/rt/data/unisim_comp.v:165484]
INFO: [Synth 8-6157] synthesizing module 'SRL16E' [D:/amd2025_2/2025.2/Vivado/scripts/rt/data/unisim_comp.v:165334]
INFO: [Synth 8-6155] done synthesizing module 'SRL16E' (0#1) [D:/amd2025_2/2025.2/Vivado/scripts/rt/data/unisim_comp.v:165334]
INFO: [Synth 8-6157] synthesizing module 'SRLC16E' [D:/amd2025_2/2025.2/Vivado/scripts/rt/data/unisim_comp.v:165423]
INFO: [Synth 8-6155] done synthesizing module 'SRLC16E' (0#1) [D:/amd2025_2/2025.2/Vivado/scripts/rt/data/unisim_comp.v:165423]
INFO: [Synth 8-6157] synthesizing module 'FDRE' [D:/amd2025_2/2025.2/Vivado/scripts/rt/data/unisim_comp.v:49396]
INFO: [Synth 8-6155] done synthesizing module 'FDRE' (0#1) [D:/amd2025_2/2025.2/Vivado/scripts/rt/data/unisim_comp.v:49396]
INFO: [Synth 8-7071] port 'clk_nobuf' of module 'ila_v6_2_19_ila' is unconnected for instance 'inst' [d:/codex_project/sonofield/v3/build/prepcb/slave/ebaz_slave_serializer_prepcb.gen/sources_1/ip/ila_prepcb/synth/ila_prepcb.v:3209]
INFO: [Synth 8-7071] port 'clkdiv_out' of module 'ila_v6_2_19_ila' is unconnected for instance 'inst' [d:/codex_project/sonofield/v3/build/prepcb/slave/ebaz_slave_serializer_prepcb.gen/sources_1/ip/ila_prepcb/synth/ila_prepcb.v:3209]
INFO: [Synth 8-7071] port 'trig_in' of module 'ila_v6_2_19_ila' is unconnected for instance 'inst' [d:/codex_project/sonofield/v3/build/prepcb/slave/ebaz_slave_serializer_prepcb.gen/sources_1/ip/ila_prepcb/synth/ila_prepcb.v:3209]
INFO: [Synth 8-7071] port 'trig_in_ack' of module 'ila_v6_2_19_ila' is unconnected for instance 'inst' [d:/codex_project/sonofield/v3/build/prepcb/slave/ebaz_slave_serializer_prepcb.gen/sources_1/ip/ila_prepcb/synth/ila_prepcb.v:3209]
INFO: [Synth 8-7071] port 'trig_out' of module 'ila_v6_2_19_ila' is unconnected for instance 'inst' [d:/codex_project/sonofield/v3/build/prepcb/slave/ebaz_slave_serializer_prepcb.gen/sources_1/ip/ila_prepcb/synth/ila_prepcb.v:3209]
INFO: [Synth 8-7071] port 'trig_out_ack' of module 'ila_v6_2_19_ila' is unconnected for instance 'inst' [d:/codex_project/sonofield/v3/build/prepcb/slave/ebaz_slave_serializer_prepcb.gen/sources_1/ip/ila_prepcb/synth/ila_prepcb.v:3209]
INFO: [Synth 8-7023] instance 'inst' of module 'ila_v6_2_19_ila' has 1033 connections declared, but only 1027 given [d:/codex_project/sonofield/v3/build/prepcb/slave/ebaz_slave_serializer_prepcb.gen/sources_1/ip/ila_prepcb/synth/ila_prepcb.v:3209]
INFO: [Synth 8-6155] done synthesizing module 'ila_prepcb' (0#1) [d:/codex_project/sonofield/v3/build/prepcb/slave/ebaz_slave_serializer_prepcb.gen/sources_1/ip/ila_prepcb/synth/ila_prepcb.v:48]
INFO: [Synth 8-6155] done synthesizing module 'serializer_prepcb_core' (0#1) [D:/codex_project/sonofield/v3/rtl/top/serializer_prepcb_top.sv:2]
INFO: [Synth 8-6155] done synthesizing module 'ebaz_slave_serializer_prepcb' (0#1) [D:/codex_project/sonofield/v3/rtl/top/serializer_prepcb_top.sv:44]
INFO: [Synth 8-3848] Net sl_iport0 in module/entity ila_prepcb does not have driver. [d:/codex_project/sonofield/v3/build/prepcb/slave/ebaz_slave_serializer_prepcb.gen/sources_1/ip/ila_prepcb/synth/ila_prepcb.v:98]
INFO: [Synth 8-6071] Mark debug on the nets applies keep_hierarchy on instance 'debug_ila'. This will prevent further optimization [D:/codex_project/sonofield/v3/rtl/top/serializer_prepcb_top.sv:30]
WARNING: [Synth 8-7129] Port CLKB in module blk_mem_gen_v8_4_12_blk_mem_output_block is either unconnected or has no load
WARNING: [Synth 8-7129] Port DOUTA_I[64] in module blk_mem_gen_v8_4_12_blk_mem_output_block is either unconnected or has no load
WARNING: [Synth 8-7129] Port DOUTA_I[63] in module blk_mem_gen_v8_4_12_blk_mem_output_block is either unconnected or has no load
WARNING: [Synth 8-7129] Port DOUTA_I[62] in module blk_mem_gen_v8_4_12_blk_mem_output_block is either unconnected or has no load
WARNING: [Synth 8-7129] Port DOUTA_I[61] in module blk_mem_gen_v8_4_12_blk_mem_output_block is either unconnected or has no load
WARNING: [Synth 8-7129] Port DOUTA_I[60] in module blk_mem_gen_v8_4_12_blk_mem_output_block is either unconnected or has no load
WARNING: [Synth 8-7129] Port DOUTA_I[59] in module blk_mem_gen_v8_4_12_blk_mem_output_block is either unconnected or has no load
WARNING: [Synth 8-7129] Port DOUTA_I[58] in module blk_mem_gen_v8_4_12_blk_mem_output_block is either unconnected or has no load
WARNING: [Synth 8-7129] Port DOUTA_I[57] in module blk_mem_gen_v8_4_12_blk_mem_output_block is either unconnected or has no load
WARNING: [Synth 8-7129] Port DOUTA_I[56] in module blk_mem_gen_v8_4_12_blk_mem_output_block is either unconnected or has no load
WARNING: [Synth 8-7129] Port DOUTA_I[55] in module blk_mem_gen_v8_4_12_blk_mem_output_block is either unconnected or has no load
WARNING: [Synth 8-7129] Port DOUTA_I[54] in module blk_mem_gen_v8_4_12_blk_mem_output_block is either unconnected or has no load
WARNING: [Synth 8-7129] Port DOUTA_I[53] in module blk_mem_gen_v8_4_12_blk_mem_output_block is either unconnected or has no load
WARNING: [Synth 8-7129] Port DOUTA_I[52] in module blk_mem_gen_v8_4_12_blk_mem_output_block is either unconnected or has no load
WARNING: [Synth 8-7129] Port DOUTA_I[51] in module blk_mem_gen_v8_4_12_blk_mem_output_block is either unconnected or has no load
WARNING: [Synth 8-7129] Port DOUTA_I[50] in module blk_mem_gen_v8_4_12_blk_mem_output_block is either unconnected or has no load
WARNING: [Synth 8-7129] Port DOUTA_I[49] in module blk_mem_gen_v8_4_12_blk_mem_output_block is either unconnected or has no load
WARNING: [Synth 8-7129] Port DOUTA_I[48] in module blk_mem_gen_v8_4_12_blk_mem_output_block is either unconnected or has no load
WARNING: [Synth 8-7129] Port DOUTA_I[47] in module blk_mem_gen_v8_4_12_blk_mem_output_block is either unconnected or has no load
WARNING: [Synth 8-7129] Port DOUTA_I[46] in module blk_mem_gen_v8_4_12_blk_mem_output_block is either unconnected or has no load
WARNING: [Synth 8-7129] Port DOUTA_I[45] in module blk_mem_gen_v8_4_12_blk_mem_output_block is either unconnected or has no load
WARNING: [Synth 8-7129] Port DOUTA_I[44] in module blk_mem_gen_v8_4_12_blk_mem_output_block is either unconnected or has no load
WARNING: [Synth 8-7129] Port DOUTA_I[43] in module blk_mem_gen_v8_4_12_blk_mem_output_block is either unconnected or has no load
WARNING: [Synth 8-7129] Port DOUTA_I[42] in module blk_mem_gen_v8_4_12_blk_mem_output_block is either unconnected or has no load
WARNING: [Synth 8-7129] Port DOUTA_I[41] in module blk_mem_gen_v8_4_12_blk_mem_output_block is either unconnected or has no load
WARNING: [Synth 8-7129] Port DOUTA_I[40] in module blk_mem_gen_v8_4_12_blk_mem_output_block is either unconnected or has no load
WARNING: [Synth 8-7129] Port DOUTA_I[39] in module blk_mem_gen_v8_4_12_blk_mem_output_block is either unconnected or has no load
WARNING: [Synth 8-7129] Port DOUTA_I[38] in module blk_mem_gen_v8_4_12_blk_mem_output_block is either unconnected or has no load
WARNING: [Synth 8-7129] Port DOUTA_I[37] in module blk_mem_gen_v8_4_12_blk_mem_output_block is either unconnected or has no load
WARNING: [Synth 8-7129] Port DOUTA_I[36] in module blk_mem_gen_v8_4_12_blk_mem_output_block is either unconnected or has no load
WARNING: [Synth 8-7129] Port DOUTA_I[35] in module blk_mem_gen_v8_4_12_blk_mem_output_block is either unconnected or has no load
WARNING: [Synth 8-7129] Port DOUTA_I[34] in module blk_mem_gen_v8_4_12_blk_mem_output_block is either unconnected or has no load
WARNING: [Synth 8-7129] Port DOUTA_I[33] in module blk_mem_gen_v8_4_12_blk_mem_output_block is either unconnected or has no load
WARNING: [Synth 8-7129] Port DOUTA_I[32] in module blk_mem_gen_v8_4_12_blk_mem_output_block is either unconnected or has no load
WARNING: [Synth 8-7129] Port DOUTA_I[31] in module blk_mem_gen_v8_4_12_blk_mem_output_block is either unconnected or has no load
WARNING: [Synth 8-7129] Port DOUTA_I[30] in module blk_mem_gen_v8_4_12_blk_mem_output_block is either unconnected or has no load
WARNING: [Synth 8-7129] Port DOUTA_I[29] in module blk_mem_gen_v8_4_12_blk_mem_output_block is either unconnected or has no load
WARNING: [Synth 8-7129] Port DOUTA_I[28] in module blk_mem_gen_v8_4_12_blk_mem_output_block is either unconnected or has no load
WARNING: [Synth 8-7129] Port DOUTA_I[27] in module blk_mem_gen_v8_4_12_blk_mem_output_block is either unconnected or has no load
WARNING: [Synth 8-7129] Port DOUTA_I[26] in module blk_mem_gen_v8_4_12_blk_mem_output_block is either unconnected or has no load
WARNING: [Synth 8-7129] Port DOUTA_I[25] in module blk_mem_gen_v8_4_12_blk_mem_output_block is either unconnected or has no load
WARNING: [Synth 8-7129] Port DOUTA_I[24] in module blk_mem_gen_v8_4_12_blk_mem_output_block is either unconnected or has no load
WARNING: [Synth 8-7129] Port DOUTA_I[23] in module blk_mem_gen_v8_4_12_blk_mem_output_block is either unconnected or has no load
WARNING: [Synth 8-7129] Port DOUTA_I[22] in module blk_mem_gen_v8_4_12_blk_mem_output_block is either unconnected or has no load
WARNING: [Synth 8-7129] Port DOUTA_I[21] in module blk_mem_gen_v8_4_12_blk_mem_output_block is either unconnected or has no load
WARNING: [Synth 8-7129] Port DOUTA_I[20] in module blk_mem_gen_v8_4_12_blk_mem_output_block is either unconnected or has no load
WARNING: [Synth 8-7129] Port DOUTA_I[19] in module blk_mem_gen_v8_4_12_blk_mem_output_block is either unconnected or has no load
WARNING: [Synth 8-7129] Port DOUTA_I[18] in module blk_mem_gen_v8_4_12_blk_mem_output_block is either unconnected or has no load
WARNING: [Synth 8-7129] Port DOUTA_I[17] in module blk_mem_gen_v8_4_12_blk_mem_output_block is either unconnected or has no load
WARNING: [Synth 8-7129] Port DOUTA_I[16] in module blk_mem_gen_v8_4_12_blk_mem_output_block is either unconnected or has no load
WARNING: [Synth 8-7129] Port DOUTA_I[15] in module blk_mem_gen_v8_4_12_blk_mem_output_block is either unconnected or has no load
WARNING: [Synth 8-7129] Port DOUTA_I[14] in module blk_mem_gen_v8_4_12_blk_mem_output_block is either unconnected or has no load
WARNING: [Synth 8-7129] Port DOUTA_I[13] in module blk_mem_gen_v8_4_12_blk_mem_output_block is either unconnected or has no load
WARNING: [Synth 8-7129] Port DOUTA_I[12] in module blk_mem_gen_v8_4_12_blk_mem_output_block is either unconnected or has no load
WARNING: [Synth 8-7129] Port DOUTA_I[11] in module blk_mem_gen_v8_4_12_blk_mem_output_block is either unconnected or has no load
WARNING: [Synth 8-7129] Port DOUTA_I[10] in module blk_mem_gen_v8_4_12_blk_mem_output_block is either unconnected or has no load
WARNING: [Synth 8-7129] Port DOUTA_I[9] in module blk_mem_gen_v8_4_12_blk_mem_output_block is either unconnected or has no load
WARNING: [Synth 8-7129] Port DOUTA_I[8] in module blk_mem_gen_v8_4_12_blk_mem_output_block is either unconnected or has no load
WARNING: [Synth 8-7129] Port DOUTA_I[7] in module blk_mem_gen_v8_4_12_blk_mem_output_block is either unconnected or has no load
WARNING: [Synth 8-7129] Port DOUTA_I[6] in module blk_mem_gen_v8_4_12_blk_mem_output_block is either unconnected or has no load
WARNING: [Synth 8-7129] Port DOUTA_I[5] in module blk_mem_gen_v8_4_12_blk_mem_output_block is either unconnected or has no load
WARNING: [Synth 8-7129] Port DOUTA_I[4] in module blk_mem_gen_v8_4_12_blk_mem_output_block is either unconnected or has no load
WARNING: [Synth 8-7129] Port DOUTA_I[3] in module blk_mem_gen_v8_4_12_blk_mem_output_block is either unconnected or has no load
WARNING: [Synth 8-7129] Port DOUTA_I[2] in module blk_mem_gen_v8_4_12_blk_mem_output_block is either unconnected or has no load
WARNING: [Synth 8-7129] Port DOUTA_I[1] in module blk_mem_gen_v8_4_12_blk_mem_output_block is either unconnected or has no load
WARNING: [Synth 8-7129] Port DOUTA_I[0] in module blk_mem_gen_v8_4_12_blk_mem_output_block is either unconnected or has no load
WARNING: [Synth 8-7129] Port SBITERR_I in module blk_mem_gen_v8_4_12_blk_mem_output_block is either unconnected or has no load
WARNING: [Synth 8-7129] Port DBITERR_I in module blk_mem_gen_v8_4_12_blk_mem_output_block is either unconnected or has no load
WARNING: [Synth 8-7129] Port RDADDRECC_I[9] in module blk_mem_gen_v8_4_12_blk_mem_output_block is either unconnected or has no load
WARNING: [Synth 8-7129] Port RDADDRECC_I[8] in module blk_mem_gen_v8_4_12_blk_mem_output_block is either unconnected or has no load
WARNING: [Synth 8-7129] Port RDADDRECC_I[7] in module blk_mem_gen_v8_4_12_blk_mem_output_block is either unconnected or has no load
WARNING: [Synth 8-7129] Port RDADDRECC_I[6] in module blk_mem_gen_v8_4_12_blk_mem_output_block is either unconnected or has no load
WARNING: [Synth 8-7129] Port RDADDRECC_I[5] in module blk_mem_gen_v8_4_12_blk_mem_output_block is either unconnected or has no load
WARNING: [Synth 8-7129] Port RDADDRECC_I[4] in module blk_mem_gen_v8_4_12_blk_mem_output_block is either unconnected or has no load
WARNING: [Synth 8-7129] Port RDADDRECC_I[3] in module blk_mem_gen_v8_4_12_blk_mem_output_block is either unconnected or has no load
WARNING: [Synth 8-7129] Port RDADDRECC_I[2] in module blk_mem_gen_v8_4_12_blk_mem_output_block is either unconnected or has no load
WARNING: [Synth 8-7129] Port RDADDRECC_I[1] in module blk_mem_gen_v8_4_12_blk_mem_output_block is either unconnected or has no load
WARNING: [Synth 8-7129] Port RDADDRECC_I[0] in module blk_mem_gen_v8_4_12_blk_mem_output_block is either unconnected or has no load
WARNING: [Synth 8-7129] Port DOUTA[35] in module blk_mem_gen_v8_4_12_blk_mem_gen_prim_wrapper__parameterized0 is either unconnected or has no load
WARNING: [Synth 8-7129] Port DOUTA[34] in module blk_mem_gen_v8_4_12_blk_mem_gen_prim_wrapper__parameterized0 is either unconnected or has no load
WARNING: [Synth 8-7129] Port DOUTA[33] in module blk_mem_gen_v8_4_12_blk_mem_gen_prim_wrapper__parameterized0 is either unconnected or has no load
WARNING: [Synth 8-7129] Port DOUTA[32] in module blk_mem_gen_v8_4_12_blk_mem_gen_prim_wrapper__parameterized0 is either unconnected or has no load
WARNING: [Synth 8-7129] Port DOUTA[31] in module blk_mem_gen_v8_4_12_blk_mem_gen_prim_wrapper__parameterized0 is either unconnected or has no load
WARNING: [Synth 8-7129] Port DOUTA[30] in module blk_mem_gen_v8_4_12_blk_mem_gen_prim_wrapper__parameterized0 is either unconnected or has no load
WARNING: [Synth 8-7129] Port DOUTA[29] in module blk_mem_gen_v8_4_12_blk_mem_gen_prim_wrapper__parameterized0 is either unconnected or has no load
WARNING: [Synth 8-7129] Port DOUTA[28] in module blk_mem_gen_v8_4_12_blk_mem_gen_prim_wrapper__parameterized0 is either unconnected or has no load
WARNING: [Synth 8-7129] Port DOUTA[27] in module blk_mem_gen_v8_4_12_blk_mem_gen_prim_wrapper__parameterized0 is either unconnected or has no load
WARNING: [Synth 8-7129] Port DOUTA[26] in module blk_mem_gen_v8_4_12_blk_mem_gen_prim_wrapper__parameterized0 is either unconnected or has no load
WARNING: [Synth 8-7129] Port DOUTA[25] in module blk_mem_gen_v8_4_12_blk_mem_gen_prim_wrapper__parameterized0 is either unconnected or has no load
WARNING: [Synth 8-7129] Port DOUTA[24] in module blk_mem_gen_v8_4_12_blk_mem_gen_prim_wrapper__parameterized0 is either unconnected or has no load
WARNING: [Synth 8-7129] Port DOUTA[23] in module blk_mem_gen_v8_4_12_blk_mem_gen_prim_wrapper__parameterized0 is either unconnected or has no load
WARNING: [Synth 8-7129] Port DOUTA[22] in module blk_mem_gen_v8_4_12_blk_mem_gen_prim_wrapper__parameterized0 is either unconnected or has no load
WARNING: [Synth 8-7129] Port DOUTA[21] in module blk_mem_gen_v8_4_12_blk_mem_gen_prim_wrapper__parameterized0 is either unconnected or has no load
WARNING: [Synth 8-7129] Port DOUTA[20] in module blk_mem_gen_v8_4_12_blk_mem_gen_prim_wrapper__parameterized0 is either unconnected or has no load
WARNING: [Synth 8-7129] Port DOUTA[19] in module blk_mem_gen_v8_4_12_blk_mem_gen_prim_wrapper__parameterized0 is either unconnected or has no load
WARNING: [Synth 8-7129] Port DOUTA[18] in module blk_mem_gen_v8_4_12_blk_mem_gen_prim_wrapper__parameterized0 is either unconnected or has no load
WARNING: [Synth 8-7129] Port DOUTA[17] in module blk_mem_gen_v8_4_12_blk_mem_gen_prim_wrapper__parameterized0 is either unconnected or has no load
WARNING: [Synth 8-7129] Port DOUTA[16] in module blk_mem_gen_v8_4_12_blk_mem_gen_prim_wrapper__parameterized0 is either unconnected or has no load
WARNING: [Synth 8-7129] Port DOUTA[15] in module blk_mem_gen_v8_4_12_blk_mem_gen_prim_wrapper__parameterized0 is either unconnected or has no load
WARNING: [Synth 8-7129] Port DOUTA[14] in module blk_mem_gen_v8_4_12_blk_mem_gen_prim_wrapper__parameterized0 is either unconnected or has no load
INFO: [Common 17-14] Message 'Synth 8-7129' appears 100 times and further instances of the messages will be disabled. Use the Tcl command set_msg_config to change the current settings.
---------------------------------------------------------------------------------
Finished RTL Elaboration : Time (s): cpu = 00:00:59 ; elapsed = 00:01:03 . Memory (MB): peak = 2595.473 ; gain = 0.000
---------------------------------------------------------------------------------
---------------------------------------------------------------------------------
Start Handling Custom Attributes
---------------------------------------------------------------------------------
---------------------------------------------------------------------------------
Finished Handling Custom Attributes : Time (s): cpu = 00:00:59 ; elapsed = 00:01:03 . Memory (MB): peak = 2595.473 ; gain = 0.000
---------------------------------------------------------------------------------
---------------------------------------------------------------------------------
Finished RTL Optimization Phase 1 : Time (s): cpu = 00:00:59 ; elapsed = 00:01:03 . Memory (MB): peak = 2595.473 ; gain = 0.000
---------------------------------------------------------------------------------
Netlist sorting complete. Time (s): cpu = 00:00:00 ; elapsed = 00:00:00.278 . Memory (MB): peak = 2595.473 ; gain = 0.000
INFO: [Netlist 29-17] Analyzing 88 Unisim elements for replacement
INFO: [Netlist 29-28] Unisim Transformation completed in 0 CPU seconds
INFO: [Project 1-570] Preparing netlist for logic optimization

Processing XDC Constraints
Initializing timing engine
Parsing XDC File [d:/codex_project/sonofield/v3/build/prepcb/slave/ebaz_slave_serializer_prepcb.gen/sources_1/ip/ila_prepcb/ila_v6_2/constraints/ila.xdc] for cell 'core/debug_ila/inst'
Finished Parsing XDC File [d:/codex_project/sonofield/v3/build/prepcb/slave/ebaz_slave_serializer_prepcb.gen/sources_1/ip/ila_prepcb/ila_v6_2/constraints/ila.xdc] for cell 'core/debug_ila/inst'
INFO: [Project 1-236] Implementation specific constraints were found while reading constraint file [d:/codex_project/sonofield/v3/build/prepcb/slave/ebaz_slave_serializer_prepcb.gen/sources_1/ip/ila_prepcb/ila_v6_2/constraints/ila.xdc]. These constraints will be ignored for synthesis but will be used in implementation. Impacted constraints are listed in the file [.Xil/ebaz_slave_serializer_prepcb_propImpl.xdc].
Resolution: To avoid this warning, move constraints listed in [.Xil/ebaz_slave_serializer_prepcb_propImpl.xdc] to another XDC file and exclude this new file from synthesis with the used_in_synthesis property (File Properties dialog in GUI) and re-run elaboration/synthesis.
Parsing XDC File [D:/codex_project/sonofield/v3/constraints/ebaz_slave_prepcb_sync.xdc]
INFO: [Timing 38-2] Deriving generated clocks [D:/codex_project/sonofield/v3/constraints/ebaz_slave_prepcb_sync.xdc:34]
Finished Parsing XDC File [D:/codex_project/sonofield/v3/constraints/ebaz_slave_prepcb_sync.xdc]
INFO: [Project 1-236] Implementation specific constraints were found while reading constraint file [D:/codex_project/sonofield/v3/constraints/ebaz_slave_prepcb_sync.xdc]. These constraints will be ignored for synthesis but will be used in implementation. Impacted constraints are listed in the file [.Xil/ebaz_slave_serializer_prepcb_propImpl.xdc].
Resolution: To avoid this warning, move constraints listed in [.Xil/ebaz_slave_serializer_prepcb_propImpl.xdc] to another XDC file and exclude this new file from synthesis with the used_in_synthesis property (File Properties dialog in GUI) and re-run elaboration/synthesis.
Parsing XDC File [D:/codex_project/sonofield/v3/constraints/ebaz_slave_array.xdc]
Finished Parsing XDC File [D:/codex_project/sonofield/v3/constraints/ebaz_slave_array.xdc]
INFO: [Project 1-236] Implementation specific constraints were found while reading constraint file [D:/codex_project/sonofield/v3/constraints/ebaz_slave_array.xdc]. These constraints will be ignored for synthesis but will be used in implementation. Impacted constraints are listed in the file [.Xil/ebaz_slave_serializer_prepcb_propImpl.xdc].
Resolution: To avoid this warning, move constraints listed in [.Xil/ebaz_slave_serializer_prepcb_propImpl.xdc] to another XDC file and exclude this new file from synthesis with the used_in_synthesis property (File Properties dialog in GUI) and re-run elaboration/synthesis.
Completed Processing XDC Constraints

Netlist sorting complete. Time (s): cpu = 00:00:00 ; elapsed = 00:00:00.008 . Memory (MB): peak = 2595.473 ; gain = 0.000
INFO: [Project 1-111] Unisim Transformation Summary:
  A total of 66 instances were transformed.
  CFGLUT5 => CFGLUT5 (SRL16E, SRLC32E): 60 instances
  CFGLUT5 => SRLC32E: 5 instances
  MMCME2_BASE => MMCME2_ADV: 1 instance 

Constraint Validation Runtime : Time (s): cpu = 00:00:00 ; elapsed = 00:00:00.283 . Memory (MB): peak = 2595.473 ; gain = 0.000
---------------------------------------------------------------------------------
Finished Constraint Validation : Time (s): cpu = 00:01:36 ; elapsed = 00:01:42 . Memory (MB): peak = 2595.473 ; gain = 0.000
---------------------------------------------------------------------------------
---------------------------------------------------------------------------------
Start Loading Part and Timing Information
---------------------------------------------------------------------------------
Loading part: xc7z010clg400-1
---------------------------------------------------------------------------------
Finished Loading Part and Timing Information : Time (s): cpu = 00:01:36 ; elapsed = 00:01:42 . Memory (MB): peak = 2595.473 ; gain = 0.000
---------------------------------------------------------------------------------
---------------------------------------------------------------------------------
Start Applying 'set_property' XDC Constraints
---------------------------------------------------------------------------------
---------------------------------------------------------------------------------
Finished applying 'set_property' XDC Constraints : Time (s): cpu = 00:01:37 ; elapsed = 00:01:42 . Memory (MB): peak = 2595.473 ; gain = 0.000
---------------------------------------------------------------------------------
INFO: [Synth 8-802] inferred FSM for state register 'state_reg' in module 'serializer64'
INFO: [Synth 8-802] inferred FSM for state register 'current_state_reg' in module 'xsdbs_v1_0_5_reg_p2s'
INFO: [Synth 8-802] inferred FSM for state register 'current_state_reg' in module 'xsdbs_v1_0_5_reg_p2s__parameterized0'
INFO: [Synth 8-802] inferred FSM for state register 'current_state_reg' in module 'xsdbs_v1_0_5_reg_p2s__parameterized1'
INFO: [Synth 8-802] inferred FSM for state register 'current_state_reg' in module 'ltlib_v1_0_3_generic_memrd'
---------------------------------------------------------------------------------------------------
                   State |                     New Encoding |                Previous Encoding 
---------------------------------------------------------------------------------------------------
                    IDLE |                              000 |                              000
                   SETUP |                              001 |                              001
                    HIGH |                              010 |                              010
              WAIT_APPLY |                              011 |                              011
                   LATCH |                              100 |                              100
                  FINISH |                              101 |                              101
---------------------------------------------------------------------------------------------------
INFO: [Synth 8-3354] encoded FSM with state register 'state_reg' using encoding 'sequential' in module 'serializer64'
---------------------------------------------------------------------------------------------------
                   State |                     New Encoding |                Previous Encoding 
---------------------------------------------------------------------------------------------------
                    IDLE |                             0001 |                             0001
                     REG |                             0010 |                             0010
                     P2S |                             0100 |                             0100
                     S2P |                             1000 |                             1000
---------------------------------------------------------------------------------------------------
INFO: [Synth 8-3354] encoded FSM with state register 'current_state_reg' using encoding 'one-hot' in module 'xsdbs_v1_0_5_reg_p2s'
---------------------------------------------------------------------------------------------------
                   State |                     New Encoding |                Previous Encoding 
---------------------------------------------------------------------------------------------------
                    IDLE |                             0001 |                             0001
                     REG |                             0010 |                             0010
                     P2S |                             0100 |                             0100
                     S2P |                             1000 |                             1000
---------------------------------------------------------------------------------------------------
INFO: [Synth 8-3354] encoded FSM with state register 'current_state_reg' using encoding 'one-hot' in module 'xsdbs_v1_0_5_reg_p2s__parameterized0'
---------------------------------------------------------------------------------------------------
                   State |                     New Encoding |                Previous Encoding 
---------------------------------------------------------------------------------------------------
                    IDLE |                             0001 |                             0001
                     REG |                             0010 |                             0010
                     P2S |                             0100 |                             0100
                     S2P |                             1000 |                             1000
---------------------------------------------------------------------------------------------------
INFO: [Synth 8-3354] encoded FSM with state register 'current_state_reg' using encoding 'one-hot' in module 'xsdbs_v1_0_5_reg_p2s__parameterized1'
---------------------------------------------------------------------------------------------------
                   State |                     New Encoding |                Previous Encoding 
---------------------------------------------------------------------------------------------------
              RESET_ADDR |                          0000001 |                          0000001
            REQUEST_READ |                          0000010 |                          0000010
           WAIT_READ_ACK |                          0000100 |                          0000100
             OUTPUT_DATA |                          0001000 |                          0001000
                    IDLE |                          0010000 |                          0010000
         INCREMENT_BLOCK |                          0100000 |                          0100000
       INCREMENT_ADDRESS |                          1000000 |                          1000000
---------------------------------------------------------------------------------------------------
INFO: [Synth 8-3354] encoded FSM with state register 'current_state_reg' using encoding 'one-hot' in module 'ltlib_v1_0_3_generic_memrd'
---------------------------------------------------------------------------------
Finished RTL Optimization Phase 2 : Time (s): cpu = 00:01:40 ; elapsed = 00:01:46 . Memory (MB): peak = 2595.473 ; gain = 0.000
---------------------------------------------------------------------------------
---------------------------------------------------------------------------------
Start RTL Component Statistics 
---------------------------------------------------------------------------------
---------------------------------------------------------------------------------
Finished RTL Component Statistics 
---------------------------------------------------------------------------------
---------------------------------------------------------------------------------
Start Part Resource Summary
---------------------------------------------------------------------------------
Part Resources:
DSPs: 80 (col length:40)
BRAMs: 120 (col length: RAMB18 40 RAMB36 20)
---------------------------------------------------------------------------------
Finished Part Resource Summary
---------------------------------------------------------------------------------
---------------------------------------------------------------------------------
Start Cross Boundary and Area Optimization
---------------------------------------------------------------------------------
---------------------------------------------------------------------------------
Finished Cross Boundary and Area Optimization : Time (s): cpu = 00:02:11 ; elapsed = 00:02:17 . Memory (MB): peak = 2595.473 ; gain = 0.000
---------------------------------------------------------------------------------
---------------------------------------------------------------------------------
Start Applying XDC Timing Constraints
---------------------------------------------------------------------------------
---------------------------------------------------------------------------------
Finished Applying XDC Timing Constraints : Time (s): cpu = 00:02:22 ; elapsed = 00:02:29 . Memory (MB): peak = 2595.473 ; gain = 0.000
---------------------------------------------------------------------------------
---------------------------------------------------------------------------------
Start Timing Optimization
---------------------------------------------------------------------------------
---------------------------------------------------------------------------------
Finished Timing Optimization : Time (s): cpu = 00:02:26 ; elapsed = 00:02:33 . Memory (MB): peak = 2595.473 ; gain = 0.000
---------------------------------------------------------------------------------
---------------------------------------------------------------------------------
Start Technology Mapping
---------------------------------------------------------------------------------
---------------------------------------------------------------------------------
Finished Technology Mapping : Time (s): cpu = 00:02:28 ; elapsed = 00:02:36 . Memory (MB): peak = 2595.473 ; gain = 0.000
---------------------------------------------------------------------------------
---------------------------------------------------------------------------------
Start IO Insertion
---------------------------------------------------------------------------------
---------------------------------------------------------------------------------
Start Flattening Before IO Insertion
---------------------------------------------------------------------------------
---------------------------------------------------------------------------------
Finished Flattening Before IO Insertion
---------------------------------------------------------------------------------
---------------------------------------------------------------------------------
Start Final Netlist Cleanup
---------------------------------------------------------------------------------
---------------------------------------------------------------------------------
Finished Final Netlist Cleanup
---------------------------------------------------------------------------------
---------------------------------------------------------------------------------
Finished IO Insertion : Time (s): cpu = 00:02:36 ; elapsed = 00:02:44 . Memory (MB): peak = 2595.473 ; gain = 0.000
---------------------------------------------------------------------------------
---------------------------------------------------------------------------------
Start Renaming Generated Instances
---------------------------------------------------------------------------------
---------------------------------------------------------------------------------
Finished Renaming Generated Instances : Time (s): cpu = 00:02:36 ; elapsed = 00:02:44 . Memory (MB): peak = 2595.473 ; gain = 0.000
---------------------------------------------------------------------------------
---------------------------------------------------------------------------------
Start Rebuilding User Hierarchy
---------------------------------------------------------------------------------
---------------------------------------------------------------------------------
Finished Rebuilding User Hierarchy : Time (s): cpu = 00:02:37 ; elapsed = 00:02:45 . Memory (MB): peak = 2595.473 ; gain = 0.000
---------------------------------------------------------------------------------
---------------------------------------------------------------------------------
Start Renaming Generated Ports
---------------------------------------------------------------------------------
---------------------------------------------------------------------------------
Finished Renaming Generated Ports : Time (s): cpu = 00:02:37 ; elapsed = 00:02:45 . Memory (MB): peak = 2595.473 ; gain = 0.000
---------------------------------------------------------------------------------
---------------------------------------------------------------------------------
Start Handling Custom Attributes
---------------------------------------------------------------------------------
---------------------------------------------------------------------------------
Finished Handling Custom Attributes : Time (s): cpu = 00:02:37 ; elapsed = 00:02:45 . Memory (MB): peak = 2595.473 ; gain = 0.000
---------------------------------------------------------------------------------
---------------------------------------------------------------------------------
Start Renaming Generated Nets
---------------------------------------------------------------------------------
---------------------------------------------------------------------------------
Finished Renaming Generated Nets : Time (s): cpu = 00:02:37 ; elapsed = 00:02:45 . Memory (MB): peak = 2595.473 ; gain = 0.000
---------------------------------------------------------------------------------
---------------------------------------------------------------------------------
Start Writing Synthesis Report
---------------------------------------------------------------------------------

Report BlackBoxes: 
+-+--------------+----------+
| |BlackBox name |Instances |
+-+--------------+----------+
+-+--------------+----------+

Report Cell Usage: 
+------+------------+------+
|      |Cell        |Count |
+------+------------+------+
|1     |BUFG        |     3|
|2     |CARRY4      |   244|
|3     |CFGLUT5     |    65|
|4     |LUT1        |   297|
|5     |LUT2        |   517|
|6     |LUT3        |   231|
|7     |LUT4        |   201|
|8     |LUT5        |   172|
|9     |LUT6        |   460|
|10    |MMCME2_BASE |     1|
|11    |MUXF7       |     3|
|12    |RAMB36E1    |     2|
|13    |SRL16E      |    68|
|14    |SRLC16E     |     2|
|15    |SRLC32E     |    17|
|16    |FDCE        |   176|
|17    |FDRE        |  1856|
|18    |FDSE        |    26|
|19    |IBUF        |     6|
|20    |OBUF        |    24|
+------+------------+------+
---------------------------------------------------------------------------------
Finished Writing Synthesis Report : Time (s): cpu = 00:02:37 ; elapsed = 00:02:45 . Memory (MB): peak = 2595.473 ; gain = 0.000
---------------------------------------------------------------------------------
Synthesis finished with 0 errors, 0 critical warnings and 2536 warnings.
Synthesis Optimization Runtime : Time (s): cpu = 00:01:11 ; elapsed = 00:02:18 . Memory (MB): peak = 2595.473 ; gain = 0.000
Synthesis Optimization Complete : Time (s): cpu = 00:02:37 ; elapsed = 00:02:45 . Memory (MB): peak = 2595.473 ; gain = 0.000
INFO: [Project 1-571] Translating synthesized netlist
Netlist sorting complete. Time (s): cpu = 00:00:00 ; elapsed = 00:00:00.178 . Memory (MB): peak = 2595.473 ; gain = 0.000
INFO: [Netlist 29-17] Analyzing 315 Unisim elements for replacement
INFO: [Netlist 29-28] Unisim Transformation completed in 0 CPU seconds
INFO: [Project 1-570] Preparing netlist for logic optimization
INFO: [Chipscope 16-324] Core: core/debug_ila UUID: 65bda9ba-863c-5fba-9111-973cfada7956 
Parsing XDC File [d:/codex_project/sonofield/v3/build/prepcb/slave/ebaz_slave_serializer_prepcb.gen/sources_1/ip/ila_prepcb/ila_v6_2/constraints/ila_impl.xdc] for cell 'core/debug_ila/inst'
WARNING: [Vivado_Tcl 4-921] Waiver ID 'CDC-10' -to list should not be empty. [d:/codex_project/sonofield/v3/build/prepcb/slave/ebaz_slave_serializer_prepcb.gen/sources_1/ip/ila_prepcb/ila_v6_2/constraints/ila_impl.xdc:31]
Finished Parsing XDC File [d:/codex_project/sonofield/v3/build/prepcb/slave/ebaz_slave_serializer_prepcb.gen/sources_1/ip/ila_prepcb/ila_v6_2/constraints/ila_impl.xdc] for cell 'core/debug_ila/inst'
Parsing XDC File [d:/codex_project/sonofield/v3/build/prepcb/slave/ebaz_slave_serializer_prepcb.gen/sources_1/ip/ila_prepcb/ila_v6_2/constraints/ila.xdc] for cell 'core/debug_ila/inst'
WARNING: [Vivado_Tcl 4-921] Waiver ID 'CDC-10' -to list should not be empty. [d:/codex_project/sonofield/v3/build/prepcb/slave/ebaz_slave_serializer_prepcb.gen/sources_1/ip/ila_prepcb/ila_v6_2/constraints/ila.xdc:108]
Finished Parsing XDC File [d:/codex_project/sonofield/v3/build/prepcb/slave/ebaz_slave_serializer_prepcb.gen/sources_1/ip/ila_prepcb/ila_v6_2/constraints/ila.xdc] for cell 'core/debug_ila/inst'
Parsing XDC File [D:/codex_project/sonofield/v3/constraints/ebaz_slave_prepcb_sync.xdc]
INFO: [Timing 38-35] Done setting XDC timing constraints. [D:/codex_project/sonofield/v3/constraints/ebaz_slave_prepcb_sync.xdc:34]
INFO: [Timing 38-2] Deriving generated clocks [D:/codex_project/sonofield/v3/constraints/ebaz_slave_prepcb_sync.xdc:34]
get_clocks: Time (s): cpu = 00:00:10 ; elapsed = 00:00:10 . Memory (MB): peak = 2861.578 ; gain = 266.105
Finished Parsing XDC File [D:/codex_project/sonofield/v3/constraints/ebaz_slave_prepcb_sync.xdc]
Parsing XDC File [D:/codex_project/sonofield/v3/constraints/ebaz_slave_array.xdc]
Finished Parsing XDC File [D:/codex_project/sonofield/v3/constraints/ebaz_slave_array.xdc]
INFO: [Opt 31-138] Pushed 0 inverter(s) to 0 load pin(s).
INFO: [Project 1-1687] 2 scoped IP constraints or related sub-commands were skipped due to synthesis logic optimizations usually triggered by constant connectivity or unconnected output pins. To review the skipped constraints and messages, run the command 'set_param netlist.IPMsgFiltering false' before opening the design.
Netlist sorting complete. Time (s): cpu = 00:00:00 ; elapsed = 00:00:00.002 . Memory (MB): peak = 2861.578 ; gain = 0.000
INFO: [Project 1-111] Unisim Transformation Summary:
  A total of 66 instances were transformed.
  CFGLUT5 => CFGLUT5 (SRL16E, SRLC32E): 60 instances
  CFGLUT5 => SRLC32E: 5 instances
  MMCME2_BASE => MMCME2_ADV: 1 instance 

Synth Design complete | Checksum: 19e6db6f
INFO: [Common 17-83] Releasing license: Synthesis
503 Infos, 249 Warnings, 0 Critical Warnings and 0 Errors encountered.
synth_design completed successfully
synth_design: Time (s): cpu = 00:03:07 ; elapsed = 00:03:16 . Memory (MB): peak = 2861.578 ; gain = 266.105
INFO: [Timing 38-35] Done setting XDC timing constraints.
INFO: [Timing 38-480] Writing timing data to binary archive.
Wrote PlaceDB: Time (s): cpu = 00:00:00 ; elapsed = 00:00:00 . Memory (MB): peak = 2861.578 ; gain = 0.000
Wrote PulsedLatchDB: Time (s): cpu = 00:00:00 ; elapsed = 00:00:00 . Memory (MB): peak = 2861.578 ; gain = 0.000
Writing XDEF routing.
Write ShapeDB Complete: Time (s): cpu = 00:00:00 ; elapsed = 00:00:00.022 . Memory (MB): peak = 2861.578 ; gain = 0.000
Writing XDEF routing logical nets.
Writing XDEF routing special nets.
Wrote RouteStorage: Time (s): cpu = 00:00:00 ; elapsed = 00:00:00.060 . Memory (MB): peak = 2861.578 ; gain = 0.000
Wrote PlaceStorage: Time (s): cpu = 00:00:00 ; elapsed = 00:00:00.002 . Memory (MB): peak = 2861.578 ; gain = 0.000
Wrote Netlist Cache: Time (s): cpu = 00:00:00 ; elapsed = 00:00:00 . Memory (MB): peak = 2861.578 ; gain = 0.000
Wrote Device Cache: Time (s): cpu = 00:00:00 ; elapsed = 00:00:00.024 . Memory (MB): peak = 2861.578 ; gain = 0.000
Write Physdb Complete: Time (s): cpu = 00:00:00 ; elapsed = 00:00:00.104 . Memory (MB): peak = 2861.578 ; gain = 0.000
INFO: [Common 17-1381] The checkpoint 'D:/codex_project/sonofield/v3/evidence/task001b/slave/synthesized.dcp' has been generated.
Command: opt_design
Attempting to get a license for feature 'Implementation' and/or device 'xc7z010'
INFO: [Common 17-349] Got license for feature 'Implementation' and/or device 'xc7z010'
Running DRC as a precondition to command opt_design

Starting DRC Task
INFO: [DRC 23-27] Running DRC with 4 threads
INFO: [Project 1-461] DRC finished with 0 Errors
INFO: [Project 1-462] Please refer to the DRC report (report_drc) for more information.

Time (s): cpu = 00:00:03 ; elapsed = 00:00:02 . Memory (MB): peak = 2861.578 ; gain = 0.000

Starting Cache Timing Information Task
Ending Cache Timing Information Task | Checksum: 1f4da1c25

Time (s): cpu = 00:00:01 ; elapsed = 00:00:00.087 . Memory (MB): peak = 2861.578 ; gain = 0.000

Starting Logic Optimization Task

Phase 1 Initialization

Phase 1.1 Core Generation And Design Setup

Phase 1.1.1 Generate And Synthesize Debug Cores
INFO: [Chipscope 16-329] Generating Script for core instance : dbg_hub 
INFO: [IP_Flow 19-3806] Processing IP xilinx.com:ip:xsdbm:3.0 for cell dbg_hub_CV.
Done building netlist checker database: Time (s): cpu = 00:00:00 ; elapsed = 00:00:00.008 . Memory (MB): peak = 2861.578 ; gain = 0.000
Netlist sorting complete. Time (s): cpu = 00:00:00 ; elapsed = 00:00:00.043 . Memory (MB): peak = 2861.578 ; gain = 0.000
Phase 1.1.1 Generate And Synthesize Debug Cores | Checksum: 213a22f6e

Time (s): cpu = 00:00:06 ; elapsed = 00:02:55 . Memory (MB): peak = 2861.578 ; gain = 0.000
Phase 1.1 Core Generation And Design Setup | Checksum: 213a22f6e

Time (s): cpu = 00:00:06 ; elapsed = 00:02:55 . Memory (MB): peak = 2861.578 ; gain = 0.000

Phase 1.2 Setup Constraints And Sort Netlist
Phase 1.2 Setup Constraints And Sort Netlist | Checksum: 213a22f6e

Time (s): cpu = 00:00:06 ; elapsed = 00:02:55 . Memory (MB): peak = 2861.578 ; gain = 0.000
Phase 1 Initialization | Checksum: 213a22f6e

Time (s): cpu = 00:00:06 ; elapsed = 00:02:55 . Memory (MB): peak = 2861.578 ; gain = 0.000

Phase 2 Timer Update And Timing Data Collection

Phase 2.1 Detect if minReqCache needed
Phase 2.1 Detect if minReqCache needed | Checksum: 213a22f6e

Time (s): cpu = 00:00:06 ; elapsed = 00:02:55 . Memory (MB): peak = 2861.578 ; gain = 0.000

Phase 2.2 Timer Update
Phase 2.2 Timer Update | Checksum: 213a22f6e

Time (s): cpu = 00:00:07 ; elapsed = 00:02:56 . Memory (MB): peak = 2861.578 ; gain = 0.000

Phase 2.3 Timing Data Collection
Phase 2.3 Timing Data Collection | Checksum: 213a22f6e

Time (s): cpu = 00:00:07 ; elapsed = 00:02:56 . Memory (MB): peak = 2861.578 ; gain = 0.000
Phase 2 Timer Update And Timing Data Collection | Checksum: 213a22f6e

Time (s): cpu = 00:00:07 ; elapsed = 00:02:56 . Memory (MB): peak = 2861.578 ; gain = 0.000

Phase 3 Retarget
INFO: [Opt 31-1851] Number of loadless carry chains removed were: 0
INFO: [Opt 31-1834] Total Chains To Be Transformed Were: 0 AND Number of Transformed insts Created are: 0
INFO: [Opt 31-138] Pushed 2 inverter(s) to 2 load pin(s).
INFO: [Opt 31-49] Retargeted 0 cell(s).
Phase 3 Retarget | Checksum: 15575eada

Time (s): cpu = 00:00:07 ; elapsed = 00:02:56 . Memory (MB): peak = 2861.578 ; gain = 0.000
Retarget | Checksum: 15575eada
INFO: [Opt 31-389] Phase Retarget created 4 cells and removed 11 cells
INFO: [Opt 31-1021] In phase Retarget, 70 netlist objects are constrained preventing optimization. Please run opt_design with -debug_log to get more detail. 

Phase 4 Constant propagation
INFO: [Opt 31-138] Pushed 0 inverter(s) to 0 load pin(s).
Phase 4 Constant propagation | Checksum: 21c289f54

Time (s): cpu = 00:00:07 ; elapsed = 00:02:56 . Memory (MB): peak = 2861.578 ; gain = 0.000
Constant propagation | Checksum: 21c289f54
INFO: [Opt 31-389] Phase Constant propagation created 0 cells and removed 16 cells
INFO: [Opt 31-1021] In phase Constant propagation, 51 netlist objects are constrained preventing optimization. Please run opt_design with -debug_log to get more detail. 

Phase 5 Sweep
INFO: [Constraints 18-11670] Building netlist checker database with flags, 0x8
Done building netlist checker database: Time (s): cpu = 00:00:00 ; elapsed = 00:00:00.005 . Memory (MB): peak = 2861.578 ; gain = 0.000
INFO: [Constraints 18-11670] Building netlist checker database with flags, 0x8
Done building netlist checker database: Time (s): cpu = 00:00:00 ; elapsed = 00:00:00.005 . Memory (MB): peak = 2861.578 ; gain = 0.000
Phase 5 Sweep | Checksum: 20788923f

Time (s): cpu = 00:00:07 ; elapsed = 00:02:56 . Memory (MB): peak = 2861.578 ; gain = 0.000
Sweep | Checksum: 20788923f
INFO: [Opt 31-389] Phase Sweep created 0 cells and removed 50 cells
INFO: [Opt 31-1021] In phase Sweep, 921 netlist objects are constrained preventing optimization. Please run opt_design with -debug_log to get more detail. 

Phase 6 BUFG optimization
Phase 6 BUFG optimization | Checksum: 20788923f

Time (s): cpu = 00:00:07 ; elapsed = 00:02:56 . Memory (MB): peak = 2861.578 ; gain = 0.000
BUFG optimization | Checksum: 20788923f
INFO: [Opt 31-662] Phase BUFG optimization created 0 cells of which 0 are BUFGs and removed 0 cells.

Phase 7 Shift Register Optimization
INFO: [Opt 31-1064] SRL Remap converted 0 SRLs to 0 registers and converted 0 registers of register chains to 0 SRLs
Phase 7 Shift Register Optimization | Checksum: 20788923f

Time (s): cpu = 00:00:07 ; elapsed = 00:02:56 . Memory (MB): peak = 2861.578 ; gain = 0.000
Shift Register Optimization | Checksum: 20788923f
INFO: [Opt 31-389] Phase Shift Register Optimization created 0 cells and removed 0 cells

Phase 8 Post Processing Netlist
Phase 8 Post Processing Netlist | Checksum: 20788923f

Time (s): cpu = 00:00:07 ; elapsed = 00:02:56 . Memory (MB): peak = 2861.578 ; gain = 0.000
Post Processing Netlist | Checksum: 20788923f
INFO: [Opt 31-389] Phase Post Processing Netlist created 0 cells and removed 0 cells
INFO: [Opt 31-1021] In phase Post Processing Netlist, 61 netlist objects are constrained preventing optimization. Please run opt_design with -debug_log to get more detail. 

Phase 9 Finalization

Phase 9.1 Finalizing Design Cores and Updating Shapes
Phase 9.1 Finalizing Design Cores and Updating Shapes | Checksum: 1bc87099b

Time (s): cpu = 00:00:08 ; elapsed = 00:02:57 . Memory (MB): peak = 2861.578 ; gain = 0.000

Phase 9.2 Verifying Netlist Connectivity

Starting Connectivity Check Task

Time (s): cpu = 00:00:00 ; elapsed = 00:00:00.019 . Memory (MB): peak = 2861.578 ; gain = 0.000
Phase 9.2 Verifying Netlist Connectivity | Checksum: 1bc87099b

Time (s): cpu = 00:00:08 ; elapsed = 00:02:57 . Memory (MB): peak = 2861.578 ; gain = 0.000
Phase 9 Finalization | Checksum: 1bc87099b

Time (s): cpu = 00:00:08 ; elapsed = 00:02:57 . Memory (MB): peak = 2861.578 ; gain = 0.000
Opt_design Change Summary
=========================


-------------------------------------------------------------------------------------------------------------------------
|  Phase                        |  #Cells created  |  #Cells Removed  |  #Constrained objects preventing optimizations  |
-------------------------------------------------------------------------------------------------------------------------
|  Retarget                     |               4  |              11  |                                             70  |
|  Constant propagation         |               0  |              16  |                                             51  |
|  Sweep                        |               0  |              50  |                                            921  |
|  BUFG optimization            |               0  |               0  |                                              0  |
|  Shift Register Optimization  |               0  |               0  |                                              0  |
|  Post Processing Netlist      |               0  |               0  |                                             61  |
-------------------------------------------------------------------------------------------------------------------------


Ending Logic Optimization Task | Checksum: 1bc87099b

Time (s): cpu = 00:00:08 ; elapsed = 00:02:57 . Memory (MB): peak = 2861.578 ; gain = 0.000

Starting Power Optimization Task
INFO: [Pwropt 34-132] Skipping clock gating for clocks with a period < 2.00 ns.
INFO: [Pwropt 34-9] Applying IDT optimizations ...
INFO: [Pwropt 34-10] Applying ODC optimizations ...
INFO: [Timing 38-35] Done setting XDC timing constraints.
Running Vector-less Activity Propagation...

Finished Running Vector-less Activity Propagation


Starting PowerOpt Patch Enables Task
INFO: [Pwropt 34-162] WRITE_MODE attribute of 0 BRAM(s) out of a total of 2 has been updated to save power. Run report_power_opt to get a complete listing of the BRAMs updated.
INFO: [Pwropt 34-201] Structural ODC has moved 0 WE to EN ports
Number of BRAM Ports augmented: 2 newly gated: 0 Total Ports: 4
Ending PowerOpt Patch Enables Task | Checksum: 273d8e5f0

Time (s): cpu = 00:00:00 ; elapsed = 00:00:00.064 . Memory (MB): peak = 2861.578 ; gain = 0.000
Ending Power Optimization Task | Checksum: 273d8e5f0

Time (s): cpu = 00:00:04 ; elapsed = 00:00:03 . Memory (MB): peak = 2861.578 ; gain = 0.000

Starting Final Cleanup Task
Ending Final Cleanup Task | Checksum: 273d8e5f0

Time (s): cpu = 00:00:00 ; elapsed = 00:00:00.004 . Memory (MB): peak = 2861.578 ; gain = 0.000
Netlist sorting complete. Time (s): cpu = 00:00:00 ; elapsed = 00:00:00.008 . Memory (MB): peak = 2861.578 ; gain = 0.000
INFO: [Common 17-83] Releasing license: Implementation
541 Infos, 249 Warnings, 0 Critical Warnings and 0 Errors encountered.
opt_design completed successfully
opt_design: Time (s): cpu = 00:00:22 ; elapsed = 00:03:08 . Memory (MB): peak = 2861.578 ; gain = 0.000
Command: place_design
Attempting to get a license for feature 'Implementation' and/or device 'xc7z010'
INFO: [Common 17-349] Got license for feature 'Implementation' and/or device 'xc7z010'
INFO: [Common 17-83] Releasing license: Implementation
INFO: [DRC 23-27] Running DRC with 4 threads
INFO: [Vivado_Tcl 4-198] DRC finished with 0 Errors
INFO: [Vivado_Tcl 4-199] Please refer to the DRC report (report_drc) for more information.
INFO: [Timing 38-35] Done setting XDC timing constraints.
Running DRC as a precondition to command place_design
INFO: [DRC 23-27] Running DRC with 4 threads
INFO: [Vivado_Tcl 4-198] DRC finished with 0 Errors
INFO: [Vivado_Tcl 4-199] Please refer to the DRC report (report_drc) for more information.
INFO: [Place 30-611] Multithreading enabled for place_design using a maximum of 4 CPUs

Starting Placer Task

Phase 1 Placer Initialization

Phase 1.1 Placer Initialization Netlist Sorting
Netlist sorting complete. Time (s): cpu = 00:00:00 ; elapsed = 00:00:00.007 . Memory (MB): peak = 2861.578 ; gain = 0.000
Phase 1.1 Placer Initialization Netlist Sorting | Checksum: 1b95059ab

Time (s): cpu = 00:00:00 ; elapsed = 00:00:00.012 . Memory (MB): peak = 2861.578 ; gain = 0.000
Netlist sorting complete. Time (s): cpu = 00:00:00 ; elapsed = 00:00:00.006 . Memory (MB): peak = 2861.578 ; gain = 0.000

Phase 1.2 IO Placement/ Clock Placement/ Build Placer Device
Phase 1.2 IO Placement/ Clock Placement/ Build Placer Device | Checksum: 1612d34c5

Time (s): cpu = 00:00:01 ; elapsed = 00:00:00.733 . Memory (MB): peak = 2861.578 ; gain = 0.000

Phase 1.3 Build Placer Netlist Model
Phase 1.3 Build Placer Netlist Model | Checksum: 20e4e1760

Time (s): cpu = 00:00:05 ; elapsed = 00:00:03 . Memory (MB): peak = 2861.578 ; gain = 0.000

Phase 1.4 Constrain Clocks/Macros
Phase 1.4 Constrain Clocks/Macros | Checksum: 20e4e1760

Time (s): cpu = 00:00:05 ; elapsed = 00:00:03 . Memory (MB): peak = 2861.578 ; gain = 0.000
Phase 1 Placer Initialization | Checksum: 20e4e1760

Time (s): cpu = 00:00:05 ; elapsed = 00:00:03 . Memory (MB): peak = 2861.578 ; gain = 0.000

Phase 2 Global Placement

Phase 2.1 Floorplanning
Phase 2.1 Floorplanning | Checksum: 246841e0e

Time (s): cpu = 00:00:07 ; elapsed = 00:00:04 . Memory (MB): peak = 2861.578 ; gain = 0.000

Phase 2.2 Update Timing before SLR Path Opt
Phase 2.2 Update Timing before SLR Path Opt | Checksum: 1cbea31a3

Time (s): cpu = 00:00:09 ; elapsed = 00:00:04 . Memory (MB): peak = 2861.578 ; gain = 0.000

Phase 2.3 Post-Processing in Floorplanning
Phase 2.3 Post-Processing in Floorplanning | Checksum: 1cbea31a3

Time (s): cpu = 00:00:09 ; elapsed = 00:00:04 . Memory (MB): peak = 2861.578 ; gain = 0.000

Phase 2.4 Global Place Phase1
Phase 2.4 Global Place Phase1 | Checksum: 13c1b22e2

Time (s): cpu = 00:00:22 ; elapsed = 00:00:11 . Memory (MB): peak = 2861.578 ; gain = 0.000

Phase 2.5 Global Place Phase2

Phase 2.5.1 UpdateTiming Before Physical Synthesis
Phase 2.5.1 UpdateTiming Before Physical Synthesis | Checksum: 140153d74

Time (s): cpu = 00:00:24 ; elapsed = 00:00:11 . Memory (MB): peak = 2861.578 ; gain = 0.000

Phase 2.5.2 Physical Synthesis In Placer
INFO: [Physopt 32-1035] Found 0 LUTNM shape to break, 127 LUT instances to create LUTNM shape
INFO: [Physopt 32-1044] Break lutnm for timing: one critical 0, two critical 0, total 0, new lutff created 0
INFO: [Physopt 32-1138] End 1 Pass. Optimized 55 nets or LUTs. Breaked 0 LUT, combined 55 existing LUTs and moved 0 existing LUT
INFO: [Physopt 32-65] No nets found for high-fanout optimization.
INFO: [Physopt 32-232] Optimized 0 net. Created 0 new instance.
INFO: [Physopt 32-775] End 1 Pass. Optimized 0 net or cell. Created 0 new cell, deleted 0 existing cell and moved 0 existing cell
INFO: [Physopt 32-456] No candidate cells for DSP register optimization found in the design.
INFO: [Physopt 32-775] End 2 Pass. Optimized 0 net or cell. Created 0 new cell, deleted 0 existing cell and moved 0 existing cell
INFO: [Physopt 32-1123] No candidate cells found for Shift Register to Pipeline optimization
INFO: [Physopt 32-775] End 2 Pass. Optimized 0 net or cell. Created 0 new cell, deleted 0 existing cell and moved 0 existing cell
INFO: [Physopt 32-1401] No candidate cells found for Shift Register optimization.
INFO: [Physopt 32-677] No candidate cells for Shift Register optimization found in the design
INFO: [Physopt 32-775] End 1 Pass. Optimized 0 net or cell. Created 0 new cell, deleted 0 existing cell and moved 0 existing cell
INFO: [Physopt 32-526] No candidate cells for BRAM register optimization found in the design
INFO: [Physopt 32-775] End 1 Pass. Optimized 0 net or cell. Created 0 new cell, deleted 0 existing cell and moved 0 existing cell
INFO: [Physopt 32-846] No candidate cells for URAM register optimization found in the design
INFO: [Physopt 32-775] End 1 Pass. Optimized 0 net or cell. Created 0 new cell, deleted 0 existing cell and moved 0 existing cell
INFO: [Physopt 32-846] No candidate cells for URAM register optimization found in the design
INFO: [Physopt 32-775] End 1 Pass. Optimized 0 net or cell. Created 0 new cell, deleted 0 existing cell and moved 0 existing cell
INFO: [Physopt 32-949] No candidate nets found for dynamic/static region interface net replication
INFO: [Physopt 32-775] End 1 Pass. Optimized 0 net or cell. Created 0 new cell, deleted 0 existing cell and moved 0 existing cell
Netlist sorting complete. Time (s): cpu = 00:00:00 ; elapsed = 00:00:00.007 . Memory (MB): peak = 2861.578 ; gain = 0.000

Summary of Physical Synthesis Optimizations
============================================


-----------------------------------------------------------------------------------------------------------------------------------------------------------
|  Optimization                                     |  Added Cells  |  Removed Cells  |  Optimized Cells/Nets  |  Dont Touch  |  Iterations  |  Elapsed   |
-----------------------------------------------------------------------------------------------------------------------------------------------------------
|  LUT Combining                                    |            0  |             55  |                    55  |           0  |           1  |  00:00:00  |
|  Retime                                           |            0  |              0  |                     0  |           0  |           1  |  00:00:00  |
|  Very High Fanout                                 |            0  |              0  |                     0  |           0  |           1  |  00:00:00  |
|  DSP Register                                     |            0  |              0  |                     0  |           0  |           1  |  00:00:00  |
|  Shift Register to Pipeline                       |            0  |              0  |                     0  |           0  |           1  |  00:00:00  |
|  Shift Register                                   |            0  |              0  |                     0  |           0  |           1  |  00:00:00  |
|  BRAM Register                                    |            0  |              0  |                     0  |           0  |           1  |  00:00:00  |
|  URAM Register                                    |            0  |              0  |                     0  |           0  |           1  |  00:00:00  |
|  Dynamic/Static Region Interface Net Replication  |            0  |              0  |                     0  |           0  |           1  |  00:00:00  |
|  Total                                            |            0  |             55  |                    55  |           0  |           9  |  00:00:00  |
-----------------------------------------------------------------------------------------------------------------------------------------------------------


Phase 2.5.2 Physical Synthesis In Placer | Checksum: 2112539c8

Time (s): cpu = 00:00:26 ; elapsed = 00:00:13 . Memory (MB): peak = 2861.578 ; gain = 0.000
Phase 2.5 Global Place Phase2 | Checksum: 167e8de36

Time (s): cpu = 00:00:27 ; elapsed = 00:00:13 . Memory (MB): peak = 2861.578 ; gain = 0.000
Phase 2 Global Placement | Checksum: 167e8de36

Time (s): cpu = 00:00:27 ; elapsed = 00:00:13 . Memory (MB): peak = 2861.578 ; gain = 0.000

Phase 3 Detail Placement

Phase 3.1 Commit Multi Column Macros
Phase 3.1 Commit Multi Column Macros | Checksum: 1ba66e14b

Time (s): cpu = 00:00:29 ; elapsed = 00:00:13 . Memory (MB): peak = 2861.578 ; gain = 0.000

Phase 3.2 Commit Most Macros & LUTRAMs
Phase 3.2 Commit Most Macros & LUTRAMs | Checksum: 275e1ee22

Time (s): cpu = 00:00:31 ; elapsed = 00:00:15 . Memory (MB): peak = 2861.578 ; gain = 0.000

Phase 3.3 Area Swap Optimization
Phase 3.3 Area Swap Optimization | Checksum: 2f5544fb6

Time (s): cpu = 00:00:31 ; elapsed = 00:00:15 . Memory (MB): peak = 2861.578 ; gain = 0.000

Phase 3.4 Pipeline Register Optimization
Phase 3.4 Pipeline Register Optimization | Checksum: 31e319c4d

Time (s): cpu = 00:00:31 ; elapsed = 00:00:15 . Memory (MB): peak = 2861.578 ; gain = 0.000

Phase 3.5 Fast Optimization
Phase 3.5 Fast Optimization | Checksum: 2a15cbbd3

Time (s): cpu = 00:00:35 ; elapsed = 00:00:16 . Memory (MB): peak = 2861.578 ; gain = 0.000

Phase 3.6 Small Shape Detail Placement
Phase 3.6 Small Shape Detail Placement | Checksum: 2b8ae4913

Time (s): cpu = 00:00:38 ; elapsed = 00:00:20 . Memory (MB): peak = 2861.578 ; gain = 0.000

Phase 3.7 Re-assign LUT pins
Phase 3.7 Re-assign LUT pins | Checksum: 2ae4f02a0

Time (s): cpu = 00:00:40 ; elapsed = 00:00:21 . Memory (MB): peak = 2861.578 ; gain = 0.000

Phase 3.8 Pipeline Register Optimization
Phase 3.8 Pipeline Register Optimization | Checksum: 2b8f5f289

Time (s): cpu = 00:00:40 ; elapsed = 00:00:21 . Memory (MB): peak = 2861.578 ; gain = 0.000

Phase 3.9 Fast Optimization
Phase 3.9 Fast Optimization | Checksum: 283fec924

Time (s): cpu = 00:00:44 ; elapsed = 00:00:22 . Memory (MB): peak = 2861.578 ; gain = 0.000
Phase 3 Detail Placement | Checksum: 283fec924

Time (s): cpu = 00:00:44 ; elapsed = 00:00:22 . Memory (MB): peak = 2861.578 ; gain = 0.000

Phase 4 Post Placement Optimization and Clean-Up

Phase 4.1 Post Commit Optimization
INFO: [Timing 38-35] Done setting XDC timing constraints.

Phase 4.1.1 Post Placement Optimization
Post Placement Optimization Initialization | Checksum: 14b4dc7ad

Phase 4.1.1.1 BUFG Insertion

Starting Physical Synthesis Task

Phase 1 Physical Synthesis Initialization
INFO: [Physopt 32-721] Multithreading enabled for phys_opt_design using a maximum of 4 CPUs
INFO: [Physopt 32-619] Estimated Timing Summary | WNS=-0.025 | TNS=-0.099 |
Phase 1 Physical Synthesis Initialization | Checksum: ce30dc0f

Time (s): cpu = 00:00:00 ; elapsed = 00:00:00.181 . Memory (MB): peak = 2861.578 ; gain = 0.000
INFO: [Place 46-56] BUFG insertion identified 0 candidate nets. Inserted BUFG: 0, Replicated BUFG Driver: 0, Skipped due to Placement/Routing Conflicts: 0, Skipped due to Timing Degradation: 0, Skipped due to netlist editing failed: 0.
Ending Physical Synthesis Task | Checksum: 1bb8dfacb

Time (s): cpu = 00:00:00 ; elapsed = 00:00:00.209 . Memory (MB): peak = 2861.578 ; gain = 0.000
Phase 4.1.1.1 BUFG Insertion | Checksum: 14b4dc7ad

Time (s): cpu = 00:00:48 ; elapsed = 00:00:24 . Memory (MB): peak = 2861.578 ; gain = 0.000

Phase 4.1.1.2 Post Placement Timing Optimization
INFO: [Place 30-746] Post Placement Timing Summary WNS=0.362. For the most accurate timing information please run report_timing.
Phase 4.1.1.2 Post Placement Timing Optimization | Checksum: 21b2cd21e

Time (s): cpu = 00:02:25 ; elapsed = 00:02:06 . Memory (MB): peak = 2861.578 ; gain = 0.000

Time (s): cpu = 00:02:25 ; elapsed = 00:02:06 . Memory (MB): peak = 2861.578 ; gain = 0.000
Phase 4.1 Post Commit Optimization | Checksum: 21b2cd21e

Time (s): cpu = 00:02:25 ; elapsed = 00:02:06 . Memory (MB): peak = 2861.578 ; gain = 0.000

Phase 4.2 Post Placement Cleanup
Phase 4.2 Post Placement Cleanup | Checksum: 21b2cd21e

Time (s): cpu = 00:02:25 ; elapsed = 00:02:06 . Memory (MB): peak = 2861.578 ; gain = 0.000

Phase 4.3 Placer Reporting

Phase 4.3.1 Print Estimated Congestion
INFO: [Place 30-612] Post-Placement Estimated Congestion 
 ____________________________________________________
|           | Global Congestion | Short Congestion  |
| Direction | Region Size       | Region Size       |
|___________|___________________|___________________|
|      North|                1x1|                1x1|
|___________|___________________|___________________|
|      South|                1x1|                4x4|
|___________|___________________|___________________|
|       East|                1x1|                1x1|
|___________|___________________|___________________|
|       West|                1x1|                1x1|
|___________|___________________|___________________|

Phase 4.3.1 Print Estimated Congestion | Checksum: 21b2cd21e

Time (s): cpu = 00:02:25 ; elapsed = 00:02:06 . Memory (MB): peak = 2861.578 ; gain = 0.000
Phase 4.3 Placer Reporting | Checksum: 21b2cd21e

Time (s): cpu = 00:02:26 ; elapsed = 00:02:06 . Memory (MB): peak = 2861.578 ; gain = 0.000

Phase 4.4 Final Placement Cleanup
Netlist sorting complete. Time (s): cpu = 00:00:00 ; elapsed = 00:00:00.007 . Memory (MB): peak = 2861.578 ; gain = 0.000

Time (s): cpu = 00:02:26 ; elapsed = 00:02:06 . Memory (MB): peak = 2861.578 ; gain = 0.000
Phase 4 Post Placement Optimization and Clean-Up | Checksum: 27e3145bf

Time (s): cpu = 00:02:26 ; elapsed = 00:02:06 . Memory (MB): peak = 2861.578 ; gain = 0.000
Ending Placer Task | Checksum: 1b83f1215

Time (s): cpu = 00:02:26 ; elapsed = 00:02:06 . Memory (MB): peak = 2861.578 ; gain = 0.000
578 Infos, 249 Warnings, 0 Critical Warnings and 0 Errors encountered.
place_design completed successfully
place_design: Time (s): cpu = 00:02:31 ; elapsed = 00:02:08 . Memory (MB): peak = 2861.578 ; gain = 0.000
Command: phys_opt_design
Attempting to get a license for feature 'Implementation' and/or device 'xc7z010'
INFO: [Common 17-349] Got license for feature 'Implementation' and/or device 'xc7z010'

Starting Initial Update Timing Task

Time (s): cpu = 00:00:03 ; elapsed = 00:00:00.927 . Memory (MB): peak = 2861.578 ; gain = 0.000
INFO: [Vivado_Tcl 4-2279] Estimated Timing Summary | WNS= 0.362 | TNS= 0.000 | 
INFO: [Vivado_Tcl 4-383] Design worst setup slack (WNS) is greater than or equal to 0.000 ns. All physical synthesis setup optimizations will be skipped.
INFO: [Vivado_Tcl 4-232] No setup violation found. The netlist was not modified.
INFO: [Common 17-83] Releasing license: Implementation
583 Infos, 249 Warnings, 0 Critical Warnings and 0 Errors encountered.
phys_opt_design completed successfully
Command: route_design
Attempting to get a license for feature 'Implementation' and/or device 'xc7z010'
INFO: [Common 17-349] Got license for feature 'Implementation' and/or device 'xc7z010'


Starting Routing Task
INFO: [Route 35-254] Multithreading enabled for route_design using a maximum of 4 CPUs

Phase 1 Build RT Design
Checksum: PlaceDB: b991cdda ConstDB: 0 ShapeSum: 9514ed10 RouteDB: 6998572b
Post Restoration Checksum: NetGraph: fee7cdec | NumContArr: 93b227da | Constraints: c2a8fa9d | Timing: c2a8fa9d
Phase 1 Build RT Design | Checksum: 317ebeb00

Time (s): cpu = 00:00:25 ; elapsed = 00:00:22 . Memory (MB): peak = 2861.578 ; gain = 0.000

Phase 2 Router Initialization

Phase 2.1 Fix Topology Constraints
Phase 2.1 Fix Topology Constraints | Checksum: 317ebeb00

Time (s): cpu = 00:00:25 ; elapsed = 00:00:22 . Memory (MB): peak = 2861.578 ; gain = 0.000

Phase 2.2 Pre Route Cleanup
Phase 2.2 Pre Route Cleanup | Checksum: 317ebeb00

Time (s): cpu = 00:00:25 ; elapsed = 00:00:22 . Memory (MB): peak = 2861.578 ; gain = 0.000
 Number of Nodes with overlaps = 0

Phase 2.3 Update Timing
Phase 2.3 Update Timing | Checksum: 1d218a4b2

Time (s): cpu = 00:00:30 ; elapsed = 00:00:24 . Memory (MB): peak = 2861.578 ; gain = 0.000
INFO: [Route 35-416] Intermediate Timing Summary | WNS=0.528  | TNS=0.000  | WHS=-2.672 | THS=-476.866|


Phase 2.4 Update Timing for Bus Skew

Phase 2.4.1 Update Timing
Phase 2.4.1 Update Timing | Checksum: 159867d59

Time (s): cpu = 00:00:33 ; elapsed = 00:00:25 . Memory (MB): peak = 2861.578 ; gain = 0.000
INFO: [Route 35-416] Intermediate Timing Summary | WNS=0.528  | TNS=0.000  | WHS=-6.403 | THS=-52.903|

Phase 2.4 Update Timing for Bus Skew | Checksum: 231269846

Time (s): cpu = 00:00:34 ; elapsed = 00:00:25 . Memory (MB): peak = 2861.578 ; gain = 0.000

Phase 2.5 Soft Constraint Pins - Fast Budgeting
Phase 2.5 Soft Constraint Pins - Fast Budgeting | Checksum: 231269846

Time (s): cpu = 00:00:34 ; elapsed = 00:00:25 . Memory (MB): peak = 2861.578 ; gain = 0.000

Router Utilization Summary
  Global Vertical Routing Utilization    = 0 %
  Global Horizontal Routing Utilization  = 0 %
  Routable Net Status*
  *Does not include unroutable nets such as driverless and loadless.
  Run report_route_status for detailed report.
  Number of Failed Nets               = 4497
    (Failed Nets is the sum of unrouted and partially routed nets)
  Number of Unrouted Nets             = 4497
  Number of Partially Routed Nets     = 0
  Number of Node Overlaps             = 0

Phase 2 Router Initialization | Checksum: 16583719f

Time (s): cpu = 00:00:34 ; elapsed = 00:00:25 . Memory (MB): peak = 2861.578 ; gain = 0.000

Phase 3 Global Routing
Phase 3 Global Routing | Checksum: 16583719f

Time (s): cpu = 00:00:34 ; elapsed = 00:00:25 . Memory (MB): peak = 2861.578 ; gain = 0.000

Phase 4 Initial Routing

Phase 4.1 Initial Net Routing Pass
Phase 4.1 Initial Net Routing Pass | Checksum: 22445ddbe

Time (s): cpu = 00:00:36 ; elapsed = 00:00:26 . Memory (MB): peak = 2861.578 ; gain = 0.000
Phase 4 Initial Routing | Checksum: 22445ddbe

Time (s): cpu = 00:00:36 ; elapsed = 00:00:26 . Memory (MB): peak = 2861.578 ; gain = 0.000

Phase 5 Rip-up And Reroute

Phase 5.1 Global Iteration 0
 Number of Nodes with overlaps = 172
 Number of Nodes with overlaps = 1
 Number of Nodes with overlaps = 0
INFO: [Route 35-416] Intermediate Timing Summary | WNS=0.429  | TNS=0.000  | WHS=N/A    | THS=N/A    |

Phase 5.1 Global Iteration 0 | Checksum: 2323efa41

Time (s): cpu = 00:00:40 ; elapsed = 00:00:27 . Memory (MB): peak = 2861.578 ; gain = 0.000

Phase 5.2 Global Iteration 1
 Number of Nodes with overlaps = 0
INFO: [Route 35-416] Intermediate Timing Summary | WNS=0.429  | TNS=0.000  | WHS=N/A    | THS=N/A    |

Phase 5.2 Global Iteration 1 | Checksum: 1fe75ee24

Time (s): cpu = 00:00:41 ; elapsed = 00:00:27 . Memory (MB): peak = 2861.578 ; gain = 0.000
Phase 5 Rip-up And Reroute | Checksum: 1fe75ee24

Time (s): cpu = 00:00:41 ; elapsed = 00:00:27 . Memory (MB): peak = 2861.578 ; gain = 0.000

Phase 6 Delay and Skew Optimization

Phase 6.1 Delay CleanUp
Phase 6.1 Delay CleanUp | Checksum: 1fe75ee24

Time (s): cpu = 00:00:41 ; elapsed = 00:00:27 . Memory (MB): peak = 2861.578 ; gain = 0.000

Phase 6.2 Clock Skew Optimization
Phase 6.2 Clock Skew Optimization | Checksum: 1fe75ee24

Time (s): cpu = 00:00:41 ; elapsed = 00:00:28 . Memory (MB): peak = 2861.578 ; gain = 0.000
Phase 6 Delay and Skew Optimization | Checksum: 1fe75ee24

Time (s): cpu = 00:00:41 ; elapsed = 00:00:28 . Memory (MB): peak = 2861.578 ; gain = 0.000

Phase 7 Post Hold Fix

Phase 7.1 Hold Fix Iter
INFO: [Route 35-416] Intermediate Timing Summary | WNS=0.429  | TNS=0.000  | WHS=-0.803 | THS=-0.803 |

Phase 7.1 Hold Fix Iter | Checksum: 256e3f42d

Time (s): cpu = 00:00:42 ; elapsed = 00:00:28 . Memory (MB): peak = 2861.578 ; gain = 0.000

Phase 7.2 Non Free Resource Hold Fix Iter
Phase 7.2 Non Free Resource Hold Fix Iter | Checksum: 267b9a575

Time (s): cpu = 00:00:42 ; elapsed = 00:00:28 . Memory (MB): peak = 2861.578 ; gain = 0.000
Phase 7 Post Hold Fix | Checksum: 267b9a575

Time (s): cpu = 00:00:42 ; elapsed = 00:00:28 . Memory (MB): peak = 2861.578 ; gain = 0.000

Phase 8 Route finalize

Router Utilization Summary
  Global Vertical Routing Utilization    = 2.03941 %
  Global Horizontal Routing Utilization  = 3.31916 %
  Routable Net Status*
  *Does not include unroutable nets such as driverless and loadless.
  Run report_route_status for detailed report.
  Number of Failed Nets               = 0
    (Failed Nets is the sum of unrouted and partially routed nets)
  Number of Unrouted Nets             = 0
  Number of Partially Routed Nets     = 0
  Number of Node Overlaps             = 0

Phase 8 Route finalize | Checksum: 267b9a575

Time (s): cpu = 00:00:42 ; elapsed = 00:00:28 . Memory (MB): peak = 2861.578 ; gain = 0.000

Phase 9 Verifying routed nets

 Verification completed successfully
Phase 9 Verifying routed nets | Checksum: 267b9a575

Time (s): cpu = 00:00:42 ; elapsed = 00:00:28 . Memory (MB): peak = 2861.578 ; gain = 0.000

Phase 10 Depositing Routes
Phase 10 Depositing Routes | Checksum: 2292baa57

Time (s): cpu = 00:00:43 ; elapsed = 00:00:29 . Memory (MB): peak = 2861.578 ; gain = 0.000

Phase 11 Post Process Routing
Phase 11 Post Process Routing | Checksum: 2292baa57

Time (s): cpu = 00:00:43 ; elapsed = 00:00:29 . Memory (MB): peak = 2861.578 ; gain = 0.000

Phase 12 Post Router Timing

Phase 12.1 Update Timing
Phase 12.1 Update Timing | Checksum: 2292baa57

Time (s): cpu = 00:00:44 ; elapsed = 00:00:29 . Memory (MB): peak = 2861.578 ; gain = 0.000
INFO: [Route 35-57] Estimated Timing Summary | WNS=0.429  | TNS=0.000  | WHS=0.015  | THS=0.000  |

INFO: [Route 35-327] The final timing numbers are based on the router estimated timing analysis. For a complete and accurate timing signoff, please run report_timing_summary.
Phase 12 Post Router Timing | Checksum: 2292baa57

Time (s): cpu = 00:00:44 ; elapsed = 00:00:29 . Memory (MB): peak = 2861.578 ; gain = 0.000
Total Elapsed time in route_design: 28.968 secs

Phase 13 Post-Route Event Processing
Phase 13 Post-Route Event Processing | Checksum: 13873d2a8

Time (s): cpu = 00:00:44 ; elapsed = 00:00:29 . Memory (MB): peak = 2861.578 ; gain = 0.000
INFO: [Route 35-16] Router Completed Successfully
Ending Routing Task | Checksum: 13873d2a8

Time (s): cpu = 00:00:44 ; elapsed = 00:00:29 . Memory (MB): peak = 2861.578 ; gain = 0.000

Routing Is Done.
INFO: [Common 17-83] Releasing license: Implementation
594 Infos, 249 Warnings, 0 Critical Warnings and 0 Errors encountered.
route_design completed successfully
route_design: Time (s): cpu = 00:00:44 ; elapsed = 00:00:29 . Memory (MB): peak = 2861.578 ; gain = 0.000
INFO: [Timing 38-480] Writing timing data to binary archive.
Wrote PlaceDB: Time (s): cpu = 00:00:00 ; elapsed = 00:00:00 . Memory (MB): peak = 2861.578 ; gain = 0.000
Wrote PulsedLatchDB: Time (s): cpu = 00:00:00 ; elapsed = 00:00:00 . Memory (MB): peak = 2861.578 ; gain = 0.000
Writing XDEF routing.
Write ShapeDB Complete: Time (s): cpu = 00:00:00 ; elapsed = 00:00:00.036 . Memory (MB): peak = 2861.578 ; gain = 0.000
Writing XDEF routing logical nets.
Writing XDEF routing special nets.
Wrote RouteStorage: Time (s): cpu = 00:00:01 ; elapsed = 00:00:00.153 . Memory (MB): peak = 2861.578 ; gain = 0.000
Wrote PlaceStorage: Time (s): cpu = 00:00:01 ; elapsed = 00:00:00.470 . Memory (MB): peak = 2861.578 ; gain = 0.000
Wrote Netlist Cache: Time (s): cpu = 00:00:00 ; elapsed = 00:00:00.016 . Memory (MB): peak = 2861.578 ; gain = 0.000
Wrote Device Cache: Time (s): cpu = 00:00:00 ; elapsed = 00:00:00.026 . Memory (MB): peak = 2861.578 ; gain = 0.000
Write Physdb Complete: Time (s): cpu = 00:00:02 ; elapsed = 00:00:00.689 . Memory (MB): peak = 2861.578 ; gain = 0.000
INFO: [Common 17-1381] The checkpoint 'D:/codex_project/sonofield/v3/evidence/task001b/slave/routed.dcp' has been generated.
INFO: [Timing 38-91] UpdateTimingParams: Speed grade: -1, Delay Type: min_max.
INFO: [Timing 38-191] Multithreading enabled for timing update using a maximum of 4 CPUs
WARNING: [Timing 38-436] There are set_bus_skew constraint(s) in this design. Please run report_bus_skew to ensure that bus skew requirements are met.
INFO: [Timing 38-91] UpdateTimingParams: Speed grade: -1, Delay Type: max.
INFO: [Timing 38-191] Multithreading enabled for timing update using a maximum of 4 CPUs
INFO: [Timing 38-78] ReportTimingParams: -max_paths 10 -nworst 1 -delay_type max -sort_by slack.
INFO: [Timing 38-91] UpdateTimingParams: Speed grade: -1, Delay Type: min.
INFO: [Timing 38-191] Multithreading enabled for timing update using a maximum of 4 CPUs
INFO: [Timing 38-78] ReportTimingParams: -max_paths 10 -nworst 1 -delay_type min -sort_by slack.
INFO: [Timing 38-91] UpdateTimingParams: Speed grade: -1, Delay Type: min_max.
INFO: [Timing 38-191] Multithreading enabled for timing update using a maximum of 4 CPUs
INFO: [Timing 38-91] UpdateTimingParams: Speed grade: -1, Delay Type: min_max.
INFO: [Timing 38-191] Multithreading enabled for timing update using a maximum of 4 CPUs
INFO: [Timing 38-314] The report_cdc command only analyzes and reports clock domain crossing paths where clocks have been defined on both source and destination sides. Ports with no input delay constraint are skipped. Please run check_timing to verify there are no missing clock definitions in your design, nor any unconstrained input port.
Command: report_drc -file D:/codex_project/sonofield/v3/evidence/task001b/slave/drc.rpt
INFO: [IP_Flow 19-1839] IP Catalog is up to date.
INFO: [DRC 23-27] Running DRC with 4 threads
INFO: [Vivado_Tcl 2-168] The results of DRC are in file D:/codex_project/sonofield/v3/evidence/task001b/slave/drc.rpt.
report_drc completed successfully
Command: report_methodology -file D:/codex_project/sonofield/v3/evidence/task001b/slave/methodology.rpt
INFO: [Timing 38-35] Done setting XDC timing constraints.
INFO: [DRC 23-133] Running Methodology with 4 threads
INFO: [Vivado_Tcl 2-1520] The results of Report Methodology are in file D:/codex_project/sonofield/v3/evidence/task001b/slave/methodology.rpt.
report_methodology completed successfully
report_io: Time (s): cpu = 00:00:00 ; elapsed = 00:00:00.202 . Memory (MB): peak = 2861.578 ; gain = 0.000
INFO: [Timing 38-35] Done setting XDC timing constraints.
INFO: [Timing 38-91] UpdateTimingParams: Speed grade: -1, Delay Type: max.
INFO: [Timing 38-191] Multithreading enabled for timing update using a maximum of 4 CPUs
WARNING: [Timing 38-164] This design has multiple clocks. Inter clock paths are considered valid unless explicitly excluded by timing constraints such as set_clock_groups or set_false_path.
WARNING: [Vivado_Tcl 4-49] No violations matched 'SEVERITY == Error'.
INFO: [Common 17-206] Exiting Vivado at Fri Oct  2 20:52:45 2026...
