Copyright 1986-2022 Xilinx, Inc. All Rights Reserved. Copyright 2022-2025 Advanced Micro Devices, Inc. All Rights Reserved.
-----------------------------------------------------------------------------------------------------------------------------------------------------------------------------------------------
| Tool Version : Vivado v.2025.2 (win64) Build 6299465 Fri Nov 14 19:35:11 GMT 2025
| Date         : Tue Sep 29 23:42:34 2026
| Host         : LAPTOP-V3PP2F49 running 64-bit major release  (build 9200)
| Command      : report_cdc -details -file C:/Users/BELYA/Documents/Codex/2026-09-29/https-github-com-loverlike1216-sonofield-fpga/outputs/sonofield-v3/v3/evidence/task001/ebaz_slave/cdc.rpt
| Design       : ebaz_slave
| Device       : 7z010-clg400
| Speed File   : -1  PRODUCTION 1.12 2019-11-22
| Design State : Routed
-----------------------------------------------------------------------------------------------------------------------------------------------------------------------------------------------

CDC Report

ID      Severity  Count  Description
------  --------  -----  --------------------------------------------------
CDC-1   Critical     82  1-bit unknown CDC circuitry
CDC-3   Info          1  1-bit synchronized with ASYNC_REG property
CDC-10  Critical      1  Combinational logic detected before a synchronizer
CDC-15  Warning     508  Clock enable controlled CDC structure detected

Source Clock: local50
Destination Clock: g_hw.mmcm_clk
CDC Type: No Common Primary Clock

Row  ID      Severity  Description                                         Depth  Exception  Source (From)             Destination (To)
---  ------  --------  --------------------------------------------------  -----  ---------  ------------------------  ------------------------------------------------------
  1  CDC-1   Critical  1-bit unknown CDC circuitry                             0  None       rst_n                     core/g_slave.clock_heartbeat_reg[0]/R
  2  CDC-1   Critical  1-bit unknown CDC circuitry                             0  None       rst_n                     core/g_slave.clock_heartbeat_reg[1]/R
  3  CDC-1   Critical  1-bit unknown CDC circuitry                             0  None       rst_n                     core/g_slave.clock_heartbeat_reg[2]/R
  4  CDC-1   Critical  1-bit unknown CDC circuitry                             0  None       rst_n                     core/g_slave.clock_heartbeat_reg[3]/R
  5  CDC-1   Critical  1-bit unknown CDC circuitry                             0  None       rst_n                     core/g_slave.clock_heartbeat_reg[4]/R
  6  CDC-15  Warning   Clock enable controlled CDC structure detected          0  None       core/g_slave.alive_reg/C  core/g_slave.receiver/age_reg[0]/R
  7  CDC-15  Warning   Clock enable controlled CDC structure detected          0  None       core/g_slave.alive_reg/C  core/g_slave.receiver/age_reg[1]/R
  8  CDC-15  Warning   Clock enable controlled CDC structure detected          0  None       core/g_slave.alive_reg/C  core/g_slave.receiver/age_reg[2]/R
  9  CDC-15  Warning   Clock enable controlled CDC structure detected          0  None       core/g_slave.alive_reg/C  core/g_slave.receiver/age_reg[3]/R
 10  CDC-15  Warning   Clock enable controlled CDC structure detected          0  None       core/g_slave.alive_reg/C  core/g_slave.receiver/age_reg[4]/R
 11  CDC-15  Warning   Clock enable controlled CDC structure detected          0  None       core/g_slave.alive_reg/C  core/g_slave.receiver/age_reg[5]/R
 12  CDC-15  Warning   Clock enable controlled CDC structure detected          0  None       core/g_slave.alive_reg/C  core/g_slave.receiver/age_reg[6]/R
 13  CDC-15  Warning   Clock enable controlled CDC structure detected          0  None       core/g_slave.alive_reg/C  core/g_slave.receiver/age_reg[7]/R
 14  CDC-15  Warning   Clock enable controlled CDC structure detected          0  None       core/g_slave.alive_reg/C  core/g_slave.receiver/age_reg[8]/R
 15  CDC-15  Warning   Clock enable controlled CDC structure detected          0  None       core/g_slave.alive_reg/C  core/g_slave.receiver/age_reg[9]/R
 16  CDC-15  Warning   Clock enable controlled CDC structure detected          0  None       core/g_slave.alive_reg/C  core/g_slave.receiver/age_reg[10]/R
 17  CDC-15  Warning   Clock enable controlled CDC structure detected          0  None       core/g_slave.alive_reg/C  core/g_slave.receiver/age_reg[11]/R
 18  CDC-15  Warning   Clock enable controlled CDC structure detected          0  None       core/g_slave.alive_reg/C  core/g_slave.receiver/age_reg[12]/R
 19  CDC-1   Critical  1-bit unknown CDC circuitry                             0  None       core/g_slave.alive_reg/C  core/g_slave.receiver/counter/timestamp_reg[0]/R
 20  CDC-1   Critical  1-bit unknown CDC circuitry                             0  None       core/g_slave.alive_reg/C  core/g_slave.receiver/counter/timestamp_reg[1]/R
 21  CDC-1   Critical  1-bit unknown CDC circuitry                             0  None       core/g_slave.alive_reg/C  core/g_slave.receiver/counter/timestamp_reg[2]/R
 22  CDC-1   Critical  1-bit unknown CDC circuitry                             0  None       core/g_slave.alive_reg/C  core/g_slave.receiver/counter/timestamp_reg[3]/R
 23  CDC-1   Critical  1-bit unknown CDC circuitry                             0  None       core/g_slave.alive_reg/C  core/g_slave.receiver/counter/timestamp_reg[4]/R
 24  CDC-1   Critical  1-bit unknown CDC circuitry                             0  None       core/g_slave.alive_reg/C  core/g_slave.receiver/counter/timestamp_reg[5]/R
 25  CDC-1   Critical  1-bit unknown CDC circuitry                             0  None       core/g_slave.alive_reg/C  core/g_slave.receiver/counter/timestamp_reg[6]/R
 26  CDC-1   Critical  1-bit unknown CDC circuitry                             0  None       core/g_slave.alive_reg/C  core/g_slave.receiver/counter/timestamp_reg[7]/R
 27  CDC-1   Critical  1-bit unknown CDC circuitry                             0  None       core/g_slave.alive_reg/C  core/g_slave.receiver/counter/timestamp_reg[8]/R
 28  CDC-1   Critical  1-bit unknown CDC circuitry                             0  None       core/g_slave.alive_reg/C  core/g_slave.receiver/counter/timestamp_reg[9]/R
 29  CDC-1   Critical  1-bit unknown CDC circuitry                             0  None       core/g_slave.alive_reg/C  core/g_slave.receiver/counter/timestamp_reg[10]/R
 30  CDC-1   Critical  1-bit unknown CDC circuitry                             0  None       core/g_slave.alive_reg/C  core/g_slave.receiver/counter/timestamp_reg[11]/R
 31  CDC-1   Critical  1-bit unknown CDC circuitry                             0  None       core/g_slave.alive_reg/C  core/g_slave.receiver/counter/timestamp_reg[12]/R
 32  CDC-1   Critical  1-bit unknown CDC circuitry                             0  None       core/g_slave.alive_reg/C  core/g_slave.receiver/counter/timestamp_reg[13]/R
 33  CDC-1   Critical  1-bit unknown CDC circuitry                             0  None       core/g_slave.alive_reg/C  core/g_slave.receiver/counter/timestamp_reg[14]/R
 34  CDC-1   Critical  1-bit unknown CDC circuitry                             0  None       core/g_slave.alive_reg/C  core/g_slave.receiver/counter/timestamp_reg[15]/R
 35  CDC-1   Critical  1-bit unknown CDC circuitry                             0  None       core/g_slave.alive_reg/C  core/g_slave.receiver/counter/timestamp_reg[16]/R
 36  CDC-1   Critical  1-bit unknown CDC circuitry                             0  None       core/g_slave.alive_reg/C  core/g_slave.receiver/counter/timestamp_reg[17]/R
 37  CDC-1   Critical  1-bit unknown CDC circuitry                             0  None       core/g_slave.alive_reg/C  core/g_slave.receiver/counter/timestamp_reg[18]/R
 38  CDC-1   Critical  1-bit unknown CDC circuitry                             0  None       core/g_slave.alive_reg/C  core/g_slave.receiver/counter/timestamp_reg[19]/R
 39  CDC-1   Critical  1-bit unknown CDC circuitry                             0  None       core/g_slave.alive_reg/C  core/g_slave.receiver/counter/timestamp_reg[20]/R
 40  CDC-1   Critical  1-bit unknown CDC circuitry                             0  None       core/g_slave.alive_reg/C  core/g_slave.receiver/counter/timestamp_reg[21]/R
 41  CDC-1   Critical  1-bit unknown CDC circuitry                             0  None       core/g_slave.alive_reg/C  core/g_slave.receiver/counter/timestamp_reg[22]/R
 42  CDC-1   Critical  1-bit unknown CDC circuitry                             0  None       core/g_slave.alive_reg/C  core/g_slave.receiver/counter/timestamp_reg[23]/R
 43  CDC-1   Critical  1-bit unknown CDC circuitry                             0  None       core/g_slave.alive_reg/C  core/g_slave.receiver/counter/timestamp_reg[24]/R
 44  CDC-1   Critical  1-bit unknown CDC circuitry                             0  None       core/g_slave.alive_reg/C  core/g_slave.receiver/counter/timestamp_reg[25]/R
 45  CDC-1   Critical  1-bit unknown CDC circuitry                             0  None       core/g_slave.alive_reg/C  core/g_slave.receiver/counter/timestamp_reg[26]/R
 46  CDC-1   Critical  1-bit unknown CDC circuitry                             0  None       core/g_slave.alive_reg/C  core/g_slave.receiver/counter/timestamp_reg[27]/R
 47  CDC-1   Critical  1-bit unknown CDC circuitry                             0  None       core/g_slave.alive_reg/C  core/g_slave.receiver/counter/timestamp_reg[28]/R
 48  CDC-1   Critical  1-bit unknown CDC circuitry                             0  None       core/g_slave.alive_reg/C  core/g_slave.receiver/counter/timestamp_reg[29]/R
 49  CDC-1   Critical  1-bit unknown CDC circuitry                             0  None       core/g_slave.alive_reg/C  core/g_slave.receiver/counter/timestamp_reg[30]/R
 50  CDC-1   Critical  1-bit unknown CDC circuitry                             0  None       core/g_slave.alive_reg/C  core/g_slave.receiver/counter/timestamp_reg[31]/R
 51  CDC-1   Critical  1-bit unknown CDC circuitry                             0  None       core/g_slave.alive_reg/C  core/g_slave.receiver/counter/timestamp_reg[32]/R
 52  CDC-1   Critical  1-bit unknown CDC circuitry                             0  None       core/g_slave.alive_reg/C  core/g_slave.receiver/counter/timestamp_reg[33]/R
 53  CDC-1   Critical  1-bit unknown CDC circuitry                             0  None       core/g_slave.alive_reg/C  core/g_slave.receiver/counter/timestamp_reg[34]/R
 54  CDC-1   Critical  1-bit unknown CDC circuitry                             0  None       core/g_slave.alive_reg/C  core/g_slave.receiver/counter/timestamp_reg[35]/R
 55  CDC-1   Critical  1-bit unknown CDC circuitry                             0  None       core/g_slave.alive_reg/C  core/g_slave.receiver/counter/timestamp_reg[36]/R
 56  CDC-1   Critical  1-bit unknown CDC circuitry                             0  None       core/g_slave.alive_reg/C  core/g_slave.receiver/counter/timestamp_reg[37]/R
 57  CDC-1   Critical  1-bit unknown CDC circuitry                             0  None       core/g_slave.alive_reg/C  core/g_slave.receiver/counter/timestamp_reg[38]/R
 58  CDC-1   Critical  1-bit unknown CDC circuitry                             0  None       core/g_slave.alive_reg/C  core/g_slave.receiver/counter/timestamp_reg[39]/R
 59  CDC-1   Critical  1-bit unknown CDC circuitry                             0  None       core/g_slave.alive_reg/C  core/g_slave.receiver/counter/timestamp_reg[40]/R
 60  CDC-1   Critical  1-bit unknown CDC circuitry                             0  None       core/g_slave.alive_reg/C  core/g_slave.receiver/counter/timestamp_reg[41]/R
 61  CDC-1   Critical  1-bit unknown CDC circuitry                             0  None       core/g_slave.alive_reg/C  core/g_slave.receiver/counter/timestamp_reg[42]/R
 62  CDC-1   Critical  1-bit unknown CDC circuitry                             0  None       core/g_slave.alive_reg/C  core/g_slave.receiver/counter/timestamp_reg[43]/R
 63  CDC-1   Critical  1-bit unknown CDC circuitry                             0  None       core/g_slave.alive_reg/C  core/g_slave.receiver/counter/timestamp_reg[44]/R
 64  CDC-1   Critical  1-bit unknown CDC circuitry                             0  None       core/g_slave.alive_reg/C  core/g_slave.receiver/counter/timestamp_reg[45]/R
 65  CDC-1   Critical  1-bit unknown CDC circuitry                             0  None       core/g_slave.alive_reg/C  core/g_slave.receiver/counter/timestamp_reg[46]/R
 66  CDC-1   Critical  1-bit unknown CDC circuitry                             0  None       core/g_slave.alive_reg/C  core/g_slave.receiver/counter/timestamp_reg[47]/R
 67  CDC-1   Critical  1-bit unknown CDC circuitry                             0  None       core/g_slave.alive_reg/C  core/g_slave.receiver/counter/timestamp_reg[48]/R
 68  CDC-1   Critical  1-bit unknown CDC circuitry                             0  None       core/g_slave.alive_reg/C  core/g_slave.receiver/counter/timestamp_reg[49]/R
 69  CDC-1   Critical  1-bit unknown CDC circuitry                             0  None       core/g_slave.alive_reg/C  core/g_slave.receiver/counter/timestamp_reg[50]/R
 70  CDC-1   Critical  1-bit unknown CDC circuitry                             0  None       core/g_slave.alive_reg/C  core/g_slave.receiver/counter/timestamp_reg[51]/R
 71  CDC-1   Critical  1-bit unknown CDC circuitry                             0  None       core/g_slave.alive_reg/C  core/g_slave.receiver/counter/timestamp_reg[52]/R
 72  CDC-1   Critical  1-bit unknown CDC circuitry                             0  None       core/g_slave.alive_reg/C  core/g_slave.receiver/counter/timestamp_reg[53]/R
 73  CDC-1   Critical  1-bit unknown CDC circuitry                             0  None       core/g_slave.alive_reg/C  core/g_slave.receiver/counter/timestamp_reg[54]/R
 74  CDC-1   Critical  1-bit unknown CDC circuitry                             0  None       core/g_slave.alive_reg/C  core/g_slave.receiver/counter/timestamp_reg[55]/R
 75  CDC-1   Critical  1-bit unknown CDC circuitry                             0  None       core/g_slave.alive_reg/C  core/g_slave.receiver/counter/timestamp_reg[56]/R
 76  CDC-1   Critical  1-bit unknown CDC circuitry                             0  None       core/g_slave.alive_reg/C  core/g_slave.receiver/counter/timestamp_reg[57]/R
 77  CDC-1   Critical  1-bit unknown CDC circuitry                             0  None       core/g_slave.alive_reg/C  core/g_slave.receiver/counter/timestamp_reg[58]/R
 78  CDC-1   Critical  1-bit unknown CDC circuitry                             0  None       core/g_slave.alive_reg/C  core/g_slave.receiver/counter/timestamp_reg[59]/R
 79  CDC-1   Critical  1-bit unknown CDC circuitry                             0  None       core/g_slave.alive_reg/C  core/g_slave.receiver/counter/timestamp_reg[60]/R
 80  CDC-1   Critical  1-bit unknown CDC circuitry                             0  None       core/g_slave.alive_reg/C  core/g_slave.receiver/counter/timestamp_reg[61]/R
 81  CDC-1   Critical  1-bit unknown CDC circuitry                             0  None       core/g_slave.alive_reg/C  core/g_slave.receiver/counter/timestamp_reg[62]/R
 82  CDC-1   Critical  1-bit unknown CDC circuitry                             0  None       core/g_slave.alive_reg/C  core/g_slave.receiver/counter/timestamp_reg[63]/R
 83  CDC-15  Warning   Clock enable controlled CDC structure detected          0  None       core/g_slave.alive_reg/C  core/g_slave.receiver/crc_errors_reg[0]/R
 84  CDC-15  Warning   Clock enable controlled CDC structure detected          0  None       core/g_slave.alive_reg/C  core/g_slave.receiver/crc_errors_reg[1]/R
 85  CDC-15  Warning   Clock enable controlled CDC structure detected          0  None       core/g_slave.alive_reg/C  core/g_slave.receiver/crc_errors_reg[2]/R
 86  CDC-15  Warning   Clock enable controlled CDC structure detected          0  None       core/g_slave.alive_reg/C  core/g_slave.receiver/crc_errors_reg[3]/R
 87  CDC-15  Warning   Clock enable controlled CDC structure detected          0  None       core/g_slave.alive_reg/C  core/g_slave.receiver/crc_errors_reg[4]/R
 88  CDC-15  Warning   Clock enable controlled CDC structure detected          0  None       core/g_slave.alive_reg/C  core/g_slave.receiver/crc_errors_reg[5]/R
 89  CDC-15  Warning   Clock enable controlled CDC structure detected          0  None       core/g_slave.alive_reg/C  core/g_slave.receiver/crc_errors_reg[6]/R
 90  CDC-15  Warning   Clock enable controlled CDC structure detected          0  None       core/g_slave.alive_reg/C  core/g_slave.receiver/crc_errors_reg[7]/R
 91  CDC-15  Warning   Clock enable controlled CDC structure detected          0  None       core/g_slave.alive_reg/C  core/g_slave.receiver/crc_errors_reg[8]/R
 92  CDC-15  Warning   Clock enable controlled CDC structure detected          0  None       core/g_slave.alive_reg/C  core/g_slave.receiver/crc_errors_reg[9]/R
 93  CDC-15  Warning   Clock enable controlled CDC structure detected          0  None       core/g_slave.alive_reg/C  core/g_slave.receiver/crc_errors_reg[10]/R
 94  CDC-15  Warning   Clock enable controlled CDC structure detected          0  None       core/g_slave.alive_reg/C  core/g_slave.receiver/crc_errors_reg[11]/R
 95  CDC-15  Warning   Clock enable controlled CDC structure detected          0  None       core/g_slave.alive_reg/C  core/g_slave.receiver/crc_errors_reg[12]/R
 96  CDC-15  Warning   Clock enable controlled CDC structure detected          0  None       core/g_slave.alive_reg/C  core/g_slave.receiver/crc_errors_reg[13]/R
 97  CDC-15  Warning   Clock enable controlled CDC structure detected          0  None       core/g_slave.alive_reg/C  core/g_slave.receiver/crc_errors_reg[14]/R
 98  CDC-15  Warning   Clock enable controlled CDC structure detected          0  None       core/g_slave.alive_reg/C  core/g_slave.receiver/crc_errors_reg[15]/R
 99  CDC-15  Warning   Clock enable controlled CDC structure detected          0  None       core/g_slave.alive_reg/C  core/g_slave.receiver/crc_errors_reg[16]/R
100  CDC-15  Warning   Clock enable controlled CDC structure detected          0  None       core/g_slave.alive_reg/C  core/g_slave.receiver/crc_errors_reg[17]/R
101  CDC-15  Warning   Clock enable controlled CDC structure detected          0  None       core/g_slave.alive_reg/C  core/g_slave.receiver/crc_errors_reg[18]/R
102  CDC-15  Warning   Clock enable controlled CDC structure detected          0  None       core/g_slave.alive_reg/C  core/g_slave.receiver/crc_errors_reg[19]/R
103  CDC-15  Warning   Clock enable controlled CDC structure detected          0  None       core/g_slave.alive_reg/C  core/g_slave.receiver/crc_errors_reg[20]/R
104  CDC-15  Warning   Clock enable controlled CDC structure detected          0  None       core/g_slave.alive_reg/C  core/g_slave.receiver/crc_errors_reg[21]/R
105  CDC-15  Warning   Clock enable controlled CDC structure detected          0  None       core/g_slave.alive_reg/C  core/g_slave.receiver/crc_errors_reg[22]/R
106  CDC-15  Warning   Clock enable controlled CDC structure detected          0  None       core/g_slave.alive_reg/C  core/g_slave.receiver/crc_errors_reg[23]/R
107  CDC-15  Warning   Clock enable controlled CDC structure detected          0  None       core/g_slave.alive_reg/C  core/g_slave.receiver/crc_errors_reg[24]/R
108  CDC-15  Warning   Clock enable controlled CDC structure detected          0  None       core/g_slave.alive_reg/C  core/g_slave.receiver/crc_errors_reg[25]/R
109  CDC-15  Warning   Clock enable controlled CDC structure detected          0  None       core/g_slave.alive_reg/C  core/g_slave.receiver/crc_errors_reg[26]/R
110  CDC-15  Warning   Clock enable controlled CDC structure detected          0  None       core/g_slave.alive_reg/C  core/g_slave.receiver/crc_errors_reg[27]/R
111  CDC-15  Warning   Clock enable controlled CDC structure detected          0  None       core/g_slave.alive_reg/C  core/g_slave.receiver/crc_errors_reg[28]/R
112  CDC-15  Warning   Clock enable controlled CDC structure detected          0  None       core/g_slave.alive_reg/C  core/g_slave.receiver/crc_errors_reg[29]/R
113  CDC-15  Warning   Clock enable controlled CDC structure detected          0  None       core/g_slave.alive_reg/C  core/g_slave.receiver/crc_errors_reg[30]/R
114  CDC-15  Warning   Clock enable controlled CDC structure detected          0  None       core/g_slave.alive_reg/C  core/g_slave.receiver/crc_errors_reg[31]/R
115  CDC-1   Critical  1-bit unknown CDC circuitry                             0  None       core/g_slave.alive_reg/C  core/g_slave.receiver/decoder/complete_reg_inv/D
116  CDC-15  Warning   Clock enable controlled CDC structure detected          0  None       core/g_slave.alive_reg/C  core/g_slave.receiver/decoder/count_reg[0]/R
117  CDC-15  Warning   Clock enable controlled CDC structure detected          0  None       core/g_slave.alive_reg/C  core/g_slave.receiver/decoder/count_reg[1]/R
118  CDC-15  Warning   Clock enable controlled CDC structure detected          0  None       core/g_slave.alive_reg/C  core/g_slave.receiver/decoder/count_reg[2]/R
119  CDC-15  Warning   Clock enable controlled CDC structure detected          0  None       core/g_slave.alive_reg/C  core/g_slave.receiver/decoder/count_reg[3]/R
120  CDC-15  Warning   Clock enable controlled CDC structure detected          0  None       core/g_slave.alive_reg/C  core/g_slave.receiver/decoder/count_reg[4]/R
121  CDC-15  Warning   Clock enable controlled CDC structure detected          0  None       core/g_slave.alive_reg/C  core/g_slave.receiver/decoder/count_reg[5]/R
122  CDC-15  Warning   Clock enable controlled CDC structure detected          0  None       core/g_slave.alive_reg/C  core/g_slave.receiver/decoder/count_reg[6]/R
123  CDC-15  Warning   Clock enable controlled CDC structure detected          0  None       core/g_slave.alive_reg/C  core/g_slave.receiver/decoder/count_reg[7]/R
124  CDC-15  Warning   Clock enable controlled CDC structure detected          0  None       core/g_slave.alive_reg/C  core/g_slave.receiver/decoder/crc_reg[0]/S
125  CDC-15  Warning   Clock enable controlled CDC structure detected          0  None       core/g_slave.alive_reg/C  core/g_slave.receiver/decoder/crc_reg[1]/S
126  CDC-15  Warning   Clock enable controlled CDC structure detected          0  None       core/g_slave.alive_reg/C  core/g_slave.receiver/decoder/crc_reg[2]/S
127  CDC-15  Warning   Clock enable controlled CDC structure detected          0  None       core/g_slave.alive_reg/C  core/g_slave.receiver/decoder/crc_reg[3]/S
128  CDC-15  Warning   Clock enable controlled CDC structure detected          0  None       core/g_slave.alive_reg/C  core/g_slave.receiver/decoder/crc_reg[4]/S
129  CDC-15  Warning   Clock enable controlled CDC structure detected          0  None       core/g_slave.alive_reg/C  core/g_slave.receiver/decoder/crc_reg[5]/S
130  CDC-15  Warning   Clock enable controlled CDC structure detected          0  None       core/g_slave.alive_reg/C  core/g_slave.receiver/decoder/crc_reg[6]/S
131  CDC-15  Warning   Clock enable controlled CDC structure detected          0  None       core/g_slave.alive_reg/C  core/g_slave.receiver/decoder/crc_reg[7]/S
132  CDC-15  Warning   Clock enable controlled CDC structure detected          0  None       core/g_slave.alive_reg/C  core/g_slave.receiver/decoder/crc_reg[8]/S
133  CDC-15  Warning   Clock enable controlled CDC structure detected          0  None       core/g_slave.alive_reg/C  core/g_slave.receiver/decoder/crc_reg[9]/S
134  CDC-15  Warning   Clock enable controlled CDC structure detected          0  None       core/g_slave.alive_reg/C  core/g_slave.receiver/decoder/crc_reg[10]/S
135  CDC-15  Warning   Clock enable controlled CDC structure detected          0  None       core/g_slave.alive_reg/C  core/g_slave.receiver/decoder/crc_reg[11]/S
136  CDC-15  Warning   Clock enable controlled CDC structure detected          0  None       core/g_slave.alive_reg/C  core/g_slave.receiver/decoder/crc_reg[12]/S
137  CDC-15  Warning   Clock enable controlled CDC structure detected          0  None       core/g_slave.alive_reg/C  core/g_slave.receiver/decoder/crc_reg[13]/S
138  CDC-15  Warning   Clock enable controlled CDC structure detected          0  None       core/g_slave.alive_reg/C  core/g_slave.receiver/decoder/crc_reg[14]/S
139  CDC-15  Warning   Clock enable controlled CDC structure detected          0  None       core/g_slave.alive_reg/C  core/g_slave.receiver/decoder/crc_reg[15]/S
140  CDC-1   Critical  1-bit unknown CDC circuitry                             0  None       core/g_slave.alive_reg/C  core/g_slave.receiver/decoder/frame_error_reg/D
141  CDC-1   Critical  1-bit unknown CDC circuitry                             0  None       core/g_slave.alive_reg/C  core/g_slave.receiver/decoder/frame_valid_reg/D
142  CDC-1   Critical  1-bit unknown CDC circuitry                             0  None       core/g_slave.alive_reg/C  core/g_slave.receiver/decoder/good_crc_reg/D
143  CDC-1   Critical  1-bit unknown CDC circuitry                             0  None       core/g_slave.alive_reg/C  core/g_slave.receiver/decoder/overlong_reg/D
144  CDC-15  Warning   Clock enable controlled CDC structure detected          0  None       core/g_slave.alive_reg/C  core/g_slave.receiver/decoder/payload_reg[0]/R
145  CDC-15  Warning   Clock enable controlled CDC structure detected          0  None       core/g_slave.alive_reg/C  core/g_slave.receiver/decoder/payload_reg[1]/R
146  CDC-15  Warning   Clock enable controlled CDC structure detected          0  None       core/g_slave.alive_reg/C  core/g_slave.receiver/decoder/payload_reg[2]/R
147  CDC-15  Warning   Clock enable controlled CDC structure detected          0  None       core/g_slave.alive_reg/C  core/g_slave.receiver/decoder/payload_reg[3]/R
148  CDC-15  Warning   Clock enable controlled CDC structure detected          0  None       core/g_slave.alive_reg/C  core/g_slave.receiver/decoder/payload_reg[4]/R
149  CDC-15  Warning   Clock enable controlled CDC structure detected          0  None       core/g_slave.alive_reg/C  core/g_slave.receiver/decoder/payload_reg[5]/R
150  CDC-15  Warning   Clock enable controlled CDC structure detected          0  None       core/g_slave.alive_reg/C  core/g_slave.receiver/decoder/payload_reg[6]/R
151  CDC-15  Warning   Clock enable controlled CDC structure detected          0  None       core/g_slave.alive_reg/C  core/g_slave.receiver/decoder/payload_reg[7]/R
152  CDC-15  Warning   Clock enable controlled CDC structure detected          0  None       core/g_slave.alive_reg/C  core/g_slave.receiver/decoder/payload_reg[8]/R
153  CDC-15  Warning   Clock enable controlled CDC structure detected          0  None       core/g_slave.alive_reg/C  core/g_slave.receiver/decoder/payload_reg[9]/R
154  CDC-15  Warning   Clock enable controlled CDC structure detected          0  None       core/g_slave.alive_reg/C  core/g_slave.receiver/decoder/payload_reg[10]/R
155  CDC-15  Warning   Clock enable controlled CDC structure detected          0  None       core/g_slave.alive_reg/C  core/g_slave.receiver/decoder/payload_reg[11]/R
156  CDC-15  Warning   Clock enable controlled CDC structure detected          0  None       core/g_slave.alive_reg/C  core/g_slave.receiver/decoder/payload_reg[12]/R
157  CDC-15  Warning   Clock enable controlled CDC structure detected          0  None       core/g_slave.alive_reg/C  core/g_slave.receiver/decoder/payload_reg[13]/R
158  CDC-15  Warning   Clock enable controlled CDC structure detected          0  None       core/g_slave.alive_reg/C  core/g_slave.receiver/decoder/payload_reg[14]/R
159  CDC-15  Warning   Clock enable controlled CDC structure detected          0  None       core/g_slave.alive_reg/C  core/g_slave.receiver/decoder/payload_reg[15]/R
160  CDC-15  Warning   Clock enable controlled CDC structure detected          0  None       core/g_slave.alive_reg/C  core/g_slave.receiver/decoder/payload_reg[16]/R
161  CDC-15  Warning   Clock enable controlled CDC structure detected          0  None       core/g_slave.alive_reg/C  core/g_slave.receiver/decoder/payload_reg[17]/R
162  CDC-15  Warning   Clock enable controlled CDC structure detected          0  None       core/g_slave.alive_reg/C  core/g_slave.receiver/decoder/payload_reg[18]/R
163  CDC-15  Warning   Clock enable controlled CDC structure detected          0  None       core/g_slave.alive_reg/C  core/g_slave.receiver/decoder/payload_reg[19]/R
164  CDC-15  Warning   Clock enable controlled CDC structure detected          0  None       core/g_slave.alive_reg/C  core/g_slave.receiver/decoder/payload_reg[20]/R
165  CDC-15  Warning   Clock enable controlled CDC structure detected          0  None       core/g_slave.alive_reg/C  core/g_slave.receiver/decoder/payload_reg[21]/R
166  CDC-15  Warning   Clock enable controlled CDC structure detected          0  None       core/g_slave.alive_reg/C  core/g_slave.receiver/decoder/payload_reg[22]/R
167  CDC-15  Warning   Clock enable controlled CDC structure detected          0  None       core/g_slave.alive_reg/C  core/g_slave.receiver/decoder/payload_reg[23]/R
168  CDC-15  Warning   Clock enable controlled CDC structure detected          0  None       core/g_slave.alive_reg/C  core/g_slave.receiver/decoder/payload_reg[24]/R
169  CDC-15  Warning   Clock enable controlled CDC structure detected          0  None       core/g_slave.alive_reg/C  core/g_slave.receiver/decoder/payload_reg[25]/R
170  CDC-15  Warning   Clock enable controlled CDC structure detected          0  None       core/g_slave.alive_reg/C  core/g_slave.receiver/decoder/payload_reg[26]/R
171  CDC-15  Warning   Clock enable controlled CDC structure detected          0  None       core/g_slave.alive_reg/C  core/g_slave.receiver/decoder/payload_reg[27]/R
172  CDC-15  Warning   Clock enable controlled CDC structure detected          0  None       core/g_slave.alive_reg/C  core/g_slave.receiver/decoder/payload_reg[28]/R
173  CDC-15  Warning   Clock enable controlled CDC structure detected          0  None       core/g_slave.alive_reg/C  core/g_slave.receiver/decoder/payload_reg[29]/R
174  CDC-15  Warning   Clock enable controlled CDC structure detected          0  None       core/g_slave.alive_reg/C  core/g_slave.receiver/decoder/payload_reg[30]/R
175  CDC-15  Warning   Clock enable controlled CDC structure detected          0  None       core/g_slave.alive_reg/C  core/g_slave.receiver/decoder/payload_reg[31]/R
176  CDC-15  Warning   Clock enable controlled CDC structure detected          0  None       core/g_slave.alive_reg/C  core/g_slave.receiver/decoder/payload_reg[32]/R
177  CDC-15  Warning   Clock enable controlled CDC structure detected          0  None       core/g_slave.alive_reg/C  core/g_slave.receiver/decoder/payload_reg[33]/R
178  CDC-15  Warning   Clock enable controlled CDC structure detected          0  None       core/g_slave.alive_reg/C  core/g_slave.receiver/decoder/payload_reg[34]/R
179  CDC-15  Warning   Clock enable controlled CDC structure detected          0  None       core/g_slave.alive_reg/C  core/g_slave.receiver/decoder/payload_reg[35]/R
180  CDC-15  Warning   Clock enable controlled CDC structure detected          0  None       core/g_slave.alive_reg/C  core/g_slave.receiver/decoder/payload_reg[36]/R
181  CDC-15  Warning   Clock enable controlled CDC structure detected          0  None       core/g_slave.alive_reg/C  core/g_slave.receiver/decoder/payload_reg[37]/R
182  CDC-15  Warning   Clock enable controlled CDC structure detected          0  None       core/g_slave.alive_reg/C  core/g_slave.receiver/decoder/payload_reg[38]/R
183  CDC-15  Warning   Clock enable controlled CDC structure detected          0  None       core/g_slave.alive_reg/C  core/g_slave.receiver/decoder/payload_reg[39]/R
184  CDC-15  Warning   Clock enable controlled CDC structure detected          0  None       core/g_slave.alive_reg/C  core/g_slave.receiver/decoder/payload_reg[40]/R
185  CDC-15  Warning   Clock enable controlled CDC structure detected          0  None       core/g_slave.alive_reg/C  core/g_slave.receiver/decoder/payload_reg[41]/R
186  CDC-15  Warning   Clock enable controlled CDC structure detected          0  None       core/g_slave.alive_reg/C  core/g_slave.receiver/decoder/payload_reg[42]/R
187  CDC-15  Warning   Clock enable controlled CDC structure detected          0  None       core/g_slave.alive_reg/C  core/g_slave.receiver/decoder/payload_reg[43]/R
188  CDC-15  Warning   Clock enable controlled CDC structure detected          0  None       core/g_slave.alive_reg/C  core/g_slave.receiver/decoder/payload_reg[44]/R
189  CDC-15  Warning   Clock enable controlled CDC structure detected          0  None       core/g_slave.alive_reg/C  core/g_slave.receiver/decoder/payload_reg[45]/R
190  CDC-15  Warning   Clock enable controlled CDC structure detected          0  None       core/g_slave.alive_reg/C  core/g_slave.receiver/decoder/payload_reg[46]/R
191  CDC-15  Warning   Clock enable controlled CDC structure detected          0  None       core/g_slave.alive_reg/C  core/g_slave.receiver/decoder/payload_reg[47]/R
192  CDC-15  Warning   Clock enable controlled CDC structure detected          0  None       core/g_slave.alive_reg/C  core/g_slave.receiver/decoder/payload_reg[48]/R
193  CDC-15  Warning   Clock enable controlled CDC structure detected          0  None       core/g_slave.alive_reg/C  core/g_slave.receiver/decoder/payload_reg[49]/R
194  CDC-15  Warning   Clock enable controlled CDC structure detected          0  None       core/g_slave.alive_reg/C  core/g_slave.receiver/decoder/payload_reg[50]/R
195  CDC-15  Warning   Clock enable controlled CDC structure detected          0  None       core/g_slave.alive_reg/C  core/g_slave.receiver/decoder/payload_reg[51]/R
196  CDC-15  Warning   Clock enable controlled CDC structure detected          0  None       core/g_slave.alive_reg/C  core/g_slave.receiver/decoder/payload_reg[52]/R
197  CDC-15  Warning   Clock enable controlled CDC structure detected          0  None       core/g_slave.alive_reg/C  core/g_slave.receiver/decoder/payload_reg[53]/R
198  CDC-15  Warning   Clock enable controlled CDC structure detected          0  None       core/g_slave.alive_reg/C  core/g_slave.receiver/decoder/payload_reg[54]/R
199  CDC-15  Warning   Clock enable controlled CDC structure detected          0  None       core/g_slave.alive_reg/C  core/g_slave.receiver/decoder/payload_reg[55]/R
200  CDC-15  Warning   Clock enable controlled CDC structure detected          0  None       core/g_slave.alive_reg/C  core/g_slave.receiver/decoder/payload_reg[56]/R
201  CDC-15  Warning   Clock enable controlled CDC structure detected          0  None       core/g_slave.alive_reg/C  core/g_slave.receiver/decoder/payload_reg[57]/R
202  CDC-15  Warning   Clock enable controlled CDC structure detected          0  None       core/g_slave.alive_reg/C  core/g_slave.receiver/decoder/payload_reg[58]/R
203  CDC-15  Warning   Clock enable controlled CDC structure detected          0  None       core/g_slave.alive_reg/C  core/g_slave.receiver/decoder/payload_reg[59]/R
204  CDC-15  Warning   Clock enable controlled CDC structure detected          0  None       core/g_slave.alive_reg/C  core/g_slave.receiver/decoder/payload_reg[60]/R
205  CDC-15  Warning   Clock enable controlled CDC structure detected          0  None       core/g_slave.alive_reg/C  core/g_slave.receiver/decoder/payload_reg[61]/R
206  CDC-15  Warning   Clock enable controlled CDC structure detected          0  None       core/g_slave.alive_reg/C  core/g_slave.receiver/decoder/payload_reg[62]/R
207  CDC-15  Warning   Clock enable controlled CDC structure detected          0  None       core/g_slave.alive_reg/C  core/g_slave.receiver/decoder/payload_reg[63]/R
208  CDC-15  Warning   Clock enable controlled CDC structure detected          0  None       core/g_slave.alive_reg/C  core/g_slave.receiver/decoder/payload_reg[64]/R
209  CDC-15  Warning   Clock enable controlled CDC structure detected          0  None       core/g_slave.alive_reg/C  core/g_slave.receiver/decoder/payload_reg[65]/R
210  CDC-15  Warning   Clock enable controlled CDC structure detected          0  None       core/g_slave.alive_reg/C  core/g_slave.receiver/decoder/payload_reg[66]/R
211  CDC-15  Warning   Clock enable controlled CDC structure detected          0  None       core/g_slave.alive_reg/C  core/g_slave.receiver/decoder/payload_reg[67]/R
212  CDC-15  Warning   Clock enable controlled CDC structure detected          0  None       core/g_slave.alive_reg/C  core/g_slave.receiver/decoder/payload_reg[68]/R
213  CDC-15  Warning   Clock enable controlled CDC structure detected          0  None       core/g_slave.alive_reg/C  core/g_slave.receiver/decoder/payload_reg[69]/R
214  CDC-15  Warning   Clock enable controlled CDC structure detected          0  None       core/g_slave.alive_reg/C  core/g_slave.receiver/decoder/payload_reg[70]/R
215  CDC-15  Warning   Clock enable controlled CDC structure detected          0  None       core/g_slave.alive_reg/C  core/g_slave.receiver/decoder/payload_reg[71]/R
216  CDC-15  Warning   Clock enable controlled CDC structure detected          0  None       core/g_slave.alive_reg/C  core/g_slave.receiver/decoder/payload_reg[72]/R
217  CDC-15  Warning   Clock enable controlled CDC structure detected          0  None       core/g_slave.alive_reg/C  core/g_slave.receiver/decoder/payload_reg[73]/R
218  CDC-15  Warning   Clock enable controlled CDC structure detected          0  None       core/g_slave.alive_reg/C  core/g_slave.receiver/decoder/payload_reg[74]/R
219  CDC-15  Warning   Clock enable controlled CDC structure detected          0  None       core/g_slave.alive_reg/C  core/g_slave.receiver/decoder/payload_reg[75]/R
220  CDC-15  Warning   Clock enable controlled CDC structure detected          0  None       core/g_slave.alive_reg/C  core/g_slave.receiver/decoder/payload_reg[76]/R
221  CDC-15  Warning   Clock enable controlled CDC structure detected          0  None       core/g_slave.alive_reg/C  core/g_slave.receiver/decoder/payload_reg[77]/R
222  CDC-15  Warning   Clock enable controlled CDC structure detected          0  None       core/g_slave.alive_reg/C  core/g_slave.receiver/decoder/payload_reg[78]/R
223  CDC-15  Warning   Clock enable controlled CDC structure detected          0  None       core/g_slave.alive_reg/C  core/g_slave.receiver/decoder/payload_reg[79]/R
224  CDC-15  Warning   Clock enable controlled CDC structure detected          0  None       core/g_slave.alive_reg/C  core/g_slave.receiver/decoder/payload_reg[80]/R
225  CDC-15  Warning   Clock enable controlled CDC structure detected          0  None       core/g_slave.alive_reg/C  core/g_slave.receiver/decoder/payload_reg[81]/R
226  CDC-15  Warning   Clock enable controlled CDC structure detected          0  None       core/g_slave.alive_reg/C  core/g_slave.receiver/decoder/payload_reg[82]/R
227  CDC-15  Warning   Clock enable controlled CDC structure detected          0  None       core/g_slave.alive_reg/C  core/g_slave.receiver/decoder/payload_reg[83]/R
228  CDC-15  Warning   Clock enable controlled CDC structure detected          0  None       core/g_slave.alive_reg/C  core/g_slave.receiver/decoder/payload_reg[84]/R
229  CDC-15  Warning   Clock enable controlled CDC structure detected          0  None       core/g_slave.alive_reg/C  core/g_slave.receiver/decoder/payload_reg[85]/R
230  CDC-15  Warning   Clock enable controlled CDC structure detected          0  None       core/g_slave.alive_reg/C  core/g_slave.receiver/decoder/payload_reg[86]/R
231  CDC-15  Warning   Clock enable controlled CDC structure detected          0  None       core/g_slave.alive_reg/C  core/g_slave.receiver/decoder/payload_reg[87]/R
232  CDC-15  Warning   Clock enable controlled CDC structure detected          0  None       core/g_slave.alive_reg/C  core/g_slave.receiver/decoder/payload_reg[88]/R
233  CDC-15  Warning   Clock enable controlled CDC structure detected          0  None       core/g_slave.alive_reg/C  core/g_slave.receiver/decoder/payload_reg[89]/R
234  CDC-15  Warning   Clock enable controlled CDC structure detected          0  None       core/g_slave.alive_reg/C  core/g_slave.receiver/decoder/payload_reg[90]/R
235  CDC-15  Warning   Clock enable controlled CDC structure detected          0  None       core/g_slave.alive_reg/C  core/g_slave.receiver/decoder/payload_reg[91]/R
236  CDC-15  Warning   Clock enable controlled CDC structure detected          0  None       core/g_slave.alive_reg/C  core/g_slave.receiver/decoder/payload_reg[92]/R
237  CDC-15  Warning   Clock enable controlled CDC structure detected          0  None       core/g_slave.alive_reg/C  core/g_slave.receiver/decoder/payload_reg[93]/R
238  CDC-15  Warning   Clock enable controlled CDC structure detected          0  None       core/g_slave.alive_reg/C  core/g_slave.receiver/decoder/payload_reg[94]/R
239  CDC-15  Warning   Clock enable controlled CDC structure detected          0  None       core/g_slave.alive_reg/C  core/g_slave.receiver/decoder/payload_reg[95]/R
240  CDC-15  Warning   Clock enable controlled CDC structure detected          0  None       core/g_slave.alive_reg/C  core/g_slave.receiver/decoder/payload_reg[96]/R
241  CDC-15  Warning   Clock enable controlled CDC structure detected          0  None       core/g_slave.alive_reg/C  core/g_slave.receiver/decoder/payload_reg[97]/R
242  CDC-15  Warning   Clock enable controlled CDC structure detected          0  None       core/g_slave.alive_reg/C  core/g_slave.receiver/decoder/payload_reg[98]/R
243  CDC-15  Warning   Clock enable controlled CDC structure detected          0  None       core/g_slave.alive_reg/C  core/g_slave.receiver/decoder/payload_reg[99]/R
244  CDC-15  Warning   Clock enable controlled CDC structure detected          0  None       core/g_slave.alive_reg/C  core/g_slave.receiver/decoder/payload_reg[100]/R
245  CDC-15  Warning   Clock enable controlled CDC structure detected          0  None       core/g_slave.alive_reg/C  core/g_slave.receiver/decoder/payload_reg[101]/R
246  CDC-15  Warning   Clock enable controlled CDC structure detected          0  None       core/g_slave.alive_reg/C  core/g_slave.receiver/decoder/payload_reg[102]/R
247  CDC-15  Warning   Clock enable controlled CDC structure detected          0  None       core/g_slave.alive_reg/C  core/g_slave.receiver/decoder/payload_reg[103]/R
248  CDC-15  Warning   Clock enable controlled CDC structure detected          0  None       core/g_slave.alive_reg/C  core/g_slave.receiver/decoder/rx_crc_reg[0]/R
249  CDC-15  Warning   Clock enable controlled CDC structure detected          0  None       core/g_slave.alive_reg/C  core/g_slave.receiver/decoder/rx_crc_reg[1]/R
250  CDC-15  Warning   Clock enable controlled CDC structure detected          0  None       core/g_slave.alive_reg/C  core/g_slave.receiver/decoder/rx_crc_reg[2]/R
251  CDC-15  Warning   Clock enable controlled CDC structure detected          0  None       core/g_slave.alive_reg/C  core/g_slave.receiver/decoder/rx_crc_reg[3]/R
252  CDC-15  Warning   Clock enable controlled CDC structure detected          0  None       core/g_slave.alive_reg/C  core/g_slave.receiver/decoder/rx_crc_reg[4]/R
253  CDC-15  Warning   Clock enable controlled CDC structure detected          0  None       core/g_slave.alive_reg/C  core/g_slave.receiver/decoder/rx_crc_reg[5]/R
254  CDC-15  Warning   Clock enable controlled CDC structure detected          0  None       core/g_slave.alive_reg/C  core/g_slave.receiver/decoder/rx_crc_reg[6]/R
255  CDC-15  Warning   Clock enable controlled CDC structure detected          0  None       core/g_slave.alive_reg/C  core/g_slave.receiver/decoder/rx_crc_reg[7]/R
256  CDC-15  Warning   Clock enable controlled CDC structure detected          0  None       core/g_slave.alive_reg/C  core/g_slave.receiver/decoder/rx_crc_reg[8]/R
257  CDC-15  Warning   Clock enable controlled CDC structure detected          0  None       core/g_slave.alive_reg/C  core/g_slave.receiver/decoder/rx_crc_reg[9]/R
258  CDC-15  Warning   Clock enable controlled CDC structure detected          0  None       core/g_slave.alive_reg/C  core/g_slave.receiver/decoder/rx_crc_reg[10]/R
259  CDC-15  Warning   Clock enable controlled CDC structure detected          0  None       core/g_slave.alive_reg/C  core/g_slave.receiver/decoder/rx_crc_reg[11]/R
260  CDC-15  Warning   Clock enable controlled CDC structure detected          0  None       core/g_slave.alive_reg/C  core/g_slave.receiver/decoder/rx_crc_reg[12]/R
261  CDC-15  Warning   Clock enable controlled CDC structure detected          0  None       core/g_slave.alive_reg/C  core/g_slave.receiver/decoder/rx_crc_reg[13]/R
262  CDC-15  Warning   Clock enable controlled CDC structure detected          0  None       core/g_slave.alive_reg/C  core/g_slave.receiver/decoder/rx_crc_reg[14]/R
263  CDC-15  Warning   Clock enable controlled CDC structure detected          0  None       core/g_slave.alive_reg/C  core/g_slave.receiver/decoder/shift_payload_reg[0]/R
264  CDC-15  Warning   Clock enable controlled CDC structure detected          0  None       core/g_slave.alive_reg/C  core/g_slave.receiver/decoder/shift_payload_reg[1]/R
265  CDC-15  Warning   Clock enable controlled CDC structure detected          0  None       core/g_slave.alive_reg/C  core/g_slave.receiver/decoder/shift_payload_reg[2]/R
266  CDC-15  Warning   Clock enable controlled CDC structure detected          0  None       core/g_slave.alive_reg/C  core/g_slave.receiver/decoder/shift_payload_reg[3]/R
267  CDC-15  Warning   Clock enable controlled CDC structure detected          0  None       core/g_slave.alive_reg/C  core/g_slave.receiver/decoder/shift_payload_reg[4]/R
268  CDC-15  Warning   Clock enable controlled CDC structure detected          0  None       core/g_slave.alive_reg/C  core/g_slave.receiver/decoder/shift_payload_reg[5]/R
269  CDC-15  Warning   Clock enable controlled CDC structure detected          0  None       core/g_slave.alive_reg/C  core/g_slave.receiver/decoder/shift_payload_reg[6]/R
270  CDC-15  Warning   Clock enable controlled CDC structure detected          0  None       core/g_slave.alive_reg/C  core/g_slave.receiver/decoder/shift_payload_reg[7]/R
271  CDC-15  Warning   Clock enable controlled CDC structure detected          0  None       core/g_slave.alive_reg/C  core/g_slave.receiver/decoder/shift_payload_reg[8]/R
272  CDC-15  Warning   Clock enable controlled CDC structure detected          0  None       core/g_slave.alive_reg/C  core/g_slave.receiver/decoder/shift_payload_reg[9]/R
273  CDC-15  Warning   Clock enable controlled CDC structure detected          0  None       core/g_slave.alive_reg/C  core/g_slave.receiver/decoder/shift_payload_reg[10]/R
274  CDC-15  Warning   Clock enable controlled CDC structure detected          0  None       core/g_slave.alive_reg/C  core/g_slave.receiver/decoder/shift_payload_reg[11]/R
275  CDC-15  Warning   Clock enable controlled CDC structure detected          0  None       core/g_slave.alive_reg/C  core/g_slave.receiver/decoder/shift_payload_reg[12]/R
276  CDC-15  Warning   Clock enable controlled CDC structure detected          0  None       core/g_slave.alive_reg/C  core/g_slave.receiver/decoder/shift_payload_reg[13]/R
277  CDC-15  Warning   Clock enable controlled CDC structure detected          0  None       core/g_slave.alive_reg/C  core/g_slave.receiver/decoder/shift_payload_reg[14]/R
278  CDC-15  Warning   Clock enable controlled CDC structure detected          0  None       core/g_slave.alive_reg/C  core/g_slave.receiver/decoder/shift_payload_reg[15]/R
279  CDC-15  Warning   Clock enable controlled CDC structure detected          0  None       core/g_slave.alive_reg/C  core/g_slave.receiver/decoder/shift_payload_reg[16]/R
280  CDC-15  Warning   Clock enable controlled CDC structure detected          0  None       core/g_slave.alive_reg/C  core/g_slave.receiver/decoder/shift_payload_reg[17]/R
281  CDC-15  Warning   Clock enable controlled CDC structure detected          0  None       core/g_slave.alive_reg/C  core/g_slave.receiver/decoder/shift_payload_reg[18]/R
282  CDC-15  Warning   Clock enable controlled CDC structure detected          0  None       core/g_slave.alive_reg/C  core/g_slave.receiver/decoder/shift_payload_reg[19]/R
283  CDC-15  Warning   Clock enable controlled CDC structure detected          0  None       core/g_slave.alive_reg/C  core/g_slave.receiver/decoder/shift_payload_reg[20]/R
284  CDC-15  Warning   Clock enable controlled CDC structure detected          0  None       core/g_slave.alive_reg/C  core/g_slave.receiver/decoder/shift_payload_reg[21]/R
285  CDC-15  Warning   Clock enable controlled CDC structure detected          0  None       core/g_slave.alive_reg/C  core/g_slave.receiver/decoder/shift_payload_reg[22]/R
286  CDC-15  Warning   Clock enable controlled CDC structure detected          0  None       core/g_slave.alive_reg/C  core/g_slave.receiver/decoder/shift_payload_reg[23]/R
287  CDC-15  Warning   Clock enable controlled CDC structure detected          0  None       core/g_slave.alive_reg/C  core/g_slave.receiver/decoder/shift_payload_reg[24]/R
288  CDC-15  Warning   Clock enable controlled CDC structure detected          0  None       core/g_slave.alive_reg/C  core/g_slave.receiver/decoder/shift_payload_reg[25]/R
289  CDC-15  Warning   Clock enable controlled CDC structure detected          0  None       core/g_slave.alive_reg/C  core/g_slave.receiver/decoder/shift_payload_reg[26]/R
290  CDC-15  Warning   Clock enable controlled CDC structure detected          0  None       core/g_slave.alive_reg/C  core/g_slave.receiver/decoder/shift_payload_reg[27]/R
291  CDC-15  Warning   Clock enable controlled CDC structure detected          0  None       core/g_slave.alive_reg/C  core/g_slave.receiver/decoder/shift_payload_reg[28]/R
292  CDC-15  Warning   Clock enable controlled CDC structure detected          0  None       core/g_slave.alive_reg/C  core/g_slave.receiver/decoder/shift_payload_reg[29]/R
293  CDC-15  Warning   Clock enable controlled CDC structure detected          0  None       core/g_slave.alive_reg/C  core/g_slave.receiver/decoder/shift_payload_reg[30]/R
294  CDC-15  Warning   Clock enable controlled CDC structure detected          0  None       core/g_slave.alive_reg/C  core/g_slave.receiver/decoder/shift_payload_reg[31]/R
295  CDC-15  Warning   Clock enable controlled CDC structure detected          0  None       core/g_slave.alive_reg/C  core/g_slave.receiver/decoder/shift_payload_reg[32]/R
296  CDC-15  Warning   Clock enable controlled CDC structure detected          0  None       core/g_slave.alive_reg/C  core/g_slave.receiver/decoder/shift_payload_reg[33]/R
297  CDC-15  Warning   Clock enable controlled CDC structure detected          0  None       core/g_slave.alive_reg/C  core/g_slave.receiver/decoder/shift_payload_reg[34]/R
298  CDC-15  Warning   Clock enable controlled CDC structure detected          0  None       core/g_slave.alive_reg/C  core/g_slave.receiver/decoder/shift_payload_reg[35]/R
299  CDC-15  Warning   Clock enable controlled CDC structure detected          0  None       core/g_slave.alive_reg/C  core/g_slave.receiver/decoder/shift_payload_reg[36]/R
300  CDC-15  Warning   Clock enable controlled CDC structure detected          0  None       core/g_slave.alive_reg/C  core/g_slave.receiver/decoder/shift_payload_reg[37]/R
301  CDC-15  Warning   Clock enable controlled CDC structure detected          0  None       core/g_slave.alive_reg/C  core/g_slave.receiver/decoder/shift_payload_reg[38]/R
302  CDC-15  Warning   Clock enable controlled CDC structure detected          0  None       core/g_slave.alive_reg/C  core/g_slave.receiver/decoder/shift_payload_reg[39]/R
303  CDC-15  Warning   Clock enable controlled CDC structure detected          0  None       core/g_slave.alive_reg/C  core/g_slave.receiver/decoder/shift_payload_reg[40]/R
304  CDC-15  Warning   Clock enable controlled CDC structure detected          0  None       core/g_slave.alive_reg/C  core/g_slave.receiver/decoder/shift_payload_reg[41]/R
305  CDC-15  Warning   Clock enable controlled CDC structure detected          0  None       core/g_slave.alive_reg/C  core/g_slave.receiver/decoder/shift_payload_reg[42]/R
306  CDC-15  Warning   Clock enable controlled CDC structure detected          0  None       core/g_slave.alive_reg/C  core/g_slave.receiver/decoder/shift_payload_reg[43]/R
307  CDC-15  Warning   Clock enable controlled CDC structure detected          0  None       core/g_slave.alive_reg/C  core/g_slave.receiver/decoder/shift_payload_reg[44]/R
308  CDC-15  Warning   Clock enable controlled CDC structure detected          0  None       core/g_slave.alive_reg/C  core/g_slave.receiver/decoder/shift_payload_reg[45]/R
309  CDC-15  Warning   Clock enable controlled CDC structure detected          0  None       core/g_slave.alive_reg/C  core/g_slave.receiver/decoder/shift_payload_reg[46]/R
310  CDC-15  Warning   Clock enable controlled CDC structure detected          0  None       core/g_slave.alive_reg/C  core/g_slave.receiver/decoder/shift_payload_reg[47]/R
311  CDC-15  Warning   Clock enable controlled CDC structure detected          0  None       core/g_slave.alive_reg/C  core/g_slave.receiver/decoder/shift_payload_reg[48]/R
312  CDC-15  Warning   Clock enable controlled CDC structure detected          0  None       core/g_slave.alive_reg/C  core/g_slave.receiver/decoder/shift_payload_reg[49]/R
313  CDC-15  Warning   Clock enable controlled CDC structure detected          0  None       core/g_slave.alive_reg/C  core/g_slave.receiver/decoder/shift_payload_reg[50]/R
314  CDC-15  Warning   Clock enable controlled CDC structure detected          0  None       core/g_slave.alive_reg/C  core/g_slave.receiver/decoder/shift_payload_reg[51]/R
315  CDC-15  Warning   Clock enable controlled CDC structure detected          0  None       core/g_slave.alive_reg/C  core/g_slave.receiver/decoder/shift_payload_reg[52]/R
316  CDC-15  Warning   Clock enable controlled CDC structure detected          0  None       core/g_slave.alive_reg/C  core/g_slave.receiver/decoder/shift_payload_reg[53]/R
317  CDC-15  Warning   Clock enable controlled CDC structure detected          0  None       core/g_slave.alive_reg/C  core/g_slave.receiver/decoder/shift_payload_reg[54]/R
318  CDC-15  Warning   Clock enable controlled CDC structure detected          0  None       core/g_slave.alive_reg/C  core/g_slave.receiver/decoder/shift_payload_reg[55]/R
319  CDC-15  Warning   Clock enable controlled CDC structure detected          0  None       core/g_slave.alive_reg/C  core/g_slave.receiver/decoder/shift_payload_reg[56]/R
320  CDC-15  Warning   Clock enable controlled CDC structure detected          0  None       core/g_slave.alive_reg/C  core/g_slave.receiver/decoder/shift_payload_reg[57]/R
321  CDC-15  Warning   Clock enable controlled CDC structure detected          0  None       core/g_slave.alive_reg/C  core/g_slave.receiver/decoder/shift_payload_reg[58]/R
322  CDC-15  Warning   Clock enable controlled CDC structure detected          0  None       core/g_slave.alive_reg/C  core/g_slave.receiver/decoder/shift_payload_reg[59]/R
323  CDC-15  Warning   Clock enable controlled CDC structure detected          0  None       core/g_slave.alive_reg/C  core/g_slave.receiver/decoder/shift_payload_reg[60]/R
324  CDC-15  Warning   Clock enable controlled CDC structure detected          0  None       core/g_slave.alive_reg/C  core/g_slave.receiver/decoder/shift_payload_reg[61]/R
325  CDC-15  Warning   Clock enable controlled CDC structure detected          0  None       core/g_slave.alive_reg/C  core/g_slave.receiver/decoder/shift_payload_reg[62]/R
326  CDC-15  Warning   Clock enable controlled CDC structure detected          0  None       core/g_slave.alive_reg/C  core/g_slave.receiver/decoder/shift_payload_reg[63]/R
327  CDC-15  Warning   Clock enable controlled CDC structure detected          0  None       core/g_slave.alive_reg/C  core/g_slave.receiver/decoder/shift_payload_reg[64]/R
328  CDC-15  Warning   Clock enable controlled CDC structure detected          0  None       core/g_slave.alive_reg/C  core/g_slave.receiver/decoder/shift_payload_reg[65]/R
329  CDC-15  Warning   Clock enable controlled CDC structure detected          0  None       core/g_slave.alive_reg/C  core/g_slave.receiver/decoder/shift_payload_reg[66]/R
330  CDC-15  Warning   Clock enable controlled CDC structure detected          0  None       core/g_slave.alive_reg/C  core/g_slave.receiver/decoder/shift_payload_reg[67]/R
331  CDC-15  Warning   Clock enable controlled CDC structure detected          0  None       core/g_slave.alive_reg/C  core/g_slave.receiver/decoder/shift_payload_reg[68]/R
332  CDC-15  Warning   Clock enable controlled CDC structure detected          0  None       core/g_slave.alive_reg/C  core/g_slave.receiver/decoder/shift_payload_reg[69]/R
333  CDC-15  Warning   Clock enable controlled CDC structure detected          0  None       core/g_slave.alive_reg/C  core/g_slave.receiver/decoder/shift_payload_reg[70]/R
334  CDC-15  Warning   Clock enable controlled CDC structure detected          0  None       core/g_slave.alive_reg/C  core/g_slave.receiver/decoder/shift_payload_reg[71]/R
335  CDC-15  Warning   Clock enable controlled CDC structure detected          0  None       core/g_slave.alive_reg/C  core/g_slave.receiver/decoder/shift_payload_reg[72]/R
336  CDC-15  Warning   Clock enable controlled CDC structure detected          0  None       core/g_slave.alive_reg/C  core/g_slave.receiver/decoder/shift_payload_reg[73]/R
337  CDC-15  Warning   Clock enable controlled CDC structure detected          0  None       core/g_slave.alive_reg/C  core/g_slave.receiver/decoder/shift_payload_reg[74]/R
338  CDC-15  Warning   Clock enable controlled CDC structure detected          0  None       core/g_slave.alive_reg/C  core/g_slave.receiver/decoder/shift_payload_reg[75]/R
339  CDC-15  Warning   Clock enable controlled CDC structure detected          0  None       core/g_slave.alive_reg/C  core/g_slave.receiver/decoder/shift_payload_reg[76]/R
340  CDC-15  Warning   Clock enable controlled CDC structure detected          0  None       core/g_slave.alive_reg/C  core/g_slave.receiver/decoder/shift_payload_reg[77]/R
341  CDC-15  Warning   Clock enable controlled CDC structure detected          0  None       core/g_slave.alive_reg/C  core/g_slave.receiver/decoder/shift_payload_reg[78]/R
342  CDC-15  Warning   Clock enable controlled CDC structure detected          0  None       core/g_slave.alive_reg/C  core/g_slave.receiver/decoder/shift_payload_reg[79]/R
343  CDC-15  Warning   Clock enable controlled CDC structure detected          0  None       core/g_slave.alive_reg/C  core/g_slave.receiver/decoder/shift_payload_reg[80]/R
344  CDC-15  Warning   Clock enable controlled CDC structure detected          0  None       core/g_slave.alive_reg/C  core/g_slave.receiver/decoder/shift_payload_reg[81]/R
345  CDC-15  Warning   Clock enable controlled CDC structure detected          0  None       core/g_slave.alive_reg/C  core/g_slave.receiver/decoder/shift_payload_reg[82]/R
346  CDC-15  Warning   Clock enable controlled CDC structure detected          0  None       core/g_slave.alive_reg/C  core/g_slave.receiver/decoder/shift_payload_reg[83]/R
347  CDC-15  Warning   Clock enable controlled CDC structure detected          0  None       core/g_slave.alive_reg/C  core/g_slave.receiver/decoder/shift_payload_reg[84]/R
348  CDC-15  Warning   Clock enable controlled CDC structure detected          0  None       core/g_slave.alive_reg/C  core/g_slave.receiver/decoder/shift_payload_reg[85]/R
349  CDC-15  Warning   Clock enable controlled CDC structure detected          0  None       core/g_slave.alive_reg/C  core/g_slave.receiver/decoder/shift_payload_reg[86]/R
350  CDC-15  Warning   Clock enable controlled CDC structure detected          0  None       core/g_slave.alive_reg/C  core/g_slave.receiver/decoder/shift_payload_reg[87]/R
351  CDC-15  Warning   Clock enable controlled CDC structure detected          0  None       core/g_slave.alive_reg/C  core/g_slave.receiver/decoder/shift_payload_reg[88]/R
352  CDC-15  Warning   Clock enable controlled CDC structure detected          0  None       core/g_slave.alive_reg/C  core/g_slave.receiver/decoder/shift_payload_reg[89]/R
353  CDC-15  Warning   Clock enable controlled CDC structure detected          0  None       core/g_slave.alive_reg/C  core/g_slave.receiver/decoder/shift_payload_reg[90]/R
354  CDC-15  Warning   Clock enable controlled CDC structure detected          0  None       core/g_slave.alive_reg/C  core/g_slave.receiver/decoder/shift_payload_reg[91]/R
355  CDC-15  Warning   Clock enable controlled CDC structure detected          0  None       core/g_slave.alive_reg/C  core/g_slave.receiver/decoder/shift_payload_reg[92]/R
356  CDC-15  Warning   Clock enable controlled CDC structure detected          0  None       core/g_slave.alive_reg/C  core/g_slave.receiver/decoder/shift_payload_reg[93]/R
357  CDC-15  Warning   Clock enable controlled CDC structure detected          0  None       core/g_slave.alive_reg/C  core/g_slave.receiver/decoder/shift_payload_reg[94]/R
358  CDC-15  Warning   Clock enable controlled CDC structure detected          0  None       core/g_slave.alive_reg/C  core/g_slave.receiver/decoder/shift_payload_reg[95]/R
359  CDC-15  Warning   Clock enable controlled CDC structure detected          0  None       core/g_slave.alive_reg/C  core/g_slave.receiver/decoder/shift_payload_reg[96]/R
360  CDC-15  Warning   Clock enable controlled CDC structure detected          0  None       core/g_slave.alive_reg/C  core/g_slave.receiver/decoder/shift_payload_reg[97]/R
361  CDC-15  Warning   Clock enable controlled CDC structure detected          0  None       core/g_slave.alive_reg/C  core/g_slave.receiver/decoder/shift_payload_reg[98]/R
362  CDC-15  Warning   Clock enable controlled CDC structure detected          0  None       core/g_slave.alive_reg/C  core/g_slave.receiver/decoder/shift_payload_reg[99]/R
363  CDC-15  Warning   Clock enable controlled CDC structure detected          0  None       core/g_slave.alive_reg/C  core/g_slave.receiver/decoder/shift_payload_reg[100]/R
364  CDC-15  Warning   Clock enable controlled CDC structure detected          0  None       core/g_slave.alive_reg/C  core/g_slave.receiver/decoder/shift_payload_reg[101]/R
365  CDC-15  Warning   Clock enable controlled CDC structure detected          0  None       core/g_slave.alive_reg/C  core/g_slave.receiver/decoder/shift_payload_reg[102]/R
366  CDC-15  Warning   Clock enable controlled CDC structure detected          0  None       core/g_slave.alive_reg/C  core/g_slave.receiver/decoder/shift_payload_reg[103]/R
367  CDC-15  Warning   Clock enable controlled CDC structure detected          0  None       core/g_slave.alive_reg/C  core/g_slave.receiver/decoder/shift_payload_reg[104]/R
368  CDC-15  Warning   Clock enable controlled CDC structure detected          0  None       core/g_slave.alive_reg/C  core/g_slave.receiver/decoder/shift_payload_reg[105]/R
369  CDC-15  Warning   Clock enable controlled CDC structure detected          0  None       core/g_slave.alive_reg/C  core/g_slave.receiver/decoder/shift_payload_reg[106]/R
370  CDC-15  Warning   Clock enable controlled CDC structure detected          0  None       core/g_slave.alive_reg/C  core/g_slave.receiver/decoder/shift_payload_reg[107]/R
371  CDC-15  Warning   Clock enable controlled CDC structure detected          0  None       core/g_slave.alive_reg/C  core/g_slave.receiver/decoder/shift_payload_reg[108]/R
372  CDC-15  Warning   Clock enable controlled CDC structure detected          0  None       core/g_slave.alive_reg/C  core/g_slave.receiver/decoder/shift_payload_reg[109]/R
373  CDC-15  Warning   Clock enable controlled CDC structure detected          0  None       core/g_slave.alive_reg/C  core/g_slave.receiver/decoder/shift_payload_reg[110]/R
374  CDC-15  Warning   Clock enable controlled CDC structure detected          0  None       core/g_slave.alive_reg/C  core/g_slave.receiver/decoder/shift_payload_reg[111]/R
375  CDC-15  Warning   Clock enable controlled CDC structure detected          0  None       core/g_slave.alive_reg/C  core/g_slave.receiver/decoder/shift_payload_reg[112]/R
376  CDC-15  Warning   Clock enable controlled CDC structure detected          0  None       core/g_slave.alive_reg/C  core/g_slave.receiver/decoder/shift_payload_reg[113]/R
377  CDC-15  Warning   Clock enable controlled CDC structure detected          0  None       core/g_slave.alive_reg/C  core/g_slave.receiver/decoder/shift_payload_reg[114]/R
378  CDC-15  Warning   Clock enable controlled CDC structure detected          0  None       core/g_slave.alive_reg/C  core/g_slave.receiver/decoder/shift_payload_reg[115]/R
379  CDC-15  Warning   Clock enable controlled CDC structure detected          0  None       core/g_slave.alive_reg/C  core/g_slave.receiver/decoder/shift_payload_reg[116]/R
380  CDC-15  Warning   Clock enable controlled CDC structure detected          0  None       core/g_slave.alive_reg/C  core/g_slave.receiver/decoder/shift_payload_reg[117]/R
381  CDC-15  Warning   Clock enable controlled CDC structure detected          0  None       core/g_slave.alive_reg/C  core/g_slave.receiver/decoder/shift_payload_reg[118]/R
382  CDC-15  Warning   Clock enable controlled CDC structure detected          0  None       core/g_slave.alive_reg/C  core/g_slave.receiver/decoder/shift_payload_reg[119]/R
383  CDC-15  Warning   Clock enable controlled CDC structure detected          0  None       core/g_slave.alive_reg/C  core/g_slave.receiver/decoder/shift_payload_reg[120]/R
384  CDC-15  Warning   Clock enable controlled CDC structure detected          0  None       core/g_slave.alive_reg/C  core/g_slave.receiver/decoder/shift_payload_reg[121]/R
385  CDC-15  Warning   Clock enable controlled CDC structure detected          0  None       core/g_slave.alive_reg/C  core/g_slave.receiver/decoder/shift_payload_reg[122]/R
386  CDC-15  Warning   Clock enable controlled CDC structure detected          0  None       core/g_slave.alive_reg/C  core/g_slave.receiver/decoder/shift_payload_reg[123]/R
387  CDC-15  Warning   Clock enable controlled CDC structure detected          0  None       core/g_slave.alive_reg/C  core/g_slave.receiver/decoder/shift_payload_reg[124]/R
388  CDC-15  Warning   Clock enable controlled CDC structure detected          0  None       core/g_slave.alive_reg/C  core/g_slave.receiver/decoder/shift_payload_reg[125]/R
389  CDC-15  Warning   Clock enable controlled CDC structure detected          0  None       core/g_slave.alive_reg/C  core/g_slave.receiver/decoder/shift_payload_reg[126]/R
390  CDC-15  Warning   Clock enable controlled CDC structure detected          0  None       core/g_slave.alive_reg/C  core/g_slave.receiver/decoder/shift_payload_reg[127]/R
391  CDC-1   Critical  1-bit unknown CDC circuitry                             0  None       core/g_slave.alive_reg/C  core/g_slave.receiver/echo_toggle_reg/D
392  CDC-1   Critical  1-bit unknown CDC circuitry                             0  None       core/g_slave.alive_reg/C  core/g_slave.receiver/good_frames_reg[0]/D
393  CDC-1   Critical  1-bit unknown CDC circuitry                             0  None       core/g_slave.alive_reg/C  core/g_slave.receiver/good_frames_reg[1]/D
394  CDC-1   Critical  1-bit unknown CDC circuitry                             0  None       core/g_slave.alive_reg/C  core/g_slave.receiver/have_sequence_reg/D
395  CDC-15  Warning   Clock enable controlled CDC structure detected          0  None       core/g_slave.alive_reg/C  core/g_slave.receiver/last_sequence_reg[0]/R
396  CDC-15  Warning   Clock enable controlled CDC structure detected          0  None       core/g_slave.alive_reg/C  core/g_slave.receiver/last_sequence_reg[1]/R
397  CDC-15  Warning   Clock enable controlled CDC structure detected          0  None       core/g_slave.alive_reg/C  core/g_slave.receiver/last_sequence_reg[2]/R
398  CDC-15  Warning   Clock enable controlled CDC structure detected          0  None       core/g_slave.alive_reg/C  core/g_slave.receiver/last_sequence_reg[3]/R
399  CDC-15  Warning   Clock enable controlled CDC structure detected          0  None       core/g_slave.alive_reg/C  core/g_slave.receiver/last_sequence_reg[4]/R
400  CDC-15  Warning   Clock enable controlled CDC structure detected          0  None       core/g_slave.alive_reg/C  core/g_slave.receiver/last_sequence_reg[5]/R
401  CDC-15  Warning   Clock enable controlled CDC structure detected          0  None       core/g_slave.alive_reg/C  core/g_slave.receiver/last_sequence_reg[6]/R
402  CDC-15  Warning   Clock enable controlled CDC structure detected          0  None       core/g_slave.alive_reg/C  core/g_slave.receiver/last_sequence_reg[7]/R
403  CDC-15  Warning   Clock enable controlled CDC structure detected          0  None       core/g_slave.alive_reg/C  core/g_slave.receiver/last_sequence_reg[8]/R
404  CDC-15  Warning   Clock enable controlled CDC structure detected          0  None       core/g_slave.alive_reg/C  core/g_slave.receiver/last_sequence_reg[9]/R
405  CDC-15  Warning   Clock enable controlled CDC structure detected          0  None       core/g_slave.alive_reg/C  core/g_slave.receiver/last_sequence_reg[10]/R
406  CDC-15  Warning   Clock enable controlled CDC structure detected          0  None       core/g_slave.alive_reg/C  core/g_slave.receiver/last_sequence_reg[11]/R
407  CDC-15  Warning   Clock enable controlled CDC structure detected          0  None       core/g_slave.alive_reg/C  core/g_slave.receiver/last_sequence_reg[12]/R
408  CDC-15  Warning   Clock enable controlled CDC structure detected          0  None       core/g_slave.alive_reg/C  core/g_slave.receiver/last_sequence_reg[13]/R
409  CDC-15  Warning   Clock enable controlled CDC structure detected          0  None       core/g_slave.alive_reg/C  core/g_slave.receiver/last_sequence_reg[14]/R
410  CDC-15  Warning   Clock enable controlled CDC structure detected          0  None       core/g_slave.alive_reg/C  core/g_slave.receiver/last_sequence_reg[15]/R
411  CDC-15  Warning   Clock enable controlled CDC structure detected          0  None       core/g_slave.alive_reg/C  core/g_slave.receiver/last_sequence_reg[16]/R
412  CDC-15  Warning   Clock enable controlled CDC structure detected          0  None       core/g_slave.alive_reg/C  core/g_slave.receiver/last_sequence_reg[17]/R
413  CDC-15  Warning   Clock enable controlled CDC structure detected          0  None       core/g_slave.alive_reg/C  core/g_slave.receiver/last_sequence_reg[18]/R
414  CDC-15  Warning   Clock enable controlled CDC structure detected          0  None       core/g_slave.alive_reg/C  core/g_slave.receiver/last_sequence_reg[19]/R
415  CDC-15  Warning   Clock enable controlled CDC structure detected          0  None       core/g_slave.alive_reg/C  core/g_slave.receiver/last_sequence_reg[20]/R
416  CDC-15  Warning   Clock enable controlled CDC structure detected          0  None       core/g_slave.alive_reg/C  core/g_slave.receiver/last_sequence_reg[21]/R
417  CDC-15  Warning   Clock enable controlled CDC structure detected          0  None       core/g_slave.alive_reg/C  core/g_slave.receiver/last_sequence_reg[22]/R
418  CDC-15  Warning   Clock enable controlled CDC structure detected          0  None       core/g_slave.alive_reg/C  core/g_slave.receiver/last_sequence_reg[23]/R
419  CDC-15  Warning   Clock enable controlled CDC structure detected          0  None       core/g_slave.alive_reg/C  core/g_slave.receiver/last_sequence_reg[24]/R
420  CDC-15  Warning   Clock enable controlled CDC structure detected          0  None       core/g_slave.alive_reg/C  core/g_slave.receiver/last_sequence_reg[25]/R
421  CDC-15  Warning   Clock enable controlled CDC structure detected          0  None       core/g_slave.alive_reg/C  core/g_slave.receiver/last_sequence_reg[26]/R
422  CDC-15  Warning   Clock enable controlled CDC structure detected          0  None       core/g_slave.alive_reg/C  core/g_slave.receiver/last_sequence_reg[27]/R
423  CDC-15  Warning   Clock enable controlled CDC structure detected          0  None       core/g_slave.alive_reg/C  core/g_slave.receiver/last_sequence_reg[28]/R
424  CDC-15  Warning   Clock enable controlled CDC structure detected          0  None       core/g_slave.alive_reg/C  core/g_slave.receiver/last_sequence_reg[29]/R
425  CDC-15  Warning   Clock enable controlled CDC structure detected          0  None       core/g_slave.alive_reg/C  core/g_slave.receiver/last_sequence_reg[30]/R
426  CDC-15  Warning   Clock enable controlled CDC structure detected          0  None       core/g_slave.alive_reg/C  core/g_slave.receiver/last_sequence_reg[31]/R
427  CDC-15  Warning   Clock enable controlled CDC structure detected          0  None       core/g_slave.alive_reg/C  core/g_slave.receiver/reset_at_reg[0]/R
428  CDC-15  Warning   Clock enable controlled CDC structure detected          0  None       core/g_slave.alive_reg/C  core/g_slave.receiver/reset_at_reg[1]/R
429  CDC-15  Warning   Clock enable controlled CDC structure detected          0  None       core/g_slave.alive_reg/C  core/g_slave.receiver/reset_at_reg[2]/R
430  CDC-15  Warning   Clock enable controlled CDC structure detected          0  None       core/g_slave.alive_reg/C  core/g_slave.receiver/reset_at_reg[3]/R
431  CDC-15  Warning   Clock enable controlled CDC structure detected          0  None       core/g_slave.alive_reg/C  core/g_slave.receiver/reset_at_reg[4]/R
432  CDC-15  Warning   Clock enable controlled CDC structure detected          0  None       core/g_slave.alive_reg/C  core/g_slave.receiver/reset_at_reg[5]/R
433  CDC-15  Warning   Clock enable controlled CDC structure detected          0  None       core/g_slave.alive_reg/C  core/g_slave.receiver/reset_at_reg[6]/R
434  CDC-15  Warning   Clock enable controlled CDC structure detected          0  None       core/g_slave.alive_reg/C  core/g_slave.receiver/reset_at_reg[7]/R
435  CDC-15  Warning   Clock enable controlled CDC structure detected          0  None       core/g_slave.alive_reg/C  core/g_slave.receiver/reset_at_reg[8]/R
436  CDC-15  Warning   Clock enable controlled CDC structure detected          0  None       core/g_slave.alive_reg/C  core/g_slave.receiver/reset_at_reg[9]/R
437  CDC-15  Warning   Clock enable controlled CDC structure detected          0  None       core/g_slave.alive_reg/C  core/g_slave.receiver/reset_at_reg[10]/R
438  CDC-15  Warning   Clock enable controlled CDC structure detected          0  None       core/g_slave.alive_reg/C  core/g_slave.receiver/reset_at_reg[11]/R
439  CDC-15  Warning   Clock enable controlled CDC structure detected          0  None       core/g_slave.alive_reg/C  core/g_slave.receiver/reset_at_reg[12]/R
440  CDC-15  Warning   Clock enable controlled CDC structure detected          0  None       core/g_slave.alive_reg/C  core/g_slave.receiver/reset_at_reg[13]/R
441  CDC-15  Warning   Clock enable controlled CDC structure detected          0  None       core/g_slave.alive_reg/C  core/g_slave.receiver/reset_at_reg[14]/R
442  CDC-15  Warning   Clock enable controlled CDC structure detected          0  None       core/g_slave.alive_reg/C  core/g_slave.receiver/reset_at_reg[15]/R
443  CDC-15  Warning   Clock enable controlled CDC structure detected          0  None       core/g_slave.alive_reg/C  core/g_slave.receiver/reset_at_reg[16]/R
444  CDC-15  Warning   Clock enable controlled CDC structure detected          0  None       core/g_slave.alive_reg/C  core/g_slave.receiver/reset_at_reg[17]/R
445  CDC-15  Warning   Clock enable controlled CDC structure detected          0  None       core/g_slave.alive_reg/C  core/g_slave.receiver/reset_at_reg[18]/R
446  CDC-15  Warning   Clock enable controlled CDC structure detected          0  None       core/g_slave.alive_reg/C  core/g_slave.receiver/reset_at_reg[19]/R
447  CDC-15  Warning   Clock enable controlled CDC structure detected          0  None       core/g_slave.alive_reg/C  core/g_slave.receiver/reset_at_reg[20]/R
448  CDC-15  Warning   Clock enable controlled CDC structure detected          0  None       core/g_slave.alive_reg/C  core/g_slave.receiver/reset_at_reg[21]/R
449  CDC-15  Warning   Clock enable controlled CDC structure detected          0  None       core/g_slave.alive_reg/C  core/g_slave.receiver/reset_at_reg[22]/R
450  CDC-15  Warning   Clock enable controlled CDC structure detected          0  None       core/g_slave.alive_reg/C  core/g_slave.receiver/reset_at_reg[23]/R
451  CDC-15  Warning   Clock enable controlled CDC structure detected          0  None       core/g_slave.alive_reg/C  core/g_slave.receiver/reset_at_reg[24]/R
452  CDC-15  Warning   Clock enable controlled CDC structure detected          0  None       core/g_slave.alive_reg/C  core/g_slave.receiver/reset_at_reg[25]/R
453  CDC-15  Warning   Clock enable controlled CDC structure detected          0  None       core/g_slave.alive_reg/C  core/g_slave.receiver/reset_at_reg[26]/R
454  CDC-15  Warning   Clock enable controlled CDC structure detected          0  None       core/g_slave.alive_reg/C  core/g_slave.receiver/reset_at_reg[27]/R
455  CDC-15  Warning   Clock enable controlled CDC structure detected          0  None       core/g_slave.alive_reg/C  core/g_slave.receiver/reset_at_reg[28]/R
456  CDC-15  Warning   Clock enable controlled CDC structure detected          0  None       core/g_slave.alive_reg/C  core/g_slave.receiver/reset_at_reg[29]/R
457  CDC-15  Warning   Clock enable controlled CDC structure detected          0  None       core/g_slave.alive_reg/C  core/g_slave.receiver/reset_at_reg[30]/R
458  CDC-15  Warning   Clock enable controlled CDC structure detected          0  None       core/g_slave.alive_reg/C  core/g_slave.receiver/reset_at_reg[31]/R
459  CDC-15  Warning   Clock enable controlled CDC structure detected          0  None       core/g_slave.alive_reg/C  core/g_slave.receiver/reset_at_reg[32]/R
460  CDC-15  Warning   Clock enable controlled CDC structure detected          0  None       core/g_slave.alive_reg/C  core/g_slave.receiver/reset_at_reg[33]/R
461  CDC-15  Warning   Clock enable controlled CDC structure detected          0  None       core/g_slave.alive_reg/C  core/g_slave.receiver/reset_at_reg[34]/R
462  CDC-15  Warning   Clock enable controlled CDC structure detected          0  None       core/g_slave.alive_reg/C  core/g_slave.receiver/reset_at_reg[35]/R
463  CDC-15  Warning   Clock enable controlled CDC structure detected          0  None       core/g_slave.alive_reg/C  core/g_slave.receiver/reset_at_reg[36]/R
464  CDC-15  Warning   Clock enable controlled CDC structure detected          0  None       core/g_slave.alive_reg/C  core/g_slave.receiver/reset_at_reg[37]/R
465  CDC-15  Warning   Clock enable controlled CDC structure detected          0  None       core/g_slave.alive_reg/C  core/g_slave.receiver/reset_at_reg[38]/R
466  CDC-15  Warning   Clock enable controlled CDC structure detected          0  None       core/g_slave.alive_reg/C  core/g_slave.receiver/reset_at_reg[39]/R
467  CDC-15  Warning   Clock enable controlled CDC structure detected          0  None       core/g_slave.alive_reg/C  core/g_slave.receiver/reset_at_reg[40]/R
468  CDC-15  Warning   Clock enable controlled CDC structure detected          0  None       core/g_slave.alive_reg/C  core/g_slave.receiver/reset_at_reg[41]/R
469  CDC-15  Warning   Clock enable controlled CDC structure detected          0  None       core/g_slave.alive_reg/C  core/g_slave.receiver/reset_at_reg[42]/R
470  CDC-15  Warning   Clock enable controlled CDC structure detected          0  None       core/g_slave.alive_reg/C  core/g_slave.receiver/reset_at_reg[43]/R
471  CDC-15  Warning   Clock enable controlled CDC structure detected          0  None       core/g_slave.alive_reg/C  core/g_slave.receiver/reset_at_reg[44]/R
472  CDC-15  Warning   Clock enable controlled CDC structure detected          0  None       core/g_slave.alive_reg/C  core/g_slave.receiver/reset_at_reg[45]/R
473  CDC-15  Warning   Clock enable controlled CDC structure detected          0  None       core/g_slave.alive_reg/C  core/g_slave.receiver/reset_at_reg[46]/R
474  CDC-15  Warning   Clock enable controlled CDC structure detected          0  None       core/g_slave.alive_reg/C  core/g_slave.receiver/reset_at_reg[47]/R
475  CDC-15  Warning   Clock enable controlled CDC structure detected          0  None       core/g_slave.alive_reg/C  core/g_slave.receiver/reset_at_reg[48]/R
476  CDC-15  Warning   Clock enable controlled CDC structure detected          0  None       core/g_slave.alive_reg/C  core/g_slave.receiver/reset_at_reg[49]/R
477  CDC-15  Warning   Clock enable controlled CDC structure detected          0  None       core/g_slave.alive_reg/C  core/g_slave.receiver/reset_at_reg[50]/R
478  CDC-15  Warning   Clock enable controlled CDC structure detected          0  None       core/g_slave.alive_reg/C  core/g_slave.receiver/reset_at_reg[51]/R
479  CDC-15  Warning   Clock enable controlled CDC structure detected          0  None       core/g_slave.alive_reg/C  core/g_slave.receiver/reset_at_reg[52]/R
480  CDC-15  Warning   Clock enable controlled CDC structure detected          0  None       core/g_slave.alive_reg/C  core/g_slave.receiver/reset_at_reg[53]/R
481  CDC-15  Warning   Clock enable controlled CDC structure detected          0  None       core/g_slave.alive_reg/C  core/g_slave.receiver/reset_at_reg[54]/R
482  CDC-15  Warning   Clock enable controlled CDC structure detected          0  None       core/g_slave.alive_reg/C  core/g_slave.receiver/reset_at_reg[55]/R
483  CDC-15  Warning   Clock enable controlled CDC structure detected          0  None       core/g_slave.alive_reg/C  core/g_slave.receiver/reset_at_reg[56]/R
484  CDC-15  Warning   Clock enable controlled CDC structure detected          0  None       core/g_slave.alive_reg/C  core/g_slave.receiver/reset_at_reg[57]/R
485  CDC-15  Warning   Clock enable controlled CDC structure detected          0  None       core/g_slave.alive_reg/C  core/g_slave.receiver/reset_at_reg[58]/R
486  CDC-15  Warning   Clock enable controlled CDC structure detected          0  None       core/g_slave.alive_reg/C  core/g_slave.receiver/reset_at_reg[59]/R
487  CDC-15  Warning   Clock enable controlled CDC structure detected          0  None       core/g_slave.alive_reg/C  core/g_slave.receiver/reset_at_reg[60]/R
488  CDC-15  Warning   Clock enable controlled CDC structure detected          0  None       core/g_slave.alive_reg/C  core/g_slave.receiver/reset_at_reg[61]/R
489  CDC-15  Warning   Clock enable controlled CDC structure detected          0  None       core/g_slave.alive_reg/C  core/g_slave.receiver/reset_at_reg[62]/R
490  CDC-15  Warning   Clock enable controlled CDC structure detected          0  None       core/g_slave.alive_reg/C  core/g_slave.receiver/reset_at_reg[63]/R
491  CDC-1   Critical  1-bit unknown CDC circuitry                             0  None       core/g_slave.alive_reg/C  core/g_slave.receiver/reset_pending_reg/D
492  CDC-15  Warning   Clock enable controlled CDC structure detected          0  None       core/g_slave.alive_reg/C  core/g_slave.receiver/sequence_errors_reg[0]/R
493  CDC-15  Warning   Clock enable controlled CDC structure detected          0  None       core/g_slave.alive_reg/C  core/g_slave.receiver/sequence_errors_reg[1]/R
494  CDC-15  Warning   Clock enable controlled CDC structure detected          0  None       core/g_slave.alive_reg/C  core/g_slave.receiver/sequence_errors_reg[2]/R
495  CDC-15  Warning   Clock enable controlled CDC structure detected          0  None       core/g_slave.alive_reg/C  core/g_slave.receiver/sequence_errors_reg[3]/R
496  CDC-15  Warning   Clock enable controlled CDC structure detected          0  None       core/g_slave.alive_reg/C  core/g_slave.receiver/sequence_errors_reg[4]/R
497  CDC-15  Warning   Clock enable controlled CDC structure detected          0  None       core/g_slave.alive_reg/C  core/g_slave.receiver/sequence_errors_reg[5]/R
498  CDC-15  Warning   Clock enable controlled CDC structure detected          0  None       core/g_slave.alive_reg/C  core/g_slave.receiver/sequence_errors_reg[6]/R
499  CDC-15  Warning   Clock enable controlled CDC structure detected          0  None       core/g_slave.alive_reg/C  core/g_slave.receiver/sequence_errors_reg[7]/R
500  CDC-15  Warning   Clock enable controlled CDC structure detected          0  None       core/g_slave.alive_reg/C  core/g_slave.receiver/sequence_errors_reg[8]/R
501  CDC-15  Warning   Clock enable controlled CDC structure detected          0  None       core/g_slave.alive_reg/C  core/g_slave.receiver/sequence_errors_reg[9]/R
502  CDC-15  Warning   Clock enable controlled CDC structure detected          0  None       core/g_slave.alive_reg/C  core/g_slave.receiver/sequence_errors_reg[10]/R
503  CDC-15  Warning   Clock enable controlled CDC structure detected          0  None       core/g_slave.alive_reg/C  core/g_slave.receiver/sequence_errors_reg[11]/R
504  CDC-15  Warning   Clock enable controlled CDC structure detected          0  None       core/g_slave.alive_reg/C  core/g_slave.receiver/sequence_errors_reg[12]/R
505  CDC-15  Warning   Clock enable controlled CDC structure detected          0  None       core/g_slave.alive_reg/C  core/g_slave.receiver/sequence_errors_reg[13]/R
506  CDC-15  Warning   Clock enable controlled CDC structure detected          0  None       core/g_slave.alive_reg/C  core/g_slave.receiver/sequence_errors_reg[14]/R
507  CDC-15  Warning   Clock enable controlled CDC structure detected          0  None       core/g_slave.alive_reg/C  core/g_slave.receiver/sequence_errors_reg[15]/R
508  CDC-15  Warning   Clock enable controlled CDC structure detected          0  None       core/g_slave.alive_reg/C  core/g_slave.receiver/sequence_errors_reg[16]/R
509  CDC-15  Warning   Clock enable controlled CDC structure detected          0  None       core/g_slave.alive_reg/C  core/g_slave.receiver/sequence_errors_reg[17]/R
510  CDC-15  Warning   Clock enable controlled CDC structure detected          0  None       core/g_slave.alive_reg/C  core/g_slave.receiver/sequence_errors_reg[18]/R
511  CDC-15  Warning   Clock enable controlled CDC structure detected          0  None       core/g_slave.alive_reg/C  core/g_slave.receiver/sequence_errors_reg[19]/R
512  CDC-15  Warning   Clock enable controlled CDC structure detected          0  None       core/g_slave.alive_reg/C  core/g_slave.receiver/sequence_errors_reg[20]/R
513  CDC-15  Warning   Clock enable controlled CDC structure detected          0  None       core/g_slave.alive_reg/C  core/g_slave.receiver/sequence_errors_reg[21]/R
514  CDC-15  Warning   Clock enable controlled CDC structure detected          0  None       core/g_slave.alive_reg/C  core/g_slave.receiver/sequence_errors_reg[22]/R
515  CDC-15  Warning   Clock enable controlled CDC structure detected          0  None       core/g_slave.alive_reg/C  core/g_slave.receiver/sequence_errors_reg[23]/R
516  CDC-15  Warning   Clock enable controlled CDC structure detected          0  None       core/g_slave.alive_reg/C  core/g_slave.receiver/sequence_errors_reg[24]/R
517  CDC-15  Warning   Clock enable controlled CDC structure detected          0  None       core/g_slave.alive_reg/C  core/g_slave.receiver/sequence_errors_reg[25]/R
518  CDC-15  Warning   Clock enable controlled CDC structure detected          0  None       core/g_slave.alive_reg/C  core/g_slave.receiver/sequence_errors_reg[26]/R
519  CDC-15  Warning   Clock enable controlled CDC structure detected          0  None       core/g_slave.alive_reg/C  core/g_slave.receiver/sequence_errors_reg[27]/R
520  CDC-15  Warning   Clock enable controlled CDC structure detected          0  None       core/g_slave.alive_reg/C  core/g_slave.receiver/sequence_errors_reg[28]/R
521  CDC-15  Warning   Clock enable controlled CDC structure detected          0  None       core/g_slave.alive_reg/C  core/g_slave.receiver/sequence_errors_reg[29]/R
522  CDC-15  Warning   Clock enable controlled CDC structure detected          0  None       core/g_slave.alive_reg/C  core/g_slave.receiver/sequence_errors_reg[30]/R
523  CDC-15  Warning   Clock enable controlled CDC structure detected          0  None       core/g_slave.alive_reg/C  core/g_slave.receiver/sequence_errors_reg[31]/R
524  CDC-1   Critical  1-bit unknown CDC circuitry                             0  None       core/g_slave.alive_reg/C  core/g_slave.receiver/sync_locked_reg/D
525  CDC-15  Warning   Clock enable controlled CDC structure detected          0  None       core/g_slave.alive_reg/C  core/g_slave.receiver/trigger_at_reg[0]/R
526  CDC-15  Warning   Clock enable controlled CDC structure detected          0  None       core/g_slave.alive_reg/C  core/g_slave.receiver/trigger_at_reg[1]/R
527  CDC-15  Warning   Clock enable controlled CDC structure detected          0  None       core/g_slave.alive_reg/C  core/g_slave.receiver/trigger_at_reg[2]/R
528  CDC-15  Warning   Clock enable controlled CDC structure detected          0  None       core/g_slave.alive_reg/C  core/g_slave.receiver/trigger_at_reg[3]/R
529  CDC-15  Warning   Clock enable controlled CDC structure detected          0  None       core/g_slave.alive_reg/C  core/g_slave.receiver/trigger_at_reg[4]/R
530  CDC-15  Warning   Clock enable controlled CDC structure detected          0  None       core/g_slave.alive_reg/C  core/g_slave.receiver/trigger_at_reg[5]/R
531  CDC-15  Warning   Clock enable controlled CDC structure detected          0  None       core/g_slave.alive_reg/C  core/g_slave.receiver/trigger_at_reg[6]/R
532  CDC-15  Warning   Clock enable controlled CDC structure detected          0  None       core/g_slave.alive_reg/C  core/g_slave.receiver/trigger_at_reg[7]/R
533  CDC-15  Warning   Clock enable controlled CDC structure detected          0  None       core/g_slave.alive_reg/C  core/g_slave.receiver/trigger_at_reg[8]/R
534  CDC-15  Warning   Clock enable controlled CDC structure detected          0  None       core/g_slave.alive_reg/C  core/g_slave.receiver/trigger_at_reg[9]/R
535  CDC-15  Warning   Clock enable controlled CDC structure detected          0  None       core/g_slave.alive_reg/C  core/g_slave.receiver/trigger_at_reg[10]/R
536  CDC-15  Warning   Clock enable controlled CDC structure detected          0  None       core/g_slave.alive_reg/C  core/g_slave.receiver/trigger_at_reg[11]/R
537  CDC-15  Warning   Clock enable controlled CDC structure detected          0  None       core/g_slave.alive_reg/C  core/g_slave.receiver/trigger_at_reg[12]/R
538  CDC-15  Warning   Clock enable controlled CDC structure detected          0  None       core/g_slave.alive_reg/C  core/g_slave.receiver/trigger_at_reg[13]/R
539  CDC-15  Warning   Clock enable controlled CDC structure detected          0  None       core/g_slave.alive_reg/C  core/g_slave.receiver/trigger_at_reg[14]/R
540  CDC-15  Warning   Clock enable controlled CDC structure detected          0  None       core/g_slave.alive_reg/C  core/g_slave.receiver/trigger_at_reg[15]/R
541  CDC-15  Warning   Clock enable controlled CDC structure detected          0  None       core/g_slave.alive_reg/C  core/g_slave.receiver/trigger_at_reg[16]/R
542  CDC-15  Warning   Clock enable controlled CDC structure detected          0  None       core/g_slave.alive_reg/C  core/g_slave.receiver/trigger_at_reg[17]/R
543  CDC-15  Warning   Clock enable controlled CDC structure detected          0  None       core/g_slave.alive_reg/C  core/g_slave.receiver/trigger_at_reg[18]/R
544  CDC-15  Warning   Clock enable controlled CDC structure detected          0  None       core/g_slave.alive_reg/C  core/g_slave.receiver/trigger_at_reg[19]/R
545  CDC-15  Warning   Clock enable controlled CDC structure detected          0  None       core/g_slave.alive_reg/C  core/g_slave.receiver/trigger_at_reg[20]/R
546  CDC-15  Warning   Clock enable controlled CDC structure detected          0  None       core/g_slave.alive_reg/C  core/g_slave.receiver/trigger_at_reg[21]/R
547  CDC-15  Warning   Clock enable controlled CDC structure detected          0  None       core/g_slave.alive_reg/C  core/g_slave.receiver/trigger_at_reg[22]/R
548  CDC-15  Warning   Clock enable controlled CDC structure detected          0  None       core/g_slave.alive_reg/C  core/g_slave.receiver/trigger_at_reg[23]/R
549  CDC-15  Warning   Clock enable controlled CDC structure detected          0  None       core/g_slave.alive_reg/C  core/g_slave.receiver/trigger_at_reg[24]/R
550  CDC-15  Warning   Clock enable controlled CDC structure detected          0  None       core/g_slave.alive_reg/C  core/g_slave.receiver/trigger_at_reg[25]/R
551  CDC-15  Warning   Clock enable controlled CDC structure detected          0  None       core/g_slave.alive_reg/C  core/g_slave.receiver/trigger_at_reg[26]/R
552  CDC-15  Warning   Clock enable controlled CDC structure detected          0  None       core/g_slave.alive_reg/C  core/g_slave.receiver/trigger_at_reg[27]/R
553  CDC-15  Warning   Clock enable controlled CDC structure detected          0  None       core/g_slave.alive_reg/C  core/g_slave.receiver/trigger_at_reg[28]/R
554  CDC-15  Warning   Clock enable controlled CDC structure detected          0  None       core/g_slave.alive_reg/C  core/g_slave.receiver/trigger_at_reg[29]/R
555  CDC-15  Warning   Clock enable controlled CDC structure detected          0  None       core/g_slave.alive_reg/C  core/g_slave.receiver/trigger_at_reg[30]/R
556  CDC-15  Warning   Clock enable controlled CDC structure detected          0  None       core/g_slave.alive_reg/C  core/g_slave.receiver/trigger_at_reg[31]/R
557  CDC-15  Warning   Clock enable controlled CDC structure detected          0  None       core/g_slave.alive_reg/C  core/g_slave.receiver/trigger_at_reg[32]/R
558  CDC-15  Warning   Clock enable controlled CDC structure detected          0  None       core/g_slave.alive_reg/C  core/g_slave.receiver/trigger_at_reg[33]/R
559  CDC-15  Warning   Clock enable controlled CDC structure detected          0  None       core/g_slave.alive_reg/C  core/g_slave.receiver/trigger_at_reg[34]/R
560  CDC-15  Warning   Clock enable controlled CDC structure detected          0  None       core/g_slave.alive_reg/C  core/g_slave.receiver/trigger_at_reg[35]/R
561  CDC-15  Warning   Clock enable controlled CDC structure detected          0  None       core/g_slave.alive_reg/C  core/g_slave.receiver/trigger_at_reg[36]/R
562  CDC-15  Warning   Clock enable controlled CDC structure detected          0  None       core/g_slave.alive_reg/C  core/g_slave.receiver/trigger_at_reg[37]/R
563  CDC-15  Warning   Clock enable controlled CDC structure detected          0  None       core/g_slave.alive_reg/C  core/g_slave.receiver/trigger_at_reg[38]/R
564  CDC-15  Warning   Clock enable controlled CDC structure detected          0  None       core/g_slave.alive_reg/C  core/g_slave.receiver/trigger_at_reg[39]/R
565  CDC-15  Warning   Clock enable controlled CDC structure detected          0  None       core/g_slave.alive_reg/C  core/g_slave.receiver/trigger_at_reg[40]/R
566  CDC-15  Warning   Clock enable controlled CDC structure detected          0  None       core/g_slave.alive_reg/C  core/g_slave.receiver/trigger_at_reg[41]/R
567  CDC-15  Warning   Clock enable controlled CDC structure detected          0  None       core/g_slave.alive_reg/C  core/g_slave.receiver/trigger_at_reg[42]/R
568  CDC-15  Warning   Clock enable controlled CDC structure detected          0  None       core/g_slave.alive_reg/C  core/g_slave.receiver/trigger_at_reg[43]/R
569  CDC-15  Warning   Clock enable controlled CDC structure detected          0  None       core/g_slave.alive_reg/C  core/g_slave.receiver/trigger_at_reg[44]/R
570  CDC-15  Warning   Clock enable controlled CDC structure detected          0  None       core/g_slave.alive_reg/C  core/g_slave.receiver/trigger_at_reg[45]/R
571  CDC-15  Warning   Clock enable controlled CDC structure detected          0  None       core/g_slave.alive_reg/C  core/g_slave.receiver/trigger_at_reg[46]/R
572  CDC-15  Warning   Clock enable controlled CDC structure detected          0  None       core/g_slave.alive_reg/C  core/g_slave.receiver/trigger_at_reg[47]/R
573  CDC-15  Warning   Clock enable controlled CDC structure detected          0  None       core/g_slave.alive_reg/C  core/g_slave.receiver/trigger_at_reg[48]/R
574  CDC-15  Warning   Clock enable controlled CDC structure detected          0  None       core/g_slave.alive_reg/C  core/g_slave.receiver/trigger_at_reg[49]/R
575  CDC-15  Warning   Clock enable controlled CDC structure detected          0  None       core/g_slave.alive_reg/C  core/g_slave.receiver/trigger_at_reg[50]/R
576  CDC-15  Warning   Clock enable controlled CDC structure detected          0  None       core/g_slave.alive_reg/C  core/g_slave.receiver/trigger_at_reg[51]/R
577  CDC-15  Warning   Clock enable controlled CDC structure detected          0  None       core/g_slave.alive_reg/C  core/g_slave.receiver/trigger_at_reg[52]/R
578  CDC-15  Warning   Clock enable controlled CDC structure detected          0  None       core/g_slave.alive_reg/C  core/g_slave.receiver/trigger_at_reg[53]/R
579  CDC-15  Warning   Clock enable controlled CDC structure detected          0  None       core/g_slave.alive_reg/C  core/g_slave.receiver/trigger_at_reg[54]/R
580  CDC-15  Warning   Clock enable controlled CDC structure detected          0  None       core/g_slave.alive_reg/C  core/g_slave.receiver/trigger_at_reg[55]/R
581  CDC-15  Warning   Clock enable controlled CDC structure detected          0  None       core/g_slave.alive_reg/C  core/g_slave.receiver/trigger_at_reg[56]/R
582  CDC-15  Warning   Clock enable controlled CDC structure detected          0  None       core/g_slave.alive_reg/C  core/g_slave.receiver/trigger_at_reg[57]/R
583  CDC-15  Warning   Clock enable controlled CDC structure detected          0  None       core/g_slave.alive_reg/C  core/g_slave.receiver/trigger_at_reg[58]/R
584  CDC-15  Warning   Clock enable controlled CDC structure detected          0  None       core/g_slave.alive_reg/C  core/g_slave.receiver/trigger_at_reg[59]/R
585  CDC-15  Warning   Clock enable controlled CDC structure detected          0  None       core/g_slave.alive_reg/C  core/g_slave.receiver/trigger_at_reg[60]/R
586  CDC-15  Warning   Clock enable controlled CDC structure detected          0  None       core/g_slave.alive_reg/C  core/g_slave.receiver/trigger_at_reg[61]/R
587  CDC-15  Warning   Clock enable controlled CDC structure detected          0  None       core/g_slave.alive_reg/C  core/g_slave.receiver/trigger_at_reg[62]/R
588  CDC-15  Warning   Clock enable controlled CDC structure detected          0  None       core/g_slave.alive_reg/C  core/g_slave.receiver/trigger_at_reg[63]/R
589  CDC-1   Critical  1-bit unknown CDC circuitry                             0  None       core/g_slave.alive_reg/C  core/g_slave.receiver/trigger_pending_reg/D
590  CDC-1   Critical  1-bit unknown CDC circuitry                             0  None       core/g_slave.alive_reg/C  core/g_slave.receiver/trigger_pulse_reg/D
591  CDC-10  Critical  Combinational logic detected before a synchronizer      3  None       rst_n                     core/reset_release_reg[0]/CLR

Source Clock: g_hw.mmcm_clk
Destination Clock: local50
CDC Type: No Common Primary Clock

Row  ID     Severity  Description                                 Depth  Exception  Source (From)                          Destination (To)
---  -----  --------  ------------------------------------------  -----  ---------  -------------------------------------  ------------------------------------
  1  CDC-3  Info      1-bit synchronized with ASYNC_REG property      2  None       core/g_slave.clock_heartbeat_reg[4]/C  core/g_slave.heartbeat_pipe_reg[0]/D

