
****** Vivado v2025.2 (64-bit)
  **** SW Build 6299465 on Fri Nov 14 19:35:11 GMT 2025
  **** IP Build 6300035 on Fri Nov 14 10:48:45 MST 2025
  **** SharedData Build 6298862 on Thu Nov 13 04:50:51 MST 2025
  **** Start of session at: Tue Sep 29 23:30:32 2026
    ** Copyright 1986-2022 Xilinx, Inc. All Rights Reserved.
    ** Copyright 2022-2025 Advanced Micro Devices, Inc. All Rights Reserved.

source {C:\Users\BELYA\Documents\Codex\2026-09-29\https-github-com-loverlike1216-sonofield-fpga\outputs\sonofield-v3\v3\vivado\build.tcl}
# set root [file normalize [file join [file dirname [info script]] ..]]
# set evidence [file join $root evidence task001]
# set_param general.maxThreads 4
# set result [open [file join $evidence build-results.tsv] w]
# puts $result "role\tsynthesis\timplementation\tsetup_slack_ns\thold_slack_ns\tstatus"
# set sources {}
# foreach rel {rtl/sync/sync_protocol.sv rtl/sync/timestamp_counter.sv rtl/sync/sync_master.sv rtl/sync/sync_slave.sv rtl/sync/delay_measure.sv rtl/clock/clk_manager.sv rtl/top/dual_sync_top.sv} {
#  lappend sources [file join $root $rel]
# }
# foreach role {master slave} {
#  set top ebaz_$role
#  set dest [file join $evidence $top];file mkdir $dest
#  set syn NOT_RUN;set impl NOT_RUN;set setup NA;set hold NA;set status ERROR
#  if {[catch {
#   create_project $top [file join $root vivado build $top] -part xc7z010clg400-1 -force
#   set_property target_language Verilog [current_project]
#   add_files -norecurse $sources
#   add_files -fileset constrs_1 -norecurse [file join $root constraints $top.xdc]
#   set_property top $top [current_fileset]
#   update_compile_order -fileset sources_1
#   synth_design -top $top -part xc7z010clg400-1
#   set syn SYNTHESIZED
#   write_checkpoint -force [file join $dest synthesized.dcp]
#   report_utilization -file [file join $dest synthesis_utilization.rpt]
#   report_timing_summary -delay_type min_max -report_unconstrained -file [file join $dest synthesis_timing.rpt]
#   report_property -all -file [file join $dest L17_package_pin.rpt] [get_package_pins L17]
#   if {![regexp {MRCC|SRCC} [get_property PIN_FUNC [get_package_pins L17]]]} {error "L17 is not clock capable for this part"}
#   report_io -file [file join $dest io.rpt]
#   opt_design
#   place_design
#   phys_opt_design
#   route_design
#   set impl IMPLEMENTED
#   write_checkpoint -force [file join $dest routed.dcp]
#   report_utilization -file [file join $dest utilization.rpt]
#   report_timing_summary -delay_type min_max -report_unconstrained -check_timing_verbose -file [file join $dest timing.rpt]
#   report_timing -delay_type max -max_paths 10 -file [file join $dest setup_paths.rpt]
#   report_timing -delay_type min -max_paths 10 -file [file join $dest hold_paths.rpt]
#   report_clock_interaction -file [file join $dest clock_interaction.rpt]
#   report_cdc -details -file [file join $dest cdc.rpt]
#   report_drc -file [file join $dest drc.rpt]
#   report_methodology -file [file join $dest methodology.rpt]
#   report_clocks -file [file join $dest clocks.rpt]
#   set sp [get_timing_paths -delay_type max -max_paths 1]
#   set hp [get_timing_paths -delay_type min -max_paths 1]
#   if {[llength $sp]} {set setup [get_property SLACK [lindex $sp 0]]}
#   if {[llength $hp]} {set hold [get_property SLACK [lindex $hp 0]]}
#   set status TIMING_FAIL
#   if {$setup ne "NA" && $hold ne "NA" && $setup>=0 && $hold>=0} {set status TIMING_BUDGET_MET_NOT_HARDWARE_VERIFIED}
#  } msg opts]} {
#   set errorfile [open [file join $dest failure.txt] w];puts $errorfile $msg;puts $errorfile [dict get $opts -errorinfo];close $errorfile
#   puts "BUILD_ERROR $top $msg"
#  }
#  puts $result "$role\t$syn\t$impl\t$setup\t$hold\t$status";flush $result
#  catch {close_project}
# }
INFO: [ProjectBase 1-489] The host OS only allows 260 characters in a normal path. The project is stored in a path with more than 80 characters. If you experience issues with IP, Block Designs, or files not being found, please consider moving the project to a location with a shorter path. Alternately consider using the OS subst command to map part of the path to a drive letter.
Current project path is 'C:/Users/BELYA/Documents/Codex/2026-09-29/https-github-com-loverlike1216-sonofield-fpga/outputs/sonofield-v3/v3/vivado/build/ebaz_master'
create_project: Time (s): cpu = 00:00:14 ; elapsed = 00:00:11 . Memory (MB): peak = 546.094 ; gain = 225.512
Command: synth_design -top ebaz_master -part xc7z010clg400-1
Starting synth_design
Attempting to get a license for feature 'Synthesis' and/or device 'xc7z010'
INFO: [Common 17-349] Got license for feature 'Synthesis' and/or device 'xc7z010'
INFO: [Device 21-403] Loading part xc7z010clg400-1
INFO: [Synth 8-7079] Multithreading enabled for synth_design using a maximum of 4 processes.
INFO: [Synth 8-7078] Launching helper process for spawning children vivado processes
INFO: [Synth 8-7075] Helper process launched with PID 268112
---------------------------------------------------------------------------------
Starting RTL Elaboration : Time (s): cpu = 00:00:08 ; elapsed = 00:00:10 . Memory (MB): peak = 1299.559 ; gain = 540.195
---------------------------------------------------------------------------------
WARNING: [Synth 8-6901] identifier 'lock_pipe' is used before its declaration [C:/Users/BELYA/Documents/Codex/2026-09-29/https-github-com-loverlike1216-sonofield-fpga/outputs/sonofield-v3/v3/rtl/top/dual_sync_top.sv:39]
WARNING: [Synth 8-6901] identifier 'lock_pipe' is used before its declaration [C:/Users/BELYA/Documents/Codex/2026-09-29/https-github-com-loverlike1216-sonofield-fpga/outputs/sonofield-v3/v3/rtl/top/dual_sync_top.sv:40]
INFO: [Synth 8-6157] synthesizing module 'ebaz_master' [C:/Users/BELYA/Documents/Codex/2026-09-29/https-github-com-loverlike1216-sonofield-fpga/outputs/sonofield-v3/v3/rtl/top/dual_sync_top.sv:93]
INFO: [Synth 8-6157] synthesizing module 'dual_sync_top' [C:/Users/BELYA/Documents/Codex/2026-09-29/https-github-com-loverlike1216-sonofield-fpga/outputs/sonofield-v3/v3/rtl/top/dual_sync_top.sv:3]
	Parameter MASTER bound to: 1'b1 
INFO: [Synth 8-6157] synthesizing module 'ODDR' [D:/amd2025_2/2025.2/Vivado/scripts/rt/data/unisim_comp.v:117225]
	Parameter DDR_CLK_EDGE bound to: SAME_EDGE - type: string 
INFO: [Synth 8-6155] done synthesizing module 'ODDR' (0#1) [D:/amd2025_2/2025.2/Vivado/scripts/rt/data/unisim_comp.v:117225]
INFO: [Synth 8-6157] synthesizing module 'timestamp_counter' [C:/Users/BELYA/Documents/Codex/2026-09-29/https-github-com-loverlike1216-sonofield-fpga/outputs/sonofield-v3/v3/rtl/sync/timestamp_counter.sv:3]
INFO: [Synth 8-6155] done synthesizing module 'timestamp_counter' (0#1) [C:/Users/BELYA/Documents/Codex/2026-09-29/https-github-com-loverlike1216-sonofield-fpga/outputs/sonofield-v3/v3/rtl/sync/timestamp_counter.sv:3]
INFO: [Synth 8-6157] synthesizing module 'sync_master' [C:/Users/BELYA/Documents/Codex/2026-09-29/https-github-com-loverlike1216-sonofield-fpga/outputs/sonofield-v3/v3/rtl/sync/sync_master.sv:2]
INFO: [Synth 8-6155] done synthesizing module 'sync_master' (0#1) [C:/Users/BELYA/Documents/Codex/2026-09-29/https-github-com-loverlike1216-sonofield-fpga/outputs/sonofield-v3/v3/rtl/sync/sync_master.sv:2]
INFO: [Synth 8-6157] synthesizing module 'delay_measure' [C:/Users/BELYA/Documents/Codex/2026-09-29/https-github-com-loverlike1216-sonofield-fpga/outputs/sonofield-v3/v3/rtl/sync/delay_measure.sv:4]
INFO: [Synth 8-6155] done synthesizing module 'delay_measure' (0#1) [C:/Users/BELYA/Documents/Codex/2026-09-29/https-github-com-loverlike1216-sonofield-fpga/outputs/sonofield-v3/v3/rtl/sync/delay_measure.sv:4]
INFO: [Synth 8-6157] synthesizing module 'clk_manager' [C:/Users/BELYA/Documents/Codex/2026-09-29/https-github-com-loverlike1216-sonofield-fpga/outputs/sonofield-v3/v3/rtl/clock/clk_manager.sv:2]
	Parameter SIMULATION bound to: 1'b0 
INFO: [Synth 8-6157] synthesizing module 'IBUF' [D:/amd2025_2/2025.2/Vivado/scripts/rt/data/unisim_comp.v:82804]
INFO: [Synth 8-6155] done synthesizing module 'IBUF' (0#1) [D:/amd2025_2/2025.2/Vivado/scripts/rt/data/unisim_comp.v:82804]
INFO: [Synth 8-6157] synthesizing module 'MMCME2_BASE' [D:/amd2025_2/2025.2/Vivado/scripts/rt/data/unisim_comp.v:95964]
	Parameter CLKFBOUT_MULT_F bound to: 2.000000e+01 - type: double 
	Parameter CLKIN1_PERIOD bound to: 2.000000e+01 - type: double 
	Parameter CLKOUT0_DIVIDE_F bound to: 2.000000e+01 - type: double 
	Parameter DIVCLK_DIVIDE bound to: 1 - type: integer 
	Parameter STARTUP_WAIT bound to: FALSE - type: string 
INFO: [Synth 8-6155] done synthesizing module 'MMCME2_BASE' (0#1) [D:/amd2025_2/2025.2/Vivado/scripts/rt/data/unisim_comp.v:95964]
WARNING: [Synth 8-7071] port 'CLKFBOUTB' of module 'MMCME2_BASE' is unconnected for instance 'mmcm' [C:/Users/BELYA/Documents/Codex/2026-09-29/https-github-com-loverlike1216-sonofield-fpga/outputs/sonofield-v3/v3/rtl/clock/clk_manager.sv:10]
WARNING: [Synth 8-7071] port 'CLKOUT0B' of module 'MMCME2_BASE' is unconnected for instance 'mmcm' [C:/Users/BELYA/Documents/Codex/2026-09-29/https-github-com-loverlike1216-sonofield-fpga/outputs/sonofield-v3/v3/rtl/clock/clk_manager.sv:10]
WARNING: [Synth 8-7071] port 'CLKOUT1' of module 'MMCME2_BASE' is unconnected for instance 'mmcm' [C:/Users/BELYA/Documents/Codex/2026-09-29/https-github-com-loverlike1216-sonofield-fpga/outputs/sonofield-v3/v3/rtl/clock/clk_manager.sv:10]
WARNING: [Synth 8-7071] port 'CLKOUT1B' of module 'MMCME2_BASE' is unconnected for instance 'mmcm' [C:/Users/BELYA/Documents/Codex/2026-09-29/https-github-com-loverlike1216-sonofield-fpga/outputs/sonofield-v3/v3/rtl/clock/clk_manager.sv:10]
WARNING: [Synth 8-7071] port 'CLKOUT2' of module 'MMCME2_BASE' is unconnected for instance 'mmcm' [C:/Users/BELYA/Documents/Codex/2026-09-29/https-github-com-loverlike1216-sonofield-fpga/outputs/sonofield-v3/v3/rtl/clock/clk_manager.sv:10]
WARNING: [Synth 8-7071] port 'CLKOUT2B' of module 'MMCME2_BASE' is unconnected for instance 'mmcm' [C:/Users/BELYA/Documents/Codex/2026-09-29/https-github-com-loverlike1216-sonofield-fpga/outputs/sonofield-v3/v3/rtl/clock/clk_manager.sv:10]
WARNING: [Synth 8-7071] port 'CLKOUT3' of module 'MMCME2_BASE' is unconnected for instance 'mmcm' [C:/Users/BELYA/Documents/Codex/2026-09-29/https-github-com-loverlike1216-sonofield-fpga/outputs/sonofield-v3/v3/rtl/clock/clk_manager.sv:10]
WARNING: [Synth 8-7071] port 'CLKOUT3B' of module 'MMCME2_BASE' is unconnected for instance 'mmcm' [C:/Users/BELYA/Documents/Codex/2026-09-29/https-github-com-loverlike1216-sonofield-fpga/outputs/sonofield-v3/v3/rtl/clock/clk_manager.sv:10]
WARNING: [Synth 8-7071] port 'CLKOUT4' of module 'MMCME2_BASE' is unconnected for instance 'mmcm' [C:/Users/BELYA/Documents/Codex/2026-09-29/https-github-com-loverlike1216-sonofield-fpga/outputs/sonofield-v3/v3/rtl/clock/clk_manager.sv:10]
WARNING: [Synth 8-7071] port 'CLKOUT5' of module 'MMCME2_BASE' is unconnected for instance 'mmcm' [C:/Users/BELYA/Documents/Codex/2026-09-29/https-github-com-loverlike1216-sonofield-fpga/outputs/sonofield-v3/v3/rtl/clock/clk_manager.sv:10]
WARNING: [Synth 8-7071] port 'CLKOUT6' of module 'MMCME2_BASE' is unconnected for instance 'mmcm' [C:/Users/BELYA/Documents/Codex/2026-09-29/https-github-com-loverlike1216-sonofield-fpga/outputs/sonofield-v3/v3/rtl/clock/clk_manager.sv:10]
WARNING: [Synth 8-7023] instance 'mmcm' of module 'MMCME2_BASE' has 18 connections declared, but only 7 given [C:/Users/BELYA/Documents/Codex/2026-09-29/https-github-com-loverlike1216-sonofield-fpga/outputs/sonofield-v3/v3/rtl/clock/clk_manager.sv:10]
INFO: [Synth 8-6157] synthesizing module 'BUFG' [D:/amd2025_2/2025.2/Vivado/scripts/rt/data/unisim_comp.v:2678]
INFO: [Synth 8-6155] done synthesizing module 'BUFG' (0#1) [D:/amd2025_2/2025.2/Vivado/scripts/rt/data/unisim_comp.v:2678]
INFO: [Synth 8-6155] done synthesizing module 'clk_manager' (0#1) [C:/Users/BELYA/Documents/Codex/2026-09-29/https-github-com-loverlike1216-sonofield-fpga/outputs/sonofield-v3/v3/rtl/clock/clk_manager.sv:2]
INFO: [Synth 8-6155] done synthesizing module 'dual_sync_top' (0#1) [C:/Users/BELYA/Documents/Codex/2026-09-29/https-github-com-loverlike1216-sonofield-fpga/outputs/sonofield-v3/v3/rtl/top/dual_sync_top.sv:3]
INFO: [Synth 8-6155] done synthesizing module 'ebaz_master' (0#1) [C:/Users/BELYA/Documents/Codex/2026-09-29/https-github-com-loverlike1216-sonofield-fpga/outputs/sonofield-v3/v3/rtl/top/dual_sync_top.sv:93]
INFO: [Synth 8-6071] Mark debug on the nets applies keep_hierarchy on instance 'g_master.delay_meter'. This will prevent further optimization [C:/Users/BELYA/Documents/Codex/2026-09-29/https-github-com-loverlike1216-sonofield-fpga/outputs/sonofield-v3/v3/rtl/top/dual_sync_top.sv:49]
WARNING: [Synth 8-7129] Port sync_clk_in in module dual_sync_top is either unconnected or has no load
WARNING: [Synth 8-7129] Port sync_data_in in module dual_sync_top is either unconnected or has no load
WARNING: [Synth 8-7129] Port sync_valid_in in module dual_sync_top is either unconnected or has no load
WARNING: [Synth 8-7129] Port sync_reset_in in module dual_sync_top is either unconnected or has no load
---------------------------------------------------------------------------------
Finished RTL Elaboration : Time (s): cpu = 00:00:11 ; elapsed = 00:00:14 . Memory (MB): peak = 1422.043 ; gain = 662.680
---------------------------------------------------------------------------------
---------------------------------------------------------------------------------
Start Handling Custom Attributes
---------------------------------------------------------------------------------
---------------------------------------------------------------------------------
Finished Handling Custom Attributes : Time (s): cpu = 00:00:11 ; elapsed = 00:00:14 . Memory (MB): peak = 1422.043 ; gain = 662.680
---------------------------------------------------------------------------------
---------------------------------------------------------------------------------
Finished RTL Optimization Phase 1 : Time (s): cpu = 00:00:11 ; elapsed = 00:00:14 . Memory (MB): peak = 1422.043 ; gain = 662.680
---------------------------------------------------------------------------------
Netlist sorting complete. Time (s): cpu = 00:00:00 ; elapsed = 00:00:00.041 . Memory (MB): peak = 1422.043 ; gain = 0.000
INFO: [Netlist 29-17] Analyzing 2 Unisim elements for replacement
INFO: [Netlist 29-28] Unisim Transformation completed in 0 CPU seconds
INFO: [Project 1-570] Preparing netlist for logic optimization

Processing XDC Constraints
Initializing timing engine
Parsing XDC File [C:/Users/BELYA/Documents/Codex/2026-09-29/https-github-com-loverlike1216-sonofield-fpga/outputs/sonofield-v3/v3/constraints/ebaz_master.xdc]
WARNING: [Vivado 12-508] No pins matched 'core/g_master/forward_clock/C'. [C:/Users/BELYA/Documents/Codex/2026-09-29/https-github-com-loverlike1216-sonofield-fpga/outputs/sonofield-v3/v3/constraints/ebaz_master.xdc:32]
CRITICAL WARNING: [Vivado 12-4739] create_generated_clock:No valid object(s) found for '-source [get_pins core/g_master/forward_clock/C]'. [C:/Users/BELYA/Documents/Codex/2026-09-29/https-github-com-loverlike1216-sonofield-fpga/outputs/sonofield-v3/v3/constraints/ebaz_master.xdc:32]
Resolution: Check if the specified object(s) exists in the current design. If it does, ensure that the correct design hierarchy was specified for the object. If you are working with clocks, make sure create_clock was used to create the clock object before it is referenced.
INFO: [Timing 38-2] Deriving generated clocks [C:/Users/BELYA/Documents/Codex/2026-09-29/https-github-com-loverlike1216-sonofield-fpga/outputs/sonofield-v3/v3/constraints/ebaz_master.xdc:33]
WARNING: [Vivado 12-646] clock 'forwarded50' not found. [C:/Users/BELYA/Documents/Codex/2026-09-29/https-github-com-loverlike1216-sonofield-fpga/outputs/sonofield-v3/v3/constraints/ebaz_master.xdc:33]
CRITICAL WARNING: [Vivado 12-4739] set_output_delay:No valid object(s) found for '-clock forwarded50'. [C:/Users/BELYA/Documents/Codex/2026-09-29/https-github-com-loverlike1216-sonofield-fpga/outputs/sonofield-v3/v3/constraints/ebaz_master.xdc:33]
Resolution: Check if the specified object(s) exists in the current design. If it does, ensure that the correct design hierarchy was specified for the object. If you are working with clocks, make sure create_clock was used to create the clock object before it is referenced.
WARNING: [Vivado 12-646] clock 'forwarded50' not found. [C:/Users/BELYA/Documents/Codex/2026-09-29/https-github-com-loverlike1216-sonofield-fpga/outputs/sonofield-v3/v3/constraints/ebaz_master.xdc:34]
CRITICAL WARNING: [Vivado 12-4739] set_output_delay:No valid object(s) found for '-clock forwarded50'. [C:/Users/BELYA/Documents/Codex/2026-09-29/https-github-com-loverlike1216-sonofield-fpga/outputs/sonofield-v3/v3/constraints/ebaz_master.xdc:34]
Resolution: Check if the specified object(s) exists in the current design. If it does, ensure that the correct design hierarchy was specified for the object. If you are working with clocks, make sure create_clock was used to create the clock object before it is referenced.
Finished Parsing XDC File [C:/Users/BELYA/Documents/Codex/2026-09-29/https-github-com-loverlike1216-sonofield-fpga/outputs/sonofield-v3/v3/constraints/ebaz_master.xdc]
INFO: [Project 1-236] Implementation specific constraints were found while reading constraint file [C:/Users/BELYA/Documents/Codex/2026-09-29/https-github-com-loverlike1216-sonofield-fpga/outputs/sonofield-v3/v3/constraints/ebaz_master.xdc]. These constraints will be ignored for synthesis but will be used in implementation. Impacted constraints are listed in the file [.Xil/ebaz_master_propImpl.xdc].
Resolution: To avoid this warning, move constraints listed in [.Xil/ebaz_master_propImpl.xdc] to another XDC file and exclude this new file from synthesis with the used_in_synthesis property (File Properties dialog in GUI) and re-run elaboration/synthesis.
Completed Processing XDC Constraints

Netlist sorting complete. Time (s): cpu = 00:00:00 ; elapsed = 00:00:00.001 . Memory (MB): peak = 1500.324 ; gain = 0.000
INFO: [Project 1-111] Unisim Transformation Summary:
  A total of 1 instances were transformed.
  MMCME2_BASE => MMCME2_ADV: 1 instance 

Constraint Validation Runtime : Time (s): cpu = 00:00:00 ; elapsed = 00:00:00.023 . Memory (MB): peak = 1500.324 ; gain = 0.000
---------------------------------------------------------------------------------
Finished Constraint Validation : Time (s): cpu = 00:00:25 ; elapsed = 00:00:29 . Memory (MB): peak = 1500.324 ; gain = 740.961
---------------------------------------------------------------------------------
---------------------------------------------------------------------------------
Start Loading Part and Timing Information
---------------------------------------------------------------------------------
Loading part: xc7z010clg400-1
---------------------------------------------------------------------------------
Finished Loading Part and Timing Information : Time (s): cpu = 00:00:25 ; elapsed = 00:00:29 . Memory (MB): peak = 1500.324 ; gain = 740.961
---------------------------------------------------------------------------------
---------------------------------------------------------------------------------
Start Applying 'set_property' XDC Constraints
---------------------------------------------------------------------------------
---------------------------------------------------------------------------------
Finished applying 'set_property' XDC Constraints : Time (s): cpu = 00:00:25 ; elapsed = 00:00:29 . Memory (MB): peak = 1500.324 ; gain = 740.961
---------------------------------------------------------------------------------
---------------------------------------------------------------------------------
Finished RTL Optimization Phase 2 : Time (s): cpu = 00:00:26 ; elapsed = 00:00:30 . Memory (MB): peak = 1500.324 ; gain = 740.961
---------------------------------------------------------------------------------
---------------------------------------------------------------------------------
Start RTL Component Statistics 
---------------------------------------------------------------------------------
Detailed RTL Component Info : 
+---Adders : 
	   3 Input   64 Bit       Adders := 3     
	   2 Input   64 Bit       Adders := 3     
	   2 Input   10 Bit       Adders := 1     
	   2 Input    8 Bit       Adders := 1     
+---XORs : 
	   2 Input     16 Bit         XORs := 1     
	   2 Input      1 Bit         XORs := 1     
+---Registers : 
	              128 Bit    Registers := 1     
	               64 Bit    Registers := 4     
	               32 Bit    Registers := 2     
	               16 Bit    Registers := 1     
	               10 Bit    Registers := 1     
	                8 Bit    Registers := 1     
	                3 Bit    Registers := 1     
	                2 Bit    Registers := 3     
	                1 Bit    Registers := 22    
+---Muxes : 
	   2 Input  128 Bit        Muxes := 1     
	   2 Input   64 Bit        Muxes := 1     
	   2 Input   16 Bit        Muxes := 2     
	   5 Input    8 Bit        Muxes := 1     
	   2 Input    2 Bit        Muxes := 1     
	   2 Input    1 Bit        Muxes := 39    
	   4 Input    1 Bit        Muxes := 1     
---------------------------------------------------------------------------------
Finished RTL Component Statistics 
---------------------------------------------------------------------------------
---------------------------------------------------------------------------------
Start Part Resource Summary
---------------------------------------------------------------------------------
Part Resources:
DSPs: 80 (col length:40)
BRAMs: 120 (col length: RAMB18 40 RAMB36 20)
---------------------------------------------------------------------------------
Finished Part Resource Summary
---------------------------------------------------------------------------------
---------------------------------------------------------------------------------
Start Cross Boundary and Area Optimization
---------------------------------------------------------------------------------
---------------------------------------------------------------------------------
Finished Cross Boundary and Area Optimization : Time (s): cpu = 00:00:34 ; elapsed = 00:00:38 . Memory (MB): peak = 1509.488 ; gain = 750.125
---------------------------------------------------------------------------------
---------------------------------------------------------------------------------
Start Applying XDC Timing Constraints
---------------------------------------------------------------------------------
---------------------------------------------------------------------------------
Finished Applying XDC Timing Constraints : Time (s): cpu = 00:00:42 ; elapsed = 00:00:47 . Memory (MB): peak = 1638.855 ; gain = 879.492
---------------------------------------------------------------------------------
---------------------------------------------------------------------------------
Start Timing Optimization
---------------------------------------------------------------------------------
---------------------------------------------------------------------------------
Finished Timing Optimization : Time (s): cpu = 00:00:44 ; elapsed = 00:00:49 . Memory (MB): peak = 1689.043 ; gain = 929.680
---------------------------------------------------------------------------------
---------------------------------------------------------------------------------
Start Technology Mapping
---------------------------------------------------------------------------------
---------------------------------------------------------------------------------
Finished Technology Mapping : Time (s): cpu = 00:00:45 ; elapsed = 00:00:50 . Memory (MB): peak = 1689.043 ; gain = 929.680
---------------------------------------------------------------------------------
---------------------------------------------------------------------------------
Start IO Insertion
---------------------------------------------------------------------------------
---------------------------------------------------------------------------------
Start Flattening Before IO Insertion
---------------------------------------------------------------------------------
---------------------------------------------------------------------------------
Finished Flattening Before IO Insertion
---------------------------------------------------------------------------------
---------------------------------------------------------------------------------
Start Final Netlist Cleanup
---------------------------------------------------------------------------------
---------------------------------------------------------------------------------
Finished Final Netlist Cleanup
---------------------------------------------------------------------------------
---------------------------------------------------------------------------------
Finished IO Insertion : Time (s): cpu = 00:00:51 ; elapsed = 00:00:57 . Memory (MB): peak = 1912.520 ; gain = 1153.156
---------------------------------------------------------------------------------
---------------------------------------------------------------------------------
Start Renaming Generated Instances
---------------------------------------------------------------------------------
---------------------------------------------------------------------------------
Finished Renaming Generated Instances : Time (s): cpu = 00:00:51 ; elapsed = 00:00:57 . Memory (MB): peak = 1912.520 ; gain = 1153.156
---------------------------------------------------------------------------------
---------------------------------------------------------------------------------
Start Rebuilding User Hierarchy
---------------------------------------------------------------------------------
---------------------------------------------------------------------------------
Finished Rebuilding User Hierarchy : Time (s): cpu = 00:00:51 ; elapsed = 00:00:57 . Memory (MB): peak = 1912.520 ; gain = 1153.156
---------------------------------------------------------------------------------
---------------------------------------------------------------------------------
Start Renaming Generated Ports
---------------------------------------------------------------------------------
---------------------------------------------------------------------------------
Finished Renaming Generated Ports : Time (s): cpu = 00:00:51 ; elapsed = 00:00:57 . Memory (MB): peak = 1912.520 ; gain = 1153.156
---------------------------------------------------------------------------------
---------------------------------------------------------------------------------
Start Handling Custom Attributes
---------------------------------------------------------------------------------
---------------------------------------------------------------------------------
Finished Handling Custom Attributes : Time (s): cpu = 00:00:52 ; elapsed = 00:00:57 . Memory (MB): peak = 1912.520 ; gain = 1153.156
---------------------------------------------------------------------------------
---------------------------------------------------------------------------------
Start Renaming Generated Nets
---------------------------------------------------------------------------------
---------------------------------------------------------------------------------
Finished Renaming Generated Nets : Time (s): cpu = 00:00:52 ; elapsed = 00:00:57 . Memory (MB): peak = 1912.520 ; gain = 1153.156
---------------------------------------------------------------------------------
---------------------------------------------------------------------------------
Start Writing Synthesis Report
---------------------------------------------------------------------------------

Report BlackBoxes: 
+-+--------------+----------+
| |BlackBox name |Instances |
+-+--------------+----------+
+-+--------------+----------+

Report Cell Usage: 
+------+------------+------+
|      |Cell        |Count |
+------+------------+------+
|1     |BUFG        |     2|
|2     |CARRY4      |   164|
|3     |LUT1        |   140|
|4     |LUT2        |   327|
|5     |LUT3        |    64|
|6     |LUT4        |    46|
|7     |LUT5        |    16|
|8     |LUT6        |   145|
|9     |MMCME2_BASE |     1|
|10    |ODDR        |     1|
|11    |FDCE        |     3|
|12    |FDRE        |   614|
|13    |FDSE        |    22|
|14    |IBUF        |     6|
|15    |OBUF        |    10|
+------+------------+------+
---------------------------------------------------------------------------------
Finished Writing Synthesis Report : Time (s): cpu = 00:00:52 ; elapsed = 00:00:57 . Memory (MB): peak = 1912.520 ; gain = 1153.156
---------------------------------------------------------------------------------
Synthesis finished with 0 errors, 0 critical warnings and 0 warnings.
Synthesis Optimization Runtime : Time (s): cpu = 00:00:37 ; elapsed = 00:00:53 . Memory (MB): peak = 1912.520 ; gain = 1074.875
Synthesis Optimization Complete : Time (s): cpu = 00:00:52 ; elapsed = 00:00:57 . Memory (MB): peak = 1912.520 ; gain = 1153.156
INFO: [Project 1-571] Translating synthesized netlist
Netlist sorting complete. Time (s): cpu = 00:00:00 ; elapsed = 00:00:00.032 . Memory (MB): peak = 1912.520 ; gain = 0.000
INFO: [Netlist 29-17] Analyzing 166 Unisim elements for replacement
INFO: [Netlist 29-28] Unisim Transformation completed in 0 CPU seconds
INFO: [Project 1-570] Preparing netlist for logic optimization
Parsing XDC File [C:/Users/BELYA/Documents/Codex/2026-09-29/https-github-com-loverlike1216-sonofield-fpga/outputs/sonofield-v3/v3/constraints/ebaz_master.xdc]
WARNING: [Vivado 12-508] No pins matched 'core/g_master/forward_clock/C'. [C:/Users/BELYA/Documents/Codex/2026-09-29/https-github-com-loverlike1216-sonofield-fpga/outputs/sonofield-v3/v3/constraints/ebaz_master.xdc:32]
CRITICAL WARNING: [Vivado 12-4739] create_generated_clock:No valid object(s) found for '-source [get_pins core/g_master/forward_clock/C]'. [C:/Users/BELYA/Documents/Codex/2026-09-29/https-github-com-loverlike1216-sonofield-fpga/outputs/sonofield-v3/v3/constraints/ebaz_master.xdc:32]
Resolution: Check if the specified object(s) exists in the current design. If it does, ensure that the correct design hierarchy was specified for the object. If you are working with clocks, make sure create_clock was used to create the clock object before it is referenced.
INFO: [Timing 38-35] Done setting XDC timing constraints. [C:/Users/BELYA/Documents/Codex/2026-09-29/https-github-com-loverlike1216-sonofield-fpga/outputs/sonofield-v3/v3/constraints/ebaz_master.xdc:33]
INFO: [Timing 38-2] Deriving generated clocks [C:/Users/BELYA/Documents/Codex/2026-09-29/https-github-com-loverlike1216-sonofield-fpga/outputs/sonofield-v3/v3/constraints/ebaz_master.xdc:33]
WARNING: [Vivado 12-646] clock 'forwarded50' not found. [C:/Users/BELYA/Documents/Codex/2026-09-29/https-github-com-loverlike1216-sonofield-fpga/outputs/sonofield-v3/v3/constraints/ebaz_master.xdc:33]
set_output_delay: Time (s): cpu = 00:00:08 ; elapsed = 00:00:09 . Memory (MB): peak = 2424.332 ; gain = 498.867
CRITICAL WARNING: [Vivado 12-4739] set_output_delay:No valid object(s) found for '-clock forwarded50'. [C:/Users/BELYA/Documents/Codex/2026-09-29/https-github-com-loverlike1216-sonofield-fpga/outputs/sonofield-v3/v3/constraints/ebaz_master.xdc:33]
Resolution: Check if the specified object(s) exists in the current design. If it does, ensure that the correct design hierarchy was specified for the object. If you are working with clocks, make sure create_clock was used to create the clock object before it is referenced.
WARNING: [Vivado 12-646] clock 'forwarded50' not found. [C:/Users/BELYA/Documents/Codex/2026-09-29/https-github-com-loverlike1216-sonofield-fpga/outputs/sonofield-v3/v3/constraints/ebaz_master.xdc:34]
CRITICAL WARNING: [Vivado 12-4739] set_output_delay:No valid object(s) found for '-clock forwarded50'. [C:/Users/BELYA/Documents/Codex/2026-09-29/https-github-com-loverlike1216-sonofield-fpga/outputs/sonofield-v3/v3/constraints/ebaz_master.xdc:34]
Resolution: Check if the specified object(s) exists in the current design. If it does, ensure that the correct design hierarchy was specified for the object. If you are working with clocks, make sure create_clock was used to create the clock object before it is referenced.
Finished Parsing XDC File [C:/Users/BELYA/Documents/Codex/2026-09-29/https-github-com-loverlike1216-sonofield-fpga/outputs/sonofield-v3/v3/constraints/ebaz_master.xdc]
INFO: [Opt 31-138] Pushed 0 inverter(s) to 0 load pin(s).
Netlist sorting complete. Time (s): cpu = 00:00:00 ; elapsed = 00:00:00 . Memory (MB): peak = 2424.332 ; gain = 0.000
INFO: [Project 1-111] Unisim Transformation Summary:
  A total of 1 instances were transformed.
  MMCME2_BASE => MMCME2_ADV: 1 instance 

Synth Design complete | Checksum: c4257f96
INFO: [Common 17-83] Releasing license: Synthesis
41 Infos, 24 Warnings, 6 Critical Warnings and 0 Errors encountered.
synth_design completed successfully
synth_design: Time (s): cpu = 00:01:07 ; elapsed = 00:01:18 . Memory (MB): peak = 2424.332 ; gain = 1878.238
Write ShapeDB Complete: Time (s): cpu = 00:00:00 ; elapsed = 00:00:00.007 . Memory (MB): peak = 2424.332 ; gain = 0.000
Wrote PlaceDB: Time (s): cpu = 00:00:00 ; elapsed = 00:00:00 . Memory (MB): peak = 2424.332 ; gain = 0.000
INFO: [Timing 38-480] Writing timing data to binary archive.
Wrote PulsedLatchDB: Time (s): cpu = 00:00:00 ; elapsed = 00:00:00 . Memory (MB): peak = 2424.332 ; gain = 0.000
Writing XDEF routing.
Writing XDEF routing logical nets.
Writing XDEF routing special nets.
Wrote RouteStorage: Time (s): cpu = 00:00:00 ; elapsed = 00:00:00.040 . Memory (MB): peak = 2424.332 ; gain = 0.000
Wrote PlaceStorage: Time (s): cpu = 00:00:00 ; elapsed = 00:00:00.001 . Memory (MB): peak = 2424.332 ; gain = 0.000
Wrote Netlist Cache: Time (s): cpu = 00:00:00 ; elapsed = 00:00:00 . Memory (MB): peak = 2424.332 ; gain = 0.000
Wrote Device Cache: Time (s): cpu = 00:00:00 ; elapsed = 00:00:00.016 . Memory (MB): peak = 2424.332 ; gain = 0.000
Write Physdb Complete: Time (s): cpu = 00:00:00 ; elapsed = 00:00:00.076 . Memory (MB): peak = 2424.332 ; gain = 0.000
INFO: [Common 17-1381] The checkpoint 'C:/Users/BELYA/Documents/Codex/2026-09-29/https-github-com-loverlike1216-sonofield-fpga/outputs/sonofield-v3/v3/evidence/task001/ebaz_master/synthesized.dcp' has been generated.
INFO: [Timing 38-35] Done setting XDC timing constraints.
INFO: [Timing 38-91] UpdateTimingParams: Speed grade: -1, Delay Type: min_max.
INFO: [Timing 38-191] Multithreading enabled for timing update using a maximum of 4 CPUs
report_io: Time (s): cpu = 00:00:00 ; elapsed = 00:00:00.155 . Memory (MB): peak = 2424.332 ; gain = 0.000
Command: opt_design
Attempting to get a license for feature 'Implementation' and/or device 'xc7z010'
INFO: [Common 17-349] Got license for feature 'Implementation' and/or device 'xc7z010'
Running DRC as a precondition to command opt_design

Starting DRC Task
INFO: [DRC 23-27] Running DRC with 4 threads
INFO: [Project 1-461] DRC finished with 0 Errors
INFO: [Project 1-462] Please refer to the DRC report (report_drc) for more information.

Time (s): cpu = 00:00:03 ; elapsed = 00:00:02 . Memory (MB): peak = 2424.332 ; gain = 0.000

Starting Cache Timing Information Task
Ending Cache Timing Information Task | Checksum: 149f11de6

Time (s): cpu = 00:00:00 ; elapsed = 00:00:00.005 . Memory (MB): peak = 2424.332 ; gain = 0.000

Starting Logic Optimization Task

Phase 1 Initialization

Phase 1.1 Core Generation And Design Setup
Phase 1.1 Core Generation And Design Setup | Checksum: 149f11de6

Time (s): cpu = 00:00:00 ; elapsed = 00:00:00.005 . Memory (MB): peak = 2424.332 ; gain = 0.000

Phase 1.2 Setup Constraints And Sort Netlist
Phase 1.2 Setup Constraints And Sort Netlist | Checksum: 149f11de6

Time (s): cpu = 00:00:00 ; elapsed = 00:00:00.010 . Memory (MB): peak = 2424.332 ; gain = 0.000
Phase 1 Initialization | Checksum: 149f11de6

Time (s): cpu = 00:00:00 ; elapsed = 00:00:00.011 . Memory (MB): peak = 2424.332 ; gain = 0.000

Phase 2 Timer Update And Timing Data Collection

Phase 2.1 Detect if minReqCache needed
Phase 2.1 Detect if minReqCache needed | Checksum: 149f11de6

Time (s): cpu = 00:00:00 ; elapsed = 00:00:00.033 . Memory (MB): peak = 2424.332 ; gain = 0.000

Phase 2.2 Timer Update
Phase 2.2 Timer Update | Checksum: 149f11de6

Time (s): cpu = 00:00:00 ; elapsed = 00:00:00.073 . Memory (MB): peak = 2424.332 ; gain = 0.000

Phase 2.3 Timing Data Collection
Phase 2.3 Timing Data Collection | Checksum: 149f11de6

Time (s): cpu = 00:00:00 ; elapsed = 00:00:00.075 . Memory (MB): peak = 2424.332 ; gain = 0.000
Phase 2 Timer Update And Timing Data Collection | Checksum: 149f11de6

Time (s): cpu = 00:00:00 ; elapsed = 00:00:00.076 . Memory (MB): peak = 2424.332 ; gain = 0.000

Phase 3 Retarget
INFO: [Opt 31-1851] Number of loadless carry chains removed were: 0
INFO: [Opt 31-1834] Total Chains To Be Transformed Were: 0 AND Number of Transformed insts Created are: 0
INFO: [Opt 31-138] Pushed 1 inverter(s) to 1 load pin(s).
INFO: [Opt 31-49] Retargeted 0 cell(s).
Phase 3 Retarget | Checksum: 1bda493fc

Time (s): cpu = 00:00:00 ; elapsed = 00:00:00.129 . Memory (MB): peak = 2424.332 ; gain = 0.000
Retarget | Checksum: 1bda493fc
INFO: [Opt 31-389] Phase Retarget created 0 cells and removed 1 cells
INFO: [Opt 31-1021] In phase Retarget, 1 netlist objects are constrained preventing optimization. Please run opt_design with -debug_log to get more detail. 

Phase 4 Constant propagation
INFO: [Opt 31-138] Pushed 0 inverter(s) to 0 load pin(s).
Phase 4 Constant propagation | Checksum: 1a1eb6a1a

Time (s): cpu = 00:00:00 ; elapsed = 00:00:00.157 . Memory (MB): peak = 2424.332 ; gain = 0.000
Constant propagation | Checksum: 1a1eb6a1a
INFO: [Opt 31-389] Phase Constant propagation created 0 cells and removed 0 cells

Phase 5 Sweep
INFO: [Constraints 18-11670] Building netlist checker database with flags, 0x8
Done building netlist checker database: Time (s): cpu = 00:00:00 ; elapsed = 00:00:00 . Memory (MB): peak = 2424.332 ; gain = 0.000
Phase 5 Sweep | Checksum: 2155b4f8b

Time (s): cpu = 00:00:00 ; elapsed = 00:00:00.214 . Memory (MB): peak = 2424.332 ; gain = 0.000
Sweep | Checksum: 2155b4f8b
INFO: [Opt 31-389] Phase Sweep created 0 cells and removed 137 cells
INFO: [Opt 31-1021] In phase Sweep, 64 netlist objects are constrained preventing optimization. Please run opt_design with -debug_log to get more detail. 

Phase 6 BUFG optimization
Phase 6 BUFG optimization | Checksum: 2155b4f8b

Time (s): cpu = 00:00:00 ; elapsed = 00:00:00.250 . Memory (MB): peak = 2424.332 ; gain = 0.000
BUFG optimization | Checksum: 2155b4f8b
INFO: [Opt 31-662] Phase BUFG optimization created 0 cells of which 0 are BUFGs and removed 0 cells.

Phase 7 Shift Register Optimization
INFO: [Opt 31-1064] SRL Remap converted 0 SRLs to 0 registers and converted 0 registers of register chains to 0 SRLs
Phase 7 Shift Register Optimization | Checksum: 2155b4f8b

Time (s): cpu = 00:00:00 ; elapsed = 00:00:00.258 . Memory (MB): peak = 2424.332 ; gain = 0.000
Shift Register Optimization | Checksum: 2155b4f8b
INFO: [Opt 31-389] Phase Shift Register Optimization created 0 cells and removed 0 cells

Phase 8 Post Processing Netlist
Phase 8 Post Processing Netlist | Checksum: 2155b4f8b

Time (s): cpu = 00:00:00 ; elapsed = 00:00:00.269 . Memory (MB): peak = 2424.332 ; gain = 0.000
Post Processing Netlist | Checksum: 2155b4f8b
INFO: [Opt 31-389] Phase Post Processing Netlist created 0 cells and removed 0 cells

Phase 9 Finalization

Phase 9.1 Finalizing Design Cores and Updating Shapes
Phase 9.1 Finalizing Design Cores and Updating Shapes | Checksum: 101c318f3

Time (s): cpu = 00:00:00 ; elapsed = 00:00:00.373 . Memory (MB): peak = 2424.332 ; gain = 0.000

Phase 9.2 Verifying Netlist Connectivity

Starting Connectivity Check Task

Time (s): cpu = 00:00:00 ; elapsed = 00:00:00.023 . Memory (MB): peak = 2424.332 ; gain = 0.000
Phase 9.2 Verifying Netlist Connectivity | Checksum: 101c318f3

Time (s): cpu = 00:00:00 ; elapsed = 00:00:00.399 . Memory (MB): peak = 2424.332 ; gain = 0.000
Phase 9 Finalization | Checksum: 101c318f3

Time (s): cpu = 00:00:00 ; elapsed = 00:00:00.400 . Memory (MB): peak = 2424.332 ; gain = 0.000
Opt_design Change Summary
=========================


-------------------------------------------------------------------------------------------------------------------------
|  Phase                        |  #Cells created  |  #Cells Removed  |  #Constrained objects preventing optimizations  |
-------------------------------------------------------------------------------------------------------------------------
|  Retarget                     |               0  |               1  |                                              1  |
|  Constant propagation         |               0  |               0  |                                              0  |
|  Sweep                        |               0  |             137  |                                             64  |
|  BUFG optimization            |               0  |               0  |                                              0  |
|  Shift Register Optimization  |               0  |               0  |                                              0  |
|  Post Processing Netlist      |               0  |               0  |                                              0  |
-------------------------------------------------------------------------------------------------------------------------


Ending Logic Optimization Task | Checksum: 101c318f3

Time (s): cpu = 00:00:00 ; elapsed = 00:00:00.404 . Memory (MB): peak = 2424.332 ; gain = 0.000

Starting Power Optimization Task
INFO: [Pwropt 34-132] Skipping clock gating for clocks with a period < 2.00 ns.
Ending Power Optimization Task | Checksum: 101c318f3

Time (s): cpu = 00:00:00 ; elapsed = 00:00:00.036 . Memory (MB): peak = 2424.332 ; gain = 0.000

Starting Final Cleanup Task
Ending Final Cleanup Task | Checksum: 101c318f3

Time (s): cpu = 00:00:00 ; elapsed = 00:00:00.001 . Memory (MB): peak = 2424.332 ; gain = 0.000
Netlist sorting complete. Time (s): cpu = 00:00:00 ; elapsed = 00:00:00.001 . Memory (MB): peak = 2424.332 ; gain = 0.000
INFO: [Common 17-83] Releasing license: Implementation
67 Infos, 24 Warnings, 6 Critical Warnings and 0 Errors encountered.
opt_design completed successfully
opt_design: Time (s): cpu = 00:00:09 ; elapsed = 00:00:08 . Memory (MB): peak = 2424.332 ; gain = 0.000
Command: place_design
Attempting to get a license for feature 'Implementation' and/or device 'xc7z010'
INFO: [Common 17-349] Got license for feature 'Implementation' and/or device 'xc7z010'
INFO: [Common 17-83] Releasing license: Implementation
INFO: [DRC 23-27] Running DRC with 4 threads
INFO: [Vivado_Tcl 4-198] DRC finished with 0 Errors
INFO: [Vivado_Tcl 4-199] Please refer to the DRC report (report_drc) for more information.
INFO: [Timing 38-35] Done setting XDC timing constraints.
Running DRC as a precondition to command place_design
INFO: [DRC 23-27] Running DRC with 4 threads
INFO: [Vivado_Tcl 4-198] DRC finished with 0 Errors
INFO: [Vivado_Tcl 4-199] Please refer to the DRC report (report_drc) for more information.
INFO: [Place 30-611] Multithreading enabled for place_design using a maximum of 4 CPUs

Starting Placer Task

Phase 1 Placer Initialization

Phase 1.1 Placer Initialization Netlist Sorting
Netlist sorting complete. Time (s): cpu = 00:00:00 ; elapsed = 00:00:00.001 . Memory (MB): peak = 2424.332 ; gain = 0.000
Phase 1.1 Placer Initialization Netlist Sorting | Checksum: 890f7e79

Time (s): cpu = 00:00:00 ; elapsed = 00:00:00.008 . Memory (MB): peak = 2424.332 ; gain = 0.000
Netlist sorting complete. Time (s): cpu = 00:00:00 ; elapsed = 00:00:00.001 . Memory (MB): peak = 2424.332 ; gain = 0.000

Phase 1.2 IO Placement/ Clock Placement/ Build Placer Device
Phase 1.2 IO Placement/ Clock Placement/ Build Placer Device | Checksum: 1b95319d1

Time (s): cpu = 00:00:00 ; elapsed = 00:00:00.217 . Memory (MB): peak = 2424.332 ; gain = 0.000

Phase 1.3 Build Placer Netlist Model
Phase 1.3 Build Placer Netlist Model | Checksum: 1bb44ee98

Time (s): cpu = 00:00:01 ; elapsed = 00:00:00.618 . Memory (MB): peak = 2424.332 ; gain = 0.000

Phase 1.4 Constrain Clocks/Macros
Phase 1.4 Constrain Clocks/Macros | Checksum: 1bb44ee98

Time (s): cpu = 00:00:01 ; elapsed = 00:00:00.626 . Memory (MB): peak = 2424.332 ; gain = 0.000
Phase 1 Placer Initialization | Checksum: 1bb44ee98

Time (s): cpu = 00:00:01 ; elapsed = 00:00:00.645 . Memory (MB): peak = 2424.332 ; gain = 0.000

Phase 2 Global Placement

Phase 2.1 Floorplanning
Phase 2.1 Floorplanning | Checksum: 1f9c5e8e3

Time (s): cpu = 00:00:02 ; elapsed = 00:00:00.882 . Memory (MB): peak = 2424.332 ; gain = 0.000

Phase 2.2 Update Timing before SLR Path Opt
Phase 2.2 Update Timing before SLR Path Opt | Checksum: 1f6cc07ab

Time (s): cpu = 00:00:02 ; elapsed = 00:00:01 . Memory (MB): peak = 2424.332 ; gain = 0.000

Phase 2.3 Post-Processing in Floorplanning
Phase 2.3 Post-Processing in Floorplanning | Checksum: 1f6cc07ab

Time (s): cpu = 00:00:02 ; elapsed = 00:00:01 . Memory (MB): peak = 2424.332 ; gain = 0.000

Phase 2.4 Global Place Phase1
Phase 2.4 Global Place Phase1 | Checksum: 206703cee

Time (s): cpu = 00:00:05 ; elapsed = 00:00:03 . Memory (MB): peak = 2424.332 ; gain = 0.000

Phase 2.5 Global Place Phase2

Phase 2.5.1 UpdateTiming Before Physical Synthesis
Phase 2.5.1 UpdateTiming Before Physical Synthesis | Checksum: 206703cee

Time (s): cpu = 00:00:06 ; elapsed = 00:00:03 . Memory (MB): peak = 2424.332 ; gain = 0.000

Phase 2.5.2 Physical Synthesis In Placer
INFO: [Physopt 32-1035] Found 0 LUTNM shape to break, 14 LUT instances to create LUTNM shape
INFO: [Physopt 32-1044] Break lutnm for timing: one critical 0, two critical 0, total 0, new lutff created 0
INFO: [Physopt 32-1138] End 1 Pass. Optimized 5 nets or LUTs. Breaked 0 LUT, combined 5 existing LUTs and moved 0 existing LUT
INFO: [Physopt 32-65] No nets found for high-fanout optimization.
INFO: [Physopt 32-232] Optimized 0 net. Created 0 new instance.
INFO: [Physopt 32-775] End 1 Pass. Optimized 0 net or cell. Created 0 new cell, deleted 0 existing cell and moved 0 existing cell
INFO: [Physopt 32-670] No setup violation found.  DSP Register Optimization was not performed.
INFO: [Physopt 32-670] No setup violation found.  Shift Register to Pipeline Optimization was not performed.
INFO: [Physopt 32-670] No setup violation found.  Shift Register Optimization was not performed.
INFO: [Physopt 32-670] No setup violation found.  BRAM Register Optimization was not performed.
INFO: [Physopt 32-670] No setup violation found.  URAM Register Optimization was not performed.
INFO: [Physopt 32-949] No candidate nets found for dynamic/static region interface net replication
INFO: [Physopt 32-775] End 1 Pass. Optimized 0 net or cell. Created 0 new cell, deleted 0 existing cell and moved 0 existing cell
Netlist sorting complete. Time (s): cpu = 00:00:00 ; elapsed = 00:00:00.001 . Memory (MB): peak = 2424.332 ; gain = 0.000

Summary of Physical Synthesis Optimizations
============================================


-----------------------------------------------------------------------------------------------------------------------------------------------------------
|  Optimization                                     |  Added Cells  |  Removed Cells  |  Optimized Cells/Nets  |  Dont Touch  |  Iterations  |  Elapsed   |
-----------------------------------------------------------------------------------------------------------------------------------------------------------
|  LUT Combining                                    |            0  |              5  |                     5  |           0  |           1  |  00:00:00  |
|  Retime                                           |            0  |              0  |                     0  |           0  |           1  |  00:00:00  |
|  Very High Fanout                                 |            0  |              0  |                     0  |           0  |           1  |  00:00:00  |
|  DSP Register                                     |            0  |              0  |                     0  |           0  |           0  |  00:00:00  |
|  Shift Register to Pipeline                       |            0  |              0  |                     0  |           0  |           0  |  00:00:00  |
|  Shift Register                                   |            0  |              0  |                     0  |           0  |           0  |  00:00:00  |
|  BRAM Register                                    |            0  |              0  |                     0  |           0  |           0  |  00:00:00  |
|  URAM Register                                    |            0  |              0  |                     0  |           0  |           0  |  00:00:00  |
|  Dynamic/Static Region Interface Net Replication  |            0  |              0  |                     0  |           0  |           1  |  00:00:00  |
|  Total                                            |            0  |              5  |                     5  |           0  |           4  |  00:00:00  |
-----------------------------------------------------------------------------------------------------------------------------------------------------------


Phase 2.5.2 Physical Synthesis In Placer | Checksum: 20d8160d0

Time (s): cpu = 00:00:07 ; elapsed = 00:00:04 . Memory (MB): peak = 2424.332 ; gain = 0.000
Phase 2.5 Global Place Phase2 | Checksum: 19feb02a1

Time (s): cpu = 00:00:07 ; elapsed = 00:00:04 . Memory (MB): peak = 2424.332 ; gain = 0.000
Phase 2 Global Placement | Checksum: 19feb02a1

Time (s): cpu = 00:00:07 ; elapsed = 00:00:04 . Memory (MB): peak = 2424.332 ; gain = 0.000

Phase 3 Detail Placement

Phase 3.1 Commit Multi Column Macros
Phase 3.1 Commit Multi Column Macros | Checksum: 23fe9a272

Time (s): cpu = 00:00:07 ; elapsed = 00:00:04 . Memory (MB): peak = 2424.332 ; gain = 0.000

Phase 3.2 Commit Most Macros & LUTRAMs
Phase 3.2 Commit Most Macros & LUTRAMs | Checksum: 26ffcabeb

Time (s): cpu = 00:00:08 ; elapsed = 00:00:04 . Memory (MB): peak = 2424.332 ; gain = 0.000

Phase 3.3 Area Swap Optimization
Phase 3.3 Area Swap Optimization | Checksum: 21f7854ba

Time (s): cpu = 00:00:08 ; elapsed = 00:00:04 . Memory (MB): peak = 2424.332 ; gain = 0.000

Phase 3.4 Pipeline Register Optimization
Phase 3.4 Pipeline Register Optimization | Checksum: 2634ce50e

Time (s): cpu = 00:00:08 ; elapsed = 00:00:04 . Memory (MB): peak = 2424.332 ; gain = 0.000

Phase 3.5 Small Shape Detail Placement
Phase 3.5 Small Shape Detail Placement | Checksum: 23c76af41

Time (s): cpu = 00:00:09 ; elapsed = 00:00:05 . Memory (MB): peak = 2424.332 ; gain = 0.000

Phase 3.6 Re-assign LUT pins
Phase 3.6 Re-assign LUT pins | Checksum: 2c7f4bbd9

Time (s): cpu = 00:00:09 ; elapsed = 00:00:05 . Memory (MB): peak = 2424.332 ; gain = 0.000

Phase 3.7 Pipeline Register Optimization
Phase 3.7 Pipeline Register Optimization | Checksum: 28b904f2d

Time (s): cpu = 00:00:09 ; elapsed = 00:00:05 . Memory (MB): peak = 2424.332 ; gain = 0.000
Phase 3 Detail Placement | Checksum: 28b904f2d

Time (s): cpu = 00:00:09 ; elapsed = 00:00:05 . Memory (MB): peak = 2424.332 ; gain = 0.000

Phase 4 Post Placement Optimization and Clean-Up

Phase 4.1 Post Commit Optimization
INFO: [Timing 38-35] Done setting XDC timing constraints.

Phase 4.1.1 Post Placement Optimization
Post Placement Optimization Initialization | Checksum: 19c009765

Phase 4.1.1.1 BUFG Insertion

Starting Physical Synthesis Task

Phase 1 Physical Synthesis Initialization
INFO: [Physopt 32-721] Multithreading enabled for phys_opt_design using a maximum of 4 CPUs
INFO: [Physopt 32-619] Estimated Timing Summary | WNS=1.159 | TNS=0.000 |
Phase 1 Physical Synthesis Initialization | Checksum: e74a9e03

Time (s): cpu = 00:00:00 ; elapsed = 00:00:00.044 . Memory (MB): peak = 2424.332 ; gain = 0.000
INFO: [Place 46-56] BUFG insertion identified 0 candidate nets. Inserted BUFG: 0, Replicated BUFG Driver: 0, Skipped due to Placement/Routing Conflicts: 0, Skipped due to Timing Degradation: 0, Skipped due to netlist editing failed: 0.
Ending Physical Synthesis Task | Checksum: 209fef024

Time (s): cpu = 00:00:00 ; elapsed = 00:00:00.053 . Memory (MB): peak = 2424.332 ; gain = 0.000
Phase 4.1.1.1 BUFG Insertion | Checksum: 19c009765

Time (s): cpu = 00:00:10 ; elapsed = 00:00:05 . Memory (MB): peak = 2424.332 ; gain = 0.000

Phase 4.1.1.2 Post Placement Timing Optimization
INFO: [Place 30-746] Post Placement Timing Summary WNS=1.159. For the most accurate timing information please run report_timing.
Phase 4.1.1.2 Post Placement Timing Optimization | Checksum: 204e91e82

Time (s): cpu = 00:00:10 ; elapsed = 00:00:05 . Memory (MB): peak = 2424.332 ; gain = 0.000

Time (s): cpu = 00:00:10 ; elapsed = 00:00:05 . Memory (MB): peak = 2424.332 ; gain = 0.000
Phase 4.1 Post Commit Optimization | Checksum: 204e91e82

Time (s): cpu = 00:00:10 ; elapsed = 00:00:05 . Memory (MB): peak = 2424.332 ; gain = 0.000

Phase 4.2 Post Placement Cleanup
Phase 4.2 Post Placement Cleanup | Checksum: 204e91e82

Time (s): cpu = 00:00:10 ; elapsed = 00:00:06 . Memory (MB): peak = 2424.332 ; gain = 0.000

Phase 4.3 Placer Reporting

Phase 4.3.1 Print Estimated Congestion
INFO: [Place 30-612] Post-Placement Estimated Congestion 
 ____________________________________________________
|           | Global Congestion | Short Congestion  |
| Direction | Region Size       | Region Size       |
|___________|___________________|___________________|
|      North|                1x1|                1x1|
|___________|___________________|___________________|
|      South|                1x1|                2x2|
|___________|___________________|___________________|
|       East|                1x1|                1x1|
|___________|___________________|___________________|
|       West|                1x1|                1x1|
|___________|___________________|___________________|

Phase 4.3.1 Print Estimated Congestion | Checksum: 204e91e82

Time (s): cpu = 00:00:10 ; elapsed = 00:00:06 . Memory (MB): peak = 2424.332 ; gain = 0.000
Phase 4.3 Placer Reporting | Checksum: 204e91e82

Time (s): cpu = 00:00:10 ; elapsed = 00:00:06 . Memory (MB): peak = 2424.332 ; gain = 0.000

Phase 4.4 Final Placement Cleanup
Netlist sorting complete. Time (s): cpu = 00:00:00 ; elapsed = 00:00:00.001 . Memory (MB): peak = 2424.332 ; gain = 0.000

Time (s): cpu = 00:00:10 ; elapsed = 00:00:06 . Memory (MB): peak = 2424.332 ; gain = 0.000
Phase 4 Post Placement Optimization and Clean-Up | Checksum: 1ecd8780e

Time (s): cpu = 00:00:10 ; elapsed = 00:00:06 . Memory (MB): peak = 2424.332 ; gain = 0.000
Ending Placer Task | Checksum: 1793aaf36

Time (s): cpu = 00:00:10 ; elapsed = 00:00:06 . Memory (MB): peak = 2424.332 ; gain = 0.000
96 Infos, 24 Warnings, 6 Critical Warnings and 0 Errors encountered.
place_design completed successfully
place_design: Time (s): cpu = 00:00:14 ; elapsed = 00:00:08 . Memory (MB): peak = 2424.332 ; gain = 0.000
Command: phys_opt_design
Attempting to get a license for feature 'Implementation' and/or device 'xc7z010'
INFO: [Common 17-349] Got license for feature 'Implementation' and/or device 'xc7z010'

Starting Initial Update Timing Task

Time (s): cpu = 00:00:01 ; elapsed = 00:00:00.208 . Memory (MB): peak = 2424.332 ; gain = 0.000
INFO: [Vivado_Tcl 4-2279] Estimated Timing Summary | WNS= 1.159 | TNS= 0.000 | 
INFO: [Vivado_Tcl 4-383] Design worst setup slack (WNS) is greater than or equal to 0.000 ns. All physical synthesis setup optimizations will be skipped.
INFO: [Vivado_Tcl 4-232] No setup violation found. The netlist was not modified.
INFO: [Common 17-83] Releasing license: Implementation
101 Infos, 24 Warnings, 6 Critical Warnings and 0 Errors encountered.
phys_opt_design completed successfully
Command: route_design
Attempting to get a license for feature 'Implementation' and/or device 'xc7z010'
INFO: [Common 17-349] Got license for feature 'Implementation' and/or device 'xc7z010'


Starting Routing Task
INFO: [Route 35-254] Multithreading enabled for route_design using a maximum of 4 CPUs

Phase 1 Build RT Design
Checksum: PlaceDB: c3d13cb1 ConstDB: 0 ShapeSum: 4bd11b5a RouteDB: 6998572b
Post Restoration Checksum: NetGraph: b3b99776 | NumContArr: f5dda044 | Constraints: c2a8fa9d | Timing: c2a8fa9d
Phase 1 Build RT Design | Checksum: 32ee92cf4

Time (s): cpu = 00:00:20 ; elapsed = 00:00:19 . Memory (MB): peak = 2424.332 ; gain = 0.000

Phase 2 Router Initialization

Phase 2.1 Fix Topology Constraints
Phase 2.1 Fix Topology Constraints | Checksum: 32ee92cf4

Time (s): cpu = 00:00:20 ; elapsed = 00:00:19 . Memory (MB): peak = 2424.332 ; gain = 0.000

Phase 2.2 Pre Route Cleanup
Phase 2.2 Pre Route Cleanup | Checksum: 32ee92cf4

Time (s): cpu = 00:00:20 ; elapsed = 00:00:19 . Memory (MB): peak = 2424.332 ; gain = 0.000
 Number of Nodes with overlaps = 0

Phase 2.3 Update Timing
Phase 2.3 Update Timing | Checksum: 1568e562d

Time (s): cpu = 00:00:21 ; elapsed = 00:00:19 . Memory (MB): peak = 2424.332 ; gain = 0.000
INFO: [Route 35-416] Intermediate Timing Summary | WNS=1.206  | TNS=0.000  | WHS=-0.131 | THS=-8.180 |


Phase 2.4 Soft Constraint Pins - Fast Budgeting
Phase 2.4 Soft Constraint Pins - Fast Budgeting | Checksum: 18a8559b1

Time (s): cpu = 00:00:21 ; elapsed = 00:00:19 . Memory (MB): peak = 2424.332 ; gain = 0.000

Router Utilization Summary
  Global Vertical Routing Utilization    = 0 %
  Global Horizontal Routing Utilization  = 0 %
  Routable Net Status*
  *Does not include unroutable nets such as driverless and loadless.
  Run report_route_status for detailed report.
  Number of Failed Nets               = 1022
    (Failed Nets is the sum of unrouted and partially routed nets)
  Number of Unrouted Nets             = 1022
  Number of Partially Routed Nets     = 0
  Number of Node Overlaps             = 0

Phase 2 Router Initialization | Checksum: 18a8559b1

Time (s): cpu = 00:00:21 ; elapsed = 00:00:19 . Memory (MB): peak = 2424.332 ; gain = 0.000

Phase 3 Global Routing
Phase 3 Global Routing | Checksum: 18a8559b1

Time (s): cpu = 00:00:21 ; elapsed = 00:00:19 . Memory (MB): peak = 2424.332 ; gain = 0.000

Phase 4 Initial Routing

Phase 4.1 Initial Net Routing Pass
Phase 4.1 Initial Net Routing Pass | Checksum: 1efd0b604

Time (s): cpu = 00:00:22 ; elapsed = 00:00:19 . Memory (MB): peak = 2424.332 ; gain = 0.000
Phase 4 Initial Routing | Checksum: 1efd0b604

Time (s): cpu = 00:00:22 ; elapsed = 00:00:19 . Memory (MB): peak = 2424.332 ; gain = 0.000

Phase 5 Rip-up And Reroute

Phase 5.1 Global Iteration 0
 Number of Nodes with overlaps = 65
 Number of Nodes with overlaps = 2
 Number of Nodes with overlaps = 0
INFO: [Route 35-416] Intermediate Timing Summary | WNS=1.130  | TNS=0.000  | WHS=N/A    | THS=N/A    |

Phase 5.1 Global Iteration 0 | Checksum: 260deee0f

Time (s): cpu = 00:00:23 ; elapsed = 00:00:20 . Memory (MB): peak = 2424.332 ; gain = 0.000
Phase 5 Rip-up And Reroute | Checksum: 260deee0f

Time (s): cpu = 00:00:23 ; elapsed = 00:00:20 . Memory (MB): peak = 2424.332 ; gain = 0.000

Phase 6 Delay and Skew Optimization

Phase 6.1 Delay CleanUp

Phase 6.1.1 Update Timing
Phase 6.1.1 Update Timing | Checksum: 1b2414111

Time (s): cpu = 00:00:23 ; elapsed = 00:00:20 . Memory (MB): peak = 2424.332 ; gain = 0.000
INFO: [Route 35-416] Intermediate Timing Summary | WNS=1.245  | TNS=0.000  | WHS=N/A    | THS=N/A    |

Phase 6.1 Delay CleanUp | Checksum: 1b2414111

Time (s): cpu = 00:00:23 ; elapsed = 00:00:20 . Memory (MB): peak = 2424.332 ; gain = 0.000

Phase 6.2 Clock Skew Optimization
Phase 6.2 Clock Skew Optimization | Checksum: 1b2414111

Time (s): cpu = 00:00:23 ; elapsed = 00:00:20 . Memory (MB): peak = 2424.332 ; gain = 0.000
Phase 6 Delay and Skew Optimization | Checksum: 1b2414111

Time (s): cpu = 00:00:23 ; elapsed = 00:00:20 . Memory (MB): peak = 2424.332 ; gain = 0.000

Phase 7 Post Hold Fix

Phase 7.1 Hold Fix Iter
INFO: [Route 35-416] Intermediate Timing Summary | WNS=1.245  | TNS=0.000  | WHS=0.107  | THS=0.000  |

Phase 7.1 Hold Fix Iter | Checksum: 1f2dc4870

Time (s): cpu = 00:00:23 ; elapsed = 00:00:20 . Memory (MB): peak = 2424.332 ; gain = 0.000
Phase 7 Post Hold Fix | Checksum: 1f2dc4870

Time (s): cpu = 00:00:23 ; elapsed = 00:00:20 . Memory (MB): peak = 2424.332 ; gain = 0.000

Phase 8 Route finalize

Router Utilization Summary
  Global Vertical Routing Utilization    = 0.47241 %
  Global Horizontal Routing Utilization  = 0.697151 %
  Routable Net Status*
  *Does not include unroutable nets such as driverless and loadless.
  Run report_route_status for detailed report.
  Number of Failed Nets               = 0
    (Failed Nets is the sum of unrouted and partially routed nets)
  Number of Unrouted Nets             = 0
  Number of Partially Routed Nets     = 0
  Number of Node Overlaps             = 0

Phase 8 Route finalize | Checksum: 1f2dc4870

Time (s): cpu = 00:00:23 ; elapsed = 00:00:20 . Memory (MB): peak = 2424.332 ; gain = 0.000

Phase 9 Verifying routed nets

 Verification completed successfully
Phase 9 Verifying routed nets | Checksum: 1f2dc4870

Time (s): cpu = 00:00:23 ; elapsed = 00:00:20 . Memory (MB): peak = 2424.332 ; gain = 0.000

Phase 10 Depositing Routes
Phase 10 Depositing Routes | Checksum: 25fda2de0

Time (s): cpu = 00:00:23 ; elapsed = 00:00:20 . Memory (MB): peak = 2424.332 ; gain = 0.000

Phase 11 Post Process Routing
Phase 11 Post Process Routing | Checksum: 25fda2de0

Time (s): cpu = 00:00:23 ; elapsed = 00:00:20 . Memory (MB): peak = 2424.332 ; gain = 0.000

Phase 12 Post Router Timing
INFO: [Route 35-57] Estimated Timing Summary | WNS=1.245  | TNS=0.000  | WHS=0.107  | THS=0.000  |

INFO: [Route 35-327] The final timing numbers are based on the router estimated timing analysis. For a complete and accurate timing signoff, please run report_timing_summary.
Phase 12 Post Router Timing | Checksum: 25fda2de0

Time (s): cpu = 00:00:23 ; elapsed = 00:00:20 . Memory (MB): peak = 2424.332 ; gain = 0.000
Total Elapsed time in route_design: 20.245 secs

Phase 13 Post-Route Event Processing
Phase 13 Post-Route Event Processing | Checksum: 1deb16877

Time (s): cpu = 00:00:23 ; elapsed = 00:00:20 . Memory (MB): peak = 2424.332 ; gain = 0.000
INFO: [Route 35-16] Router Completed Successfully
Ending Routing Task | Checksum: 1deb16877

Time (s): cpu = 00:00:23 ; elapsed = 00:00:20 . Memory (MB): peak = 2424.332 ; gain = 0.000

Routing Is Done.
INFO: [Common 17-83] Releasing license: Implementation
111 Infos, 24 Warnings, 6 Critical Warnings and 0 Errors encountered.
route_design completed successfully
route_design: Time (s): cpu = 00:00:23 ; elapsed = 00:00:20 . Memory (MB): peak = 2424.332 ; gain = 0.000
Write ShapeDB Complete: Time (s): cpu = 00:00:00 ; elapsed = 00:00:00.009 . Memory (MB): peak = 2424.332 ; gain = 0.000
Wrote PlaceDB: Time (s): cpu = 00:00:00 ; elapsed = 00:00:00 . Memory (MB): peak = 2424.332 ; gain = 0.000
INFO: [Timing 38-480] Writing timing data to binary archive.
Wrote PulsedLatchDB: Time (s): cpu = 00:00:00 ; elapsed = 00:00:00 . Memory (MB): peak = 2424.332 ; gain = 0.000
Writing XDEF routing.
Writing XDEF routing logical nets.
Writing XDEF routing special nets.
Wrote RouteStorage: Time (s): cpu = 00:00:00 ; elapsed = 00:00:00.051 . Memory (MB): peak = 2424.332 ; gain = 0.000
Wrote PlaceStorage: Time (s): cpu = 00:00:01 ; elapsed = 00:00:00.065 . Memory (MB): peak = 2424.332 ; gain = 0.000
Wrote Netlist Cache: Time (s): cpu = 00:00:00 ; elapsed = 00:00:00.003 . Memory (MB): peak = 2424.332 ; gain = 0.000
Wrote Device Cache: Time (s): cpu = 00:00:00 ; elapsed = 00:00:00.016 . Memory (MB): peak = 2424.332 ; gain = 0.000
Write Physdb Complete: Time (s): cpu = 00:00:01 ; elapsed = 00:00:00.156 . Memory (MB): peak = 2424.332 ; gain = 0.000
INFO: [Common 17-1381] The checkpoint 'C:/Users/BELYA/Documents/Codex/2026-09-29/https-github-com-loverlike1216-sonofield-fpga/outputs/sonofield-v3/v3/evidence/task001/ebaz_master/routed.dcp' has been generated.
INFO: [Timing 38-91] UpdateTimingParams: Speed grade: -1, Delay Type: min_max.
INFO: [Timing 38-191] Multithreading enabled for timing update using a maximum of 4 CPUs
INFO: [Timing 38-91] UpdateTimingParams: Speed grade: -1, Delay Type: max.
INFO: [Timing 38-191] Multithreading enabled for timing update using a maximum of 4 CPUs
INFO: [Timing 38-78] ReportTimingParams: -max_paths 10 -nworst 1 -delay_type max -sort_by slack.
INFO: [Timing 38-91] UpdateTimingParams: Speed grade: -1, Delay Type: min.
INFO: [Timing 38-191] Multithreading enabled for timing update using a maximum of 4 CPUs
INFO: [Timing 38-78] ReportTimingParams: -max_paths 10 -nworst 1 -delay_type min -sort_by slack.
INFO: [Timing 38-91] UpdateTimingParams: Speed grade: -1, Delay Type: max.
INFO: [Timing 38-191] Multithreading enabled for timing update using a maximum of 4 CPUs
INFO: [Timing 38-91] UpdateTimingParams: Speed grade: -1, Delay Type: min_max.
INFO: [Timing 38-191] Multithreading enabled for timing update using a maximum of 4 CPUs
INFO: [Timing 38-314] The report_cdc command only analyzes and reports clock domain crossing paths where clocks have been defined on both source and destination sides. Ports with no input delay constraint are skipped. Please run check_timing to verify there are no missing clock definitions in your design, nor any unconstrained input port.
Command: report_drc -file C:/Users/BELYA/Documents/Codex/2026-09-29/https-github-com-loverlike1216-sonofield-fpga/outputs/sonofield-v3/v3/evidence/task001/ebaz_master/drc.rpt
INFO: [IP_Flow 19-234] Refreshing IP repositories
INFO: [IP_Flow 19-1704] No user IP repositories specified
INFO: [IP_Flow 19-2313] Loaded Vivado IP repository 'D:/amd2025_2/2025.2/Vivado/data/ip'.
INFO: [DRC 23-27] Running DRC with 4 threads
INFO: [Vivado_Tcl 2-168] The results of DRC are in file C:/Users/BELYA/Documents/Codex/2026-09-29/https-github-com-loverlike1216-sonofield-fpga/outputs/sonofield-v3/v3/evidence/task001/ebaz_master/drc.rpt.
report_drc completed successfully
Command: report_methodology -file C:/Users/BELYA/Documents/Codex/2026-09-29/https-github-com-loverlike1216-sonofield-fpga/outputs/sonofield-v3/v3/evidence/task001/ebaz_master/methodology.rpt
INFO: [Timing 38-35] Done setting XDC timing constraints.
INFO: [DRC 23-133] Running Methodology with 4 threads
INFO: [Vivado_Tcl 2-1520] The results of Report Methodology are in file C:/Users/BELYA/Documents/Codex/2026-09-29/https-github-com-loverlike1216-sonofield-fpga/outputs/sonofield-v3/v3/evidence/task001/ebaz_master/methodology.rpt.
report_methodology completed successfully
INFO: [Timing 38-35] Done setting XDC timing constraints.
INFO: [ProjectBase 1-489] The host OS only allows 260 characters in a normal path. The project is stored in a path with more than 80 characters. If you experience issues with IP, Block Designs, or files not being found, please consider moving the project to a location with a shorter path. Alternately consider using the OS subst command to map part of the path to a drive letter.
Current project path is 'C:/Users/BELYA/Documents/Codex/2026-09-29/https-github-com-loverlike1216-sonofield-fpga/outputs/sonofield-v3/v3/vivado/build/ebaz_slave'
Command: synth_design -top ebaz_slave -part xc7z010clg400-1
Starting synth_design
Attempting to get a license for feature 'Synthesis' and/or device 'xc7z010'
INFO: [Common 17-349] Got license for feature 'Synthesis' and/or device 'xc7z010'
INFO: [Synth 8-7079] Multithreading enabled for synth_design using a maximum of 4 processes.
---------------------------------------------------------------------------------
Starting RTL Elaboration : Time (s): cpu = 00:00:08 ; elapsed = 00:00:09 . Memory (MB): peak = 2424.332 ; gain = 0.000
---------------------------------------------------------------------------------
WARNING: [Synth 8-6901] identifier 'lock_pipe' is used before its declaration [C:/Users/BELYA/Documents/Codex/2026-09-29/https-github-com-loverlike1216-sonofield-fpga/outputs/sonofield-v3/v3/rtl/top/dual_sync_top.sv:39]
WARNING: [Synth 8-6901] identifier 'lock_pipe' is used before its declaration [C:/Users/BELYA/Documents/Codex/2026-09-29/https-github-com-loverlike1216-sonofield-fpga/outputs/sonofield-v3/v3/rtl/top/dual_sync_top.sv:40]
INFO: [Synth 8-6157] synthesizing module 'ebaz_slave' [C:/Users/BELYA/Documents/Codex/2026-09-29/https-github-com-loverlike1216-sonofield-fpga/outputs/sonofield-v3/v3/rtl/top/dual_sync_top.sv:101]
INFO: [Synth 8-6157] synthesizing module 'dual_sync_top' [C:/Users/BELYA/Documents/Codex/2026-09-29/https-github-com-loverlike1216-sonofield-fpga/outputs/sonofield-v3/v3/rtl/top/dual_sync_top.sv:3]
	Parameter MASTER bound to: 1'b0 
INFO: [Synth 8-6157] synthesizing module 'sync_slave' [C:/Users/BELYA/Documents/Codex/2026-09-29/https-github-com-loverlike1216-sonofield-fpga/outputs/sonofield-v3/v3/rtl/sync/sync_slave.sv:2]
INFO: [Synth 8-6157] synthesizing module 'sync_protocol' [C:/Users/BELYA/Documents/Codex/2026-09-29/https-github-com-loverlike1216-sonofield-fpga/outputs/sonofield-v3/v3/rtl/sync/sync_protocol.sv:13]
INFO: [Synth 8-6155] done synthesizing module 'sync_protocol' (0#1) [C:/Users/BELYA/Documents/Codex/2026-09-29/https-github-com-loverlike1216-sonofield-fpga/outputs/sonofield-v3/v3/rtl/sync/sync_protocol.sv:13]
INFO: [Synth 8-6157] synthesizing module 'timestamp_counter' [C:/Users/BELYA/Documents/Codex/2026-09-29/https-github-com-loverlike1216-sonofield-fpga/outputs/sonofield-v3/v3/rtl/sync/timestamp_counter.sv:3]
INFO: [Synth 8-6155] done synthesizing module 'timestamp_counter' (0#1) [C:/Users/BELYA/Documents/Codex/2026-09-29/https-github-com-loverlike1216-sonofield-fpga/outputs/sonofield-v3/v3/rtl/sync/timestamp_counter.sv:3]
INFO: [Synth 8-6155] done synthesizing module 'sync_slave' (0#1) [C:/Users/BELYA/Documents/Codex/2026-09-29/https-github-com-loverlike1216-sonofield-fpga/outputs/sonofield-v3/v3/rtl/sync/sync_slave.sv:2]
INFO: [Synth 8-6157] synthesizing module 'clk_manager' [C:/Users/BELYA/Documents/Codex/2026-09-29/https-github-com-loverlike1216-sonofield-fpga/outputs/sonofield-v3/v3/rtl/clock/clk_manager.sv:2]
	Parameter SIMULATION bound to: 1'b0 
INFO: [Synth 8-6157] synthesizing module 'IBUF' [D:/amd2025_2/2025.2/Vivado/scripts/rt/data/unisim_comp.v:82804]
INFO: [Synth 8-6155] done synthesizing module 'IBUF' (0#1) [D:/amd2025_2/2025.2/Vivado/scripts/rt/data/unisim_comp.v:82804]
INFO: [Synth 8-6157] synthesizing module 'MMCME2_BASE' [D:/amd2025_2/2025.2/Vivado/scripts/rt/data/unisim_comp.v:95964]
	Parameter CLKFBOUT_MULT_F bound to: 2.000000e+01 - type: double 
	Parameter CLKIN1_PERIOD bound to: 2.000000e+01 - type: double 
	Parameter CLKOUT0_DIVIDE_F bound to: 2.000000e+01 - type: double 
	Parameter DIVCLK_DIVIDE bound to: 1 - type: integer 
	Parameter STARTUP_WAIT bound to: FALSE - type: string 
INFO: [Synth 8-6155] done synthesizing module 'MMCME2_BASE' (0#1) [D:/amd2025_2/2025.2/Vivado/scripts/rt/data/unisim_comp.v:95964]
WARNING: [Synth 8-7071] port 'CLKFBOUTB' of module 'MMCME2_BASE' is unconnected for instance 'mmcm' [C:/Users/BELYA/Documents/Codex/2026-09-29/https-github-com-loverlike1216-sonofield-fpga/outputs/sonofield-v3/v3/rtl/clock/clk_manager.sv:10]
WARNING: [Synth 8-7071] port 'CLKOUT0B' of module 'MMCME2_BASE' is unconnected for instance 'mmcm' [C:/Users/BELYA/Documents/Codex/2026-09-29/https-github-com-loverlike1216-sonofield-fpga/outputs/sonofield-v3/v3/rtl/clock/clk_manager.sv:10]
WARNING: [Synth 8-7071] port 'CLKOUT1' of module 'MMCME2_BASE' is unconnected for instance 'mmcm' [C:/Users/BELYA/Documents/Codex/2026-09-29/https-github-com-loverlike1216-sonofield-fpga/outputs/sonofield-v3/v3/rtl/clock/clk_manager.sv:10]
WARNING: [Synth 8-7071] port 'CLKOUT1B' of module 'MMCME2_BASE' is unconnected for instance 'mmcm' [C:/Users/BELYA/Documents/Codex/2026-09-29/https-github-com-loverlike1216-sonofield-fpga/outputs/sonofield-v3/v3/rtl/clock/clk_manager.sv:10]
WARNING: [Synth 8-7071] port 'CLKOUT2' of module 'MMCME2_BASE' is unconnected for instance 'mmcm' [C:/Users/BELYA/Documents/Codex/2026-09-29/https-github-com-loverlike1216-sonofield-fpga/outputs/sonofield-v3/v3/rtl/clock/clk_manager.sv:10]
WARNING: [Synth 8-7071] port 'CLKOUT2B' of module 'MMCME2_BASE' is unconnected for instance 'mmcm' [C:/Users/BELYA/Documents/Codex/2026-09-29/https-github-com-loverlike1216-sonofield-fpga/outputs/sonofield-v3/v3/rtl/clock/clk_manager.sv:10]
WARNING: [Synth 8-7071] port 'CLKOUT3' of module 'MMCME2_BASE' is unconnected for instance 'mmcm' [C:/Users/BELYA/Documents/Codex/2026-09-29/https-github-com-loverlike1216-sonofield-fpga/outputs/sonofield-v3/v3/rtl/clock/clk_manager.sv:10]
WARNING: [Synth 8-7071] port 'CLKOUT3B' of module 'MMCME2_BASE' is unconnected for instance 'mmcm' [C:/Users/BELYA/Documents/Codex/2026-09-29/https-github-com-loverlike1216-sonofield-fpga/outputs/sonofield-v3/v3/rtl/clock/clk_manager.sv:10]
WARNING: [Synth 8-7071] port 'CLKOUT4' of module 'MMCME2_BASE' is unconnected for instance 'mmcm' [C:/Users/BELYA/Documents/Codex/2026-09-29/https-github-com-loverlike1216-sonofield-fpga/outputs/sonofield-v3/v3/rtl/clock/clk_manager.sv:10]
WARNING: [Synth 8-7071] port 'CLKOUT5' of module 'MMCME2_BASE' is unconnected for instance 'mmcm' [C:/Users/BELYA/Documents/Codex/2026-09-29/https-github-com-loverlike1216-sonofield-fpga/outputs/sonofield-v3/v3/rtl/clock/clk_manager.sv:10]
WARNING: [Synth 8-7071] port 'CLKOUT6' of module 'MMCME2_BASE' is unconnected for instance 'mmcm' [C:/Users/BELYA/Documents/Codex/2026-09-29/https-github-com-loverlike1216-sonofield-fpga/outputs/sonofield-v3/v3/rtl/clock/clk_manager.sv:10]
WARNING: [Synth 8-7023] instance 'mmcm' of module 'MMCME2_BASE' has 18 connections declared, but only 7 given [C:/Users/BELYA/Documents/Codex/2026-09-29/https-github-com-loverlike1216-sonofield-fpga/outputs/sonofield-v3/v3/rtl/clock/clk_manager.sv:10]
INFO: [Synth 8-6157] synthesizing module 'BUFG' [D:/amd2025_2/2025.2/Vivado/scripts/rt/data/unisim_comp.v:2678]
INFO: [Synth 8-6155] done synthesizing module 'BUFG' (0#1) [D:/amd2025_2/2025.2/Vivado/scripts/rt/data/unisim_comp.v:2678]
INFO: [Synth 8-6155] done synthesizing module 'clk_manager' (0#1) [C:/Users/BELYA/Documents/Codex/2026-09-29/https-github-com-loverlike1216-sonofield-fpga/outputs/sonofield-v3/v3/rtl/clock/clk_manager.sv:2]
INFO: [Synth 8-6155] done synthesizing module 'dual_sync_top' (0#1) [C:/Users/BELYA/Documents/Codex/2026-09-29/https-github-com-loverlike1216-sonofield-fpga/outputs/sonofield-v3/v3/rtl/top/dual_sync_top.sv:3]
INFO: [Synth 8-6155] done synthesizing module 'ebaz_slave' (0#1) [C:/Users/BELYA/Documents/Codex/2026-09-29/https-github-com-loverlike1216-sonofield-fpga/outputs/sonofield-v3/v3/rtl/top/dual_sync_top.sv:101]
WARNING: [Synth 8-7129] Port sync_lock_in in module dual_sync_top is either unconnected or has no load
WARNING: [Synth 8-7129] Port sync_echo_in in module dual_sync_top is either unconnected or has no load
WARNING: [Synth 8-7129] Port reset_request_n in module dual_sync_top is either unconnected or has no load
WARNING: [Synth 8-7129] Port trigger_request_n in module dual_sync_top is either unconnected or has no load
---------------------------------------------------------------------------------
Finished RTL Elaboration : Time (s): cpu = 00:00:11 ; elapsed = 00:00:12 . Memory (MB): peak = 2424.332 ; gain = 0.000
---------------------------------------------------------------------------------
---------------------------------------------------------------------------------
Start Handling Custom Attributes
---------------------------------------------------------------------------------
---------------------------------------------------------------------------------
Finished Handling Custom Attributes : Time (s): cpu = 00:00:12 ; elapsed = 00:00:12 . Memory (MB): peak = 2424.332 ; gain = 0.000
---------------------------------------------------------------------------------
---------------------------------------------------------------------------------
Finished RTL Optimization Phase 1 : Time (s): cpu = 00:00:12 ; elapsed = 00:00:12 . Memory (MB): peak = 2424.332 ; gain = 0.000
---------------------------------------------------------------------------------
Netlist sorting complete. Time (s): cpu = 00:00:00 ; elapsed = 00:00:00.035 . Memory (MB): peak = 2424.332 ; gain = 0.000
INFO: [Netlist 29-17] Analyzing 1 Unisim elements for replacement
INFO: [Netlist 29-28] Unisim Transformation completed in 0 CPU seconds
INFO: [Project 1-570] Preparing netlist for logic optimization

Processing XDC Constraints
Initializing timing engine
Parsing XDC File [C:/Users/BELYA/Documents/Codex/2026-09-29/https-github-com-loverlike1216-sonofield-fpga/outputs/sonofield-v3/v3/constraints/ebaz_slave.xdc]
Finished Parsing XDC File [C:/Users/BELYA/Documents/Codex/2026-09-29/https-github-com-loverlike1216-sonofield-fpga/outputs/sonofield-v3/v3/constraints/ebaz_slave.xdc]
INFO: [Project 1-236] Implementation specific constraints were found while reading constraint file [C:/Users/BELYA/Documents/Codex/2026-09-29/https-github-com-loverlike1216-sonofield-fpga/outputs/sonofield-v3/v3/constraints/ebaz_slave.xdc]. These constraints will be ignored for synthesis but will be used in implementation. Impacted constraints are listed in the file [.Xil/ebaz_slave_propImpl.xdc].
Resolution: To avoid this warning, move constraints listed in [.Xil/ebaz_slave_propImpl.xdc] to another XDC file and exclude this new file from synthesis with the used_in_synthesis property (File Properties dialog in GUI) and re-run elaboration/synthesis.
INFO: [Timing 38-2] Deriving generated clocks
Completed Processing XDC Constraints

Netlist sorting complete. Time (s): cpu = 00:00:00 ; elapsed = 00:00:00.001 . Memory (MB): peak = 2424.332 ; gain = 0.000
INFO: [Project 1-111] Unisim Transformation Summary:
  A total of 1 instances were transformed.
  MMCME2_BASE => MMCME2_ADV: 1 instance 

Constraint Validation Runtime : Time (s): cpu = 00:00:00 ; elapsed = 00:00:00.022 . Memory (MB): peak = 2424.332 ; gain = 0.000
---------------------------------------------------------------------------------
Finished Constraint Validation : Time (s): cpu = 00:00:24 ; elapsed = 00:00:25 . Memory (MB): peak = 2424.332 ; gain = 0.000
---------------------------------------------------------------------------------
---------------------------------------------------------------------------------
Start Loading Part and Timing Information
---------------------------------------------------------------------------------
Loading part: xc7z010clg400-1
---------------------------------------------------------------------------------
Finished Loading Part and Timing Information : Time (s): cpu = 00:00:24 ; elapsed = 00:00:25 . Memory (MB): peak = 2424.332 ; gain = 0.000
---------------------------------------------------------------------------------
---------------------------------------------------------------------------------
Start Applying 'set_property' XDC Constraints
---------------------------------------------------------------------------------
---------------------------------------------------------------------------------
Finished applying 'set_property' XDC Constraints : Time (s): cpu = 00:00:24 ; elapsed = 00:00:25 . Memory (MB): peak = 2424.332 ; gain = 0.000
---------------------------------------------------------------------------------
---------------------------------------------------------------------------------
Finished RTL Optimization Phase 2 : Time (s): cpu = 00:00:24 ; elapsed = 00:00:25 . Memory (MB): peak = 2424.332 ; gain = 0.000
---------------------------------------------------------------------------------
---------------------------------------------------------------------------------
Start RTL Component Statistics 
---------------------------------------------------------------------------------
Detailed RTL Component Info : 
+---Adders : 
	   2 Input   64 Bit       Adders := 4     
	   3 Input   64 Bit       Adders := 2     
	   3 Input   32 Bit       Adders := 1     
	   2 Input   32 Bit       Adders := 1     
	   2 Input   13 Bit       Adders := 1     
	   2 Input   10 Bit       Adders := 1     
	   2 Input    8 Bit       Adders := 1     
	   2 Input    2 Bit       Adders := 1     
+---XORs : 
	   2 Input     16 Bit         XORs := 1     
	   2 Input      1 Bit         XORs := 1     
+---Registers : 
	              128 Bit    Registers := 2     
	               64 Bit    Registers := 4     
	               32 Bit    Registers := 1     
	               16 Bit    Registers := 2     
	               13 Bit    Registers := 1     
	               10 Bit    Registers := 1     
	                8 Bit    Registers := 1     
	                3 Bit    Registers := 1     
	                2 Bit    Registers := 2     
	                1 Bit    Registers := 13    
+---Muxes : 
	   2 Input   64 Bit        Muxes := 1     
	   2 Input   13 Bit        Muxes := 3     
	   2 Input    2 Bit        Muxes := 6     
	   2 Input    1 Bit        Muxes := 55    
---------------------------------------------------------------------------------
Finished RTL Component Statistics 
---------------------------------------------------------------------------------
---------------------------------------------------------------------------------
Start Part Resource Summary
---------------------------------------------------------------------------------
Part Resources:
DSPs: 80 (col length:40)
BRAMs: 120 (col length: RAMB18 40 RAMB36 20)
---------------------------------------------------------------------------------
Finished Part Resource Summary
---------------------------------------------------------------------------------
---------------------------------------------------------------------------------
Start Cross Boundary and Area Optimization
---------------------------------------------------------------------------------
---------------------------------------------------------------------------------
Finished Cross Boundary and Area Optimization : Time (s): cpu = 00:00:33 ; elapsed = 00:00:34 . Memory (MB): peak = 2424.332 ; gain = 0.000
---------------------------------------------------------------------------------
---------------------------------------------------------------------------------
Start Applying XDC Timing Constraints
---------------------------------------------------------------------------------
---------------------------------------------------------------------------------
Finished Applying XDC Timing Constraints : Time (s): cpu = 00:00:41 ; elapsed = 00:00:42 . Memory (MB): peak = 2424.332 ; gain = 0.000
---------------------------------------------------------------------------------
---------------------------------------------------------------------------------
Start Timing Optimization
---------------------------------------------------------------------------------
---------------------------------------------------------------------------------
Finished Timing Optimization : Time (s): cpu = 00:00:41 ; elapsed = 00:00:43 . Memory (MB): peak = 2424.332 ; gain = 0.000
---------------------------------------------------------------------------------
---------------------------------------------------------------------------------
Start Technology Mapping
---------------------------------------------------------------------------------
---------------------------------------------------------------------------------
Finished Technology Mapping : Time (s): cpu = 00:00:42 ; elapsed = 00:00:43 . Memory (MB): peak = 2424.332 ; gain = 0.000
---------------------------------------------------------------------------------
---------------------------------------------------------------------------------
Start IO Insertion
---------------------------------------------------------------------------------
---------------------------------------------------------------------------------
Start Flattening Before IO Insertion
---------------------------------------------------------------------------------
---------------------------------------------------------------------------------
Finished Flattening Before IO Insertion
---------------------------------------------------------------------------------
---------------------------------------------------------------------------------
Start Final Netlist Cleanup
---------------------------------------------------------------------------------
---------------------------------------------------------------------------------
Finished Final Netlist Cleanup
---------------------------------------------------------------------------------
---------------------------------------------------------------------------------
Finished IO Insertion : Time (s): cpu = 00:00:48 ; elapsed = 00:00:50 . Memory (MB): peak = 2424.332 ; gain = 0.000
---------------------------------------------------------------------------------
---------------------------------------------------------------------------------
Start Renaming Generated Instances
---------------------------------------------------------------------------------
---------------------------------------------------------------------------------
Finished Renaming Generated Instances : Time (s): cpu = 00:00:48 ; elapsed = 00:00:50 . Memory (MB): peak = 2424.332 ; gain = 0.000
---------------------------------------------------------------------------------
---------------------------------------------------------------------------------
Start Rebuilding User Hierarchy
---------------------------------------------------------------------------------
---------------------------------------------------------------------------------
Finished Rebuilding User Hierarchy : Time (s): cpu = 00:00:48 ; elapsed = 00:00:50 . Memory (MB): peak = 2424.332 ; gain = 0.000
---------------------------------------------------------------------------------
---------------------------------------------------------------------------------
Start Renaming Generated Ports
---------------------------------------------------------------------------------
---------------------------------------------------------------------------------
Finished Renaming Generated Ports : Time (s): cpu = 00:00:49 ; elapsed = 00:00:50 . Memory (MB): peak = 2424.332 ; gain = 0.000
---------------------------------------------------------------------------------
---------------------------------------------------------------------------------
Start Handling Custom Attributes
---------------------------------------------------------------------------------
---------------------------------------------------------------------------------
Finished Handling Custom Attributes : Time (s): cpu = 00:00:49 ; elapsed = 00:00:50 . Memory (MB): peak = 2424.332 ; gain = 0.000
---------------------------------------------------------------------------------
---------------------------------------------------------------------------------
Start Renaming Generated Nets
---------------------------------------------------------------------------------
---------------------------------------------------------------------------------
Finished Renaming Generated Nets : Time (s): cpu = 00:00:49 ; elapsed = 00:00:50 . Memory (MB): peak = 2424.332 ; gain = 0.000
---------------------------------------------------------------------------------
---------------------------------------------------------------------------------
Start Writing Synthesis Report
---------------------------------------------------------------------------------

Report BlackBoxes: 
+-+--------------+----------+
| |BlackBox name |Instances |
+-+--------------+----------+
+-+--------------+----------+

Report Cell Usage: 
+------+------------+------+
|      |Cell        |Count |
+------+------------+------+
|1     |BUFG        |     3|
|2     |CARRY4      |   162|
|3     |LUT1        |   202|
|4     |LUT2        |   235|
|5     |LUT3        |    39|
|6     |LUT4        |    84|
|7     |LUT5        |    18|
|8     |LUT6        |   157|
|9     |MMCME2_BASE |     1|
|10    |FDCE        |     3|
|11    |FDRE        |   583|
|12    |FDSE        |    16|
|13    |IBUF        |     6|
|14    |OBUF        |     8|
+------+------------+------+
---------------------------------------------------------------------------------
Finished Writing Synthesis Report : Time (s): cpu = 00:00:49 ; elapsed = 00:00:50 . Memory (MB): peak = 2424.332 ; gain = 0.000
---------------------------------------------------------------------------------
Synthesis finished with 0 errors, 0 critical warnings and 0 warnings.
Synthesis Optimization Runtime : Time (s): cpu = 00:00:34 ; elapsed = 00:00:47 . Memory (MB): peak = 2424.332 ; gain = 0.000
Synthesis Optimization Complete : Time (s): cpu = 00:00:49 ; elapsed = 00:00:50 . Memory (MB): peak = 2424.332 ; gain = 0.000
INFO: [Project 1-571] Translating synthesized netlist
Netlist sorting complete. Time (s): cpu = 00:00:00 ; elapsed = 00:00:00.034 . Memory (MB): peak = 2424.332 ; gain = 0.000
INFO: [Netlist 29-17] Analyzing 163 Unisim elements for replacement
INFO: [Netlist 29-28] Unisim Transformation completed in 0 CPU seconds
INFO: [Project 1-570] Preparing netlist for logic optimization
Parsing XDC File [C:/Users/BELYA/Documents/Codex/2026-09-29/https-github-com-loverlike1216-sonofield-fpga/outputs/sonofield-v3/v3/constraints/ebaz_slave.xdc]
Finished Parsing XDC File [C:/Users/BELYA/Documents/Codex/2026-09-29/https-github-com-loverlike1216-sonofield-fpga/outputs/sonofield-v3/v3/constraints/ebaz_slave.xdc]
INFO: [Opt 31-138] Pushed 0 inverter(s) to 0 load pin(s).
Netlist sorting complete. Time (s): cpu = 00:00:00 ; elapsed = 00:00:00.001 . Memory (MB): peak = 2424.332 ; gain = 0.000
INFO: [Project 1-111] Unisim Transformation Summary:
  A total of 1 instances were transformed.
  MMCME2_BASE => MMCME2_ADV: 1 instance 

Synth Design complete | Checksum: bee64b83
INFO: [Common 17-83] Releasing license: Synthesis
33 Infos, 18 Warnings, 0 Critical Warnings and 0 Errors encountered.
synth_design completed successfully
synth_design: Time (s): cpu = 00:00:53 ; elapsed = 00:00:55 . Memory (MB): peak = 2424.332 ; gain = 0.000
Write ShapeDB Complete: Time (s): cpu = 00:00:00 ; elapsed = 00:00:00.006 . Memory (MB): peak = 2424.332 ; gain = 0.000
Wrote PlaceDB: Time (s): cpu = 00:00:00 ; elapsed = 00:00:00 . Memory (MB): peak = 2424.332 ; gain = 0.000
INFO: [Timing 38-480] Writing timing data to binary archive.
Wrote PulsedLatchDB: Time (s): cpu = 00:00:00 ; elapsed = 00:00:00 . Memory (MB): peak = 2424.332 ; gain = 0.000
Writing XDEF routing.
Writing XDEF routing logical nets.
Writing XDEF routing special nets.
Wrote RouteStorage: Time (s): cpu = 00:00:00 ; elapsed = 00:00:00.040 . Memory (MB): peak = 2424.332 ; gain = 0.000
Wrote PlaceStorage: Time (s): cpu = 00:00:00 ; elapsed = 00:00:00.001 . Memory (MB): peak = 2424.332 ; gain = 0.000
Wrote Netlist Cache: Time (s): cpu = 00:00:00 ; elapsed = 00:00:00 . Memory (MB): peak = 2424.332 ; gain = 0.000
Wrote Device Cache: Time (s): cpu = 00:00:00 ; elapsed = 00:00:00.016 . Memory (MB): peak = 2424.332 ; gain = 0.000
Write Physdb Complete: Time (s): cpu = 00:00:00 ; elapsed = 00:00:00.074 . Memory (MB): peak = 2424.332 ; gain = 0.000
INFO: [Common 17-1381] The checkpoint 'C:/Users/BELYA/Documents/Codex/2026-09-29/https-github-com-loverlike1216-sonofield-fpga/outputs/sonofield-v3/v3/evidence/task001/ebaz_slave/synthesized.dcp' has been generated.
INFO: [Timing 38-35] Done setting XDC timing constraints.
INFO: [Timing 38-2] Deriving generated clocks
INFO: [Timing 38-91] UpdateTimingParams: Speed grade: -1, Delay Type: min_max.
INFO: [Timing 38-191] Multithreading enabled for timing update using a maximum of 4 CPUs
report_timing_summary: Time (s): cpu = 00:00:09 ; elapsed = 00:00:08 . Memory (MB): peak = 2424.332 ; gain = 0.000
report_io: Time (s): cpu = 00:00:00 ; elapsed = 00:00:00.152 . Memory (MB): peak = 2424.332 ; gain = 0.000
Command: opt_design
Attempting to get a license for feature 'Implementation' and/or device 'xc7z010'
INFO: [Common 17-349] Got license for feature 'Implementation' and/or device 'xc7z010'
Running DRC as a precondition to command opt_design

Starting DRC Task
INFO: [DRC 23-27] Running DRC with 4 threads
INFO: [Project 1-461] DRC finished with 0 Errors
INFO: [Project 1-462] Please refer to the DRC report (report_drc) for more information.

Time (s): cpu = 00:00:02 ; elapsed = 00:00:00.534 . Memory (MB): peak = 2424.332 ; gain = 0.000

Starting Cache Timing Information Task
Ending Cache Timing Information Task | Checksum: 262fd7bb7

Time (s): cpu = 00:00:00 ; elapsed = 00:00:00.001 . Memory (MB): peak = 2424.332 ; gain = 0.000

Starting Logic Optimization Task

Phase 1 Initialization

Phase 1.1 Core Generation And Design Setup
Phase 1.1 Core Generation And Design Setup | Checksum: 262fd7bb7

Time (s): cpu = 00:00:00 ; elapsed = 00:00:00.004 . Memory (MB): peak = 2424.332 ; gain = 0.000

Phase 1.2 Setup Constraints And Sort Netlist
Phase 1.2 Setup Constraints And Sort Netlist | Checksum: 262fd7bb7

Time (s): cpu = 00:00:00 ; elapsed = 00:00:00.007 . Memory (MB): peak = 2424.332 ; gain = 0.000
Phase 1 Initialization | Checksum: 262fd7bb7

Time (s): cpu = 00:00:00 ; elapsed = 00:00:00.008 . Memory (MB): peak = 2424.332 ; gain = 0.000

Phase 2 Timer Update And Timing Data Collection

Phase 2.1 Detect if minReqCache needed
Phase 2.1 Detect if minReqCache needed | Checksum: 262fd7bb7

Time (s): cpu = 00:00:00 ; elapsed = 00:00:00.023 . Memory (MB): peak = 2424.332 ; gain = 0.000

Phase 2.2 Timer Update
Phase 2.2 Timer Update | Checksum: 262fd7bb7

Time (s): cpu = 00:00:00 ; elapsed = 00:00:00.065 . Memory (MB): peak = 2424.332 ; gain = 0.000

Phase 2.3 Timing Data Collection
Phase 2.3 Timing Data Collection | Checksum: 262fd7bb7

Time (s): cpu = 00:00:00 ; elapsed = 00:00:00.068 . Memory (MB): peak = 2424.332 ; gain = 0.000
Phase 2 Timer Update And Timing Data Collection | Checksum: 262fd7bb7

Time (s): cpu = 00:00:00 ; elapsed = 00:00:00.070 . Memory (MB): peak = 2424.332 ; gain = 0.000

Phase 3 Retarget
INFO: [Opt 31-1851] Number of loadless carry chains removed were: 0
INFO: [Opt 31-1834] Total Chains To Be Transformed Were: 0 AND Number of Transformed insts Created are: 0
INFO: [Opt 31-138] Pushed 1 inverter(s) to 1 load pin(s).
INFO: [Opt 31-49] Retargeted 0 cell(s).
Phase 3 Retarget | Checksum: 175ba46d5

Time (s): cpu = 00:00:00 ; elapsed = 00:00:00.114 . Memory (MB): peak = 2424.332 ; gain = 0.000
Retarget | Checksum: 175ba46d5
INFO: [Opt 31-389] Phase Retarget created 0 cells and removed 0 cells
INFO: [Opt 31-1021] In phase Retarget, 65 netlist objects are constrained preventing optimization. Please run opt_design with -debug_log to get more detail. 

Phase 4 Constant propagation
INFO: [Opt 31-138] Pushed 0 inverter(s) to 0 load pin(s).
Phase 4 Constant propagation | Checksum: 2419fcf31

Time (s): cpu = 00:00:00 ; elapsed = 00:00:00.141 . Memory (MB): peak = 2424.332 ; gain = 0.000
Constant propagation | Checksum: 2419fcf31
INFO: [Opt 31-389] Phase Constant propagation created 0 cells and removed 0 cells
INFO: [Opt 31-1021] In phase Constant propagation, 64 netlist objects are constrained preventing optimization. Please run opt_design with -debug_log to get more detail. 

Phase 5 Sweep
INFO: [Constraints 18-11670] Building netlist checker database with flags, 0x8
Done building netlist checker database: Time (s): cpu = 00:00:00 ; elapsed = 00:00:00 . Memory (MB): peak = 2424.332 ; gain = 0.000
Phase 5 Sweep | Checksum: 23928d4f1

Time (s): cpu = 00:00:00 ; elapsed = 00:00:00.171 . Memory (MB): peak = 2424.332 ; gain = 0.000
Sweep | Checksum: 23928d4f1
INFO: [Opt 31-389] Phase Sweep created 0 cells and removed 0 cells
INFO: [Opt 31-1021] In phase Sweep, 64 netlist objects are constrained preventing optimization. Please run opt_design with -debug_log to get more detail. 

Phase 6 BUFG optimization
Phase 6 BUFG optimization | Checksum: 23928d4f1

Time (s): cpu = 00:00:00 ; elapsed = 00:00:00.211 . Memory (MB): peak = 2424.332 ; gain = 0.000
BUFG optimization | Checksum: 23928d4f1
INFO: [Opt 31-662] Phase BUFG optimization created 0 cells of which 0 are BUFGs and removed 0 cells.

Phase 7 Shift Register Optimization
INFO: [Opt 31-1064] SRL Remap converted 0 SRLs to 0 registers and converted 0 registers of register chains to 0 SRLs
Phase 7 Shift Register Optimization | Checksum: 23928d4f1

Time (s): cpu = 00:00:00 ; elapsed = 00:00:00.217 . Memory (MB): peak = 2424.332 ; gain = 0.000
Shift Register Optimization | Checksum: 23928d4f1
INFO: [Opt 31-389] Phase Shift Register Optimization created 0 cells and removed 0 cells

Phase 8 Post Processing Netlist
Phase 8 Post Processing Netlist | Checksum: 23928d4f1

Time (s): cpu = 00:00:00 ; elapsed = 00:00:00.228 . Memory (MB): peak = 2424.332 ; gain = 0.000
Post Processing Netlist | Checksum: 23928d4f1
INFO: [Opt 31-389] Phase Post Processing Netlist created 0 cells and removed 0 cells
INFO: [Opt 31-1021] In phase Post Processing Netlist, 64 netlist objects are constrained preventing optimization. Please run opt_design with -debug_log to get more detail. 

Phase 9 Finalization

Phase 9.1 Finalizing Design Cores and Updating Shapes
Phase 9.1 Finalizing Design Cores and Updating Shapes | Checksum: 291533a07

Time (s): cpu = 00:00:00 ; elapsed = 00:00:00.313 . Memory (MB): peak = 2424.332 ; gain = 0.000

Phase 9.2 Verifying Netlist Connectivity

Starting Connectivity Check Task

Time (s): cpu = 00:00:00 ; elapsed = 00:00:00.003 . Memory (MB): peak = 2424.332 ; gain = 0.000
Phase 9.2 Verifying Netlist Connectivity | Checksum: 291533a07

Time (s): cpu = 00:00:00 ; elapsed = 00:00:00.318 . Memory (MB): peak = 2424.332 ; gain = 0.000
Phase 9 Finalization | Checksum: 291533a07

Time (s): cpu = 00:00:00 ; elapsed = 00:00:00.320 . Memory (MB): peak = 2424.332 ; gain = 0.000
Opt_design Change Summary
=========================


-------------------------------------------------------------------------------------------------------------------------
|  Phase                        |  #Cells created  |  #Cells Removed  |  #Constrained objects preventing optimizations  |
-------------------------------------------------------------------------------------------------------------------------
|  Retarget                     |               0  |               0  |                                             65  |
|  Constant propagation         |               0  |               0  |                                             64  |
|  Sweep                        |               0  |               0  |                                             64  |
|  BUFG optimization            |               0  |               0  |                                              0  |
|  Shift Register Optimization  |               0  |               0  |                                              0  |
|  Post Processing Netlist      |               0  |               0  |                                             64  |
-------------------------------------------------------------------------------------------------------------------------


Ending Logic Optimization Task | Checksum: 291533a07

Time (s): cpu = 00:00:00 ; elapsed = 00:00:00.322 . Memory (MB): peak = 2424.332 ; gain = 0.000

Starting Power Optimization Task
INFO: [Pwropt 34-132] Skipping clock gating for clocks with a period < 2.00 ns.
Ending Power Optimization Task | Checksum: 291533a07

Time (s): cpu = 00:00:00 ; elapsed = 00:00:00.003 . Memory (MB): peak = 2424.332 ; gain = 0.000

Starting Final Cleanup Task
Ending Final Cleanup Task | Checksum: 291533a07

Time (s): cpu = 00:00:00 ; elapsed = 00:00:00.001 . Memory (MB): peak = 2424.332 ; gain = 0.000
Netlist sorting complete. Time (s): cpu = 00:00:00 ; elapsed = 00:00:00 . Memory (MB): peak = 2424.332 ; gain = 0.000
INFO: [Common 17-83] Releasing license: Implementation
62 Infos, 18 Warnings, 0 Critical Warnings and 0 Errors encountered.
opt_design completed successfully
opt_design: Time (s): cpu = 00:00:07 ; elapsed = 00:00:07 . Memory (MB): peak = 2424.332 ; gain = 0.000
Command: place_design
Attempting to get a license for feature 'Implementation' and/or device 'xc7z010'
INFO: [Common 17-349] Got license for feature 'Implementation' and/or device 'xc7z010'
INFO: [Common 17-83] Releasing license: Implementation
INFO: [DRC 23-27] Running DRC with 4 threads
INFO: [Vivado_Tcl 4-198] DRC finished with 0 Errors
INFO: [Vivado_Tcl 4-199] Please refer to the DRC report (report_drc) for more information.
INFO: [Timing 38-35] Done setting XDC timing constraints.
Running DRC as a precondition to command place_design
INFO: [DRC 23-27] Running DRC with 4 threads
ERROR: [DRC PLIO-9] Placement Constraints Check for IO constraints: The following clock source has been LOCed to a N-Type CCIO : sync_clk
For a single-ended input in a CCIO pair, only the P-side can be used to drive a clock buffer.
Recommendation: Change the port assignment to ensure that the clock buffer is driven by a valid port.
INFO: [Vivado_Tcl 4-198] DRC finished with 1 Errors
INFO: [Vivado_Tcl 4-199] Please refer to the DRC report (report_drc) for more information.
ERROR: [Vivado_Tcl 4-23] Error(s) found during DRC. Placer not run.
71 Infos, 18 Warnings, 0 Critical Warnings and 2 Errors encountered.
place_design failed
BUILD_ERROR ebaz_slave ERROR: [Common 17-39] 'place_design' failed due to earlier errors.

# close $result
# exit
INFO: [Common 17-206] Exiting Vivado at Tue Sep 29 23:34:14 2026...
